id,gamePk,gameDate,status,awayTeam,awayShort,homeTeam,homeShort,awayScore,homeScore,venue,officialDate,displayTime
mlb-831475,831475,2026-03-01,SCHEDULED,Miami Marlins,MIA,Washington Nationals,WSH,0,0,CACTI Park of the Palm Beaches,2026-03-01T18:05:00Z,2026-03-01T18:05:00Z
mlb-831477,831477,2026-03-01,SCHEDULED,Pittsburgh Pirates,PIT,St. Louis Cardinals,STL,0,0,Roger Dean Chevrolet Stadium,2026-03-01T18:05:00Z,2026-03-01T18:05:00Z
mlb-831531,831531,2026-03-01,SCHEDULED,Atlanta Braves,ATL,Minnesota Twins,MIN,0,0,Lee Health Sports Complex,2026-03-01T18:05:00Z,2026-03-01T18:05:00Z
mlb-831578,831578,2026-03-01,SCHEDULED,New York Yankees,NYY,Philadelphia Phillies,PHI,0,0,BayCare Ballpark,2026-03-01T18:05:00Z,2026-03-01T18:05:00Z
mlb-831585,831585,2026-03-01,SCHEDULED,Tampa Bay Rays,TB,Atlanta Braves,ATL,0,0,CoolToday Park,2026-03-01T18:05:00Z,2026-03-01T18:05:00Z
mlb-831638,831638,2026-03-01,SCHEDULED,Baltimore Orioles,BAL,Boston Red Sox,BOS,0,0,JetBlue Park,2026-03-01T18:05:00Z,2026-03-01T18:05:00Z
mlb-831639,831639,2026-03-01,SCHEDULED,Toronto Blue Jays,TOR,Detroit Tigers,DET,0,0,Publix Field at Joker Marchant Stadium,2026-03-01T18:05:00Z,2026-03-01T18:05:00Z
mlb-831579,831579,2026-03-01,SCHEDULED,Houston Astros,HOU,New York Mets,NYM,0,0,Clover Park,2026-03-01T18:10:00Z,2026-03-01T18:10:00Z
mlb-831768,831768,2026-03-01,SCHEDULED,San Diego Padres,SD,San Francisco Giants,SF,0,0,Scottsdale Stadium,2026-03-01T20:05:00Z,2026-03-01T20:05:00Z
mlb-831794,831794,2026-03-01,SCHEDULED,Milwaukee Brewers,MIL,Kansas City Royals,KC,0,0,Surprise Stadium,2026-03-01T20:05:00Z,2026-03-01T20:05:00Z
mlb-831827,831827,2026-03-01,SCHEDULED,Los Angeles Angels,LAA,Los Angeles Dodgers,LAD,0,0,Camelback Ranch,2026-03-01T20:05:00Z,2026-03-01T20:05:00Z
mlb-831867,831867,2026-03-01,SCHEDULED,Colorado Rockies,COL,Cleveland Guardians,CLE,0,0,Goodyear Ballpark,2026-03-01T20:05:00Z,2026-03-01T20:05:00Z
mlb-831899,831899,2026-03-01,SCHEDULED,Cincinnati Reds,CIN,Athletics,ATH,0,0,Hohokam Stadium,2026-03-01T20:05:00Z,2026-03-01T20:05:00Z
mlb-831914,831914,2026-03-01,SCHEDULED,Chicago White Sox,CWS,Chicago Cubs,CHC,0,0,Sloan Park,2026-03-01T20:05:00Z,2026-03-01T20:05:00Z
mlb-831721,831721,2026-03-01,SCHEDULED,Texas Rangers,TEX,Seattle Mariners,SEA,0,0,Peoria Stadium,2026-03-01T20:10:00Z,2026-03-01T20:10:00Z
mlb-831888,831888,2026-03-01,SCHEDULED,Cleveland Guardians,CLE,Arizona Diamondbacks,ARI,0,0,Salt River Fields at Talking Stick,2026-03-01T20:10:00Z,2026-03-01T20:10:00Z
mlb-831476,831476,2026-03-02,SCHEDULED,Miami Marlins,MIA,St. Louis Cardinals,STL,0,0,Roger Dean Chevrolet Stadium,2026-03-02T18:05:00Z,2026-03-02T18:05:00Z
mlb-831527,831527,2026-03-02,SCHEDULED,Atlanta Braves,ATL,Detroit Tigers,DET,0,0,Publix Field at Joker Marchant Stadium,2026-03-02T18:05:00Z,2026-03-02T18:05:00Z
mlb-831529,831529,2026-03-02,SCHEDULED,Washington Nationals,WSH,Houston Astros,HOU,0,0,CACTI Park of the Palm Beaches,2026-03-02T18:05:00Z,2026-03-02T18:05:00Z
mlb-831577,831577,2026-03-02,SCHEDULED,Tampa Bay Rays,TB,Pittsburgh Pirates,PIT,0,0,LECOM Park,2026-03-02T18:05:00Z,2026-03-02T18:05:00Z
mlb-831640,831640,2026-03-02,SCHEDULED,Boston Red Sox,BOS,Toronto Blue Jays,TOR,0,0,TD Ballpark,2026-03-02T18:07:00Z,2026-03-02T18:07:00Z
mlb-831760,831760,2026-03-02,SCHEDULED,San Francisco Giants,SF,Chicago White Sox,CWS,0,0,Camelback Ranch,2026-03-02T20:05:00Z,2026-03-02T20:05:00Z
mlb-831874,831874,2026-03-02,SCHEDULED,Cleveland Guardians,CLE,Texas Rangers,TEX,0,0,Surprise Stadium,2026-03-02T20:05:00Z,2026-03-02T20:05:00Z
mlb-831930,831930,2026-03-02,SCHEDULED,Chicago Cubs,CHC,Cincinnati Reds,CIN,0,0,Goodyear Ballpark,2026-03-02T20:05:00Z,2026-03-02T20:05:00Z
mlb-831808,831808,2026-03-02,SCHEDULED,Los Angeles Dodgers,LAD,Colorado Rockies,COL,0,0,Salt River Fields at Talking Stick,2026-03-02T20:10:00Z,2026-03-02T20:10:00Z
mlb-831840,831840,2026-03-02,SCHEDULED,Kansas City Royals,KC,Los Angeles Angels,LAA,0,0,Tempe Diablo Stadium,2026-03-02T20:10:00Z,2026-03-02T20:10:00Z
mlb-831934,831934,2026-03-02,SCHEDULED,Athletics,ATH,San Diego Padres,SD,0,0,Peoria Stadium,2026-03-02T20:10:00Z,2026-03-02T20:10:00Z
mlb-831532,831532,2026-03-03,SCHEDULED,Philadelphia Phillies,PHI,Tampa Bay Rays,TB,0,0,Charlotte Sports Park,2026-03-03T18:05:00Z,2026-03-03T18:05:00Z
mlb-831641,831641,2026-03-03,SCHEDULED,Tampa Bay Rays,TB,Minnesota Twins,MIN,0,0,Lee Health Sports Complex,2026-03-03T18:05:00Z,2026-03-03T18:05:00Z
mlb-831772,831772,2026-03-03,SCHEDULED,San Diego Padres,SD,Chicago White Sox,CWS,0,0,Camelback Ranch,2026-03-03T20:05:00Z,2026-03-03T20:05:00Z
mlb-831811,831811,2026-03-03,SCHEDULED,Los Angeles Dodgers,LAD,Cleveland Guardians,CLE,0,0,Goodyear Ballpark,2026-03-03T20:05:00Z,2026-03-03T20:05:00Z
mlb-831817,831817,2026-03-03,SCHEDULED,Los Angeles Angels,LAA,Seattle Mariners,SEA,0,0,Peoria Stadium,2026-03-03T20:10:00Z,2026-03-03T20:10:00Z
mlb-831634,831634,2026-03-04,SCHEDULED,New York Yankees,NYY,Boston Red Sox,BOS,0,0,JetBlue Park,2026-03-04T18:05:00Z,2026-03-04T18:05:00Z
mlb-831642,831642,2026-03-04,SCHEDULED,Houston Astros,HOU,Baltimore Orioles,BAL,0,0,Ed Smith Stadium,2026-03-04T18:05:00Z,2026-03-04T18:05:00Z
mlb-831963,831963,2026-03-04,SCHEDULED,Arizona Diamondbacks,ARI,Athletics,ATH,0,0,Hohokam Stadium,2026-03-04T20:05:00Z,2026-03-04T20:05:00Z
mlb-831929,831929,2026-03-04,SCHEDULED,Chicago Cubs,CHC,Milwaukee Brewers,MIL,0,0,American Family Fields of Phoenix,2026-03-04T20:10:00Z,2026-03-04T20:10:00Z
mlb-831739,831739,2026-03-04,SCHEDULED,Seattle Mariners,SEA,San Francisco Giants,SF,0,0,Scottsdale Stadium,2026-03-05T02:05:00Z,2026-03-05T02:05:00Z
mlb-831478,831478,2026-03-05,SCHEDULED,St. Louis Cardinals,STL,Pittsburgh Pirates,PIT,0,0,LECOM Park,2026-03-05T18:05:00Z,2026-03-05T18:05:00Z
mlb-831479,831479,2026-03-05,SCHEDULED,New York Mets,NYM,Washington Nationals,WSH,0,0,CACTI Park of the Palm Beaches,2026-03-05T18:05:00Z,2026-03-05T18:05:00Z
mlb-831581,831581,2026-03-05,SCHEDULED,Boston Red Sox,BOS,Philadelphia Phillies,PHI,0,0,BayCare Ballpark,2026-03-05T18:05:00Z,2026-03-05T18:05:00Z
mlb-831583,831583,2026-03-05,SCHEDULED,Toronto Blue Jays,TOR,Atlanta Braves,ATL,0,0,CoolToday Park,2026-03-05T18:05:00Z,2026-03-05T18:05:00Z
mlb-831632,831632,2026-03-05,SCHEDULED,Minnesota Twins,MIN,New York Yankees,NYY,0,0,George M. Steinbrenner Field,2026-03-05T18:05:00Z,2026-03-05T18:05:00Z
mlb-831633,831633,2026-03-05,SCHEDULED,Baltimore Orioles,BAL,Tampa Bay Rays,TB,0,0,Charlotte Sports Park,2026-03-05T18:05:00Z,2026-03-05T18:05:00Z
mlb-831582,831582,2026-03-05,SCHEDULED,Houston Astros,HOU,Miami Marlins,MIA,0,0,Roger Dean Chevrolet Stadium,2026-03-05T18:10:00Z,2026-03-05T18:10:00Z
mlb-831810,831810,2026-03-05,SCHEDULED,Los Angeles Dodgers,LAD,Cincinnati Reds,CIN,0,0,Goodyear Ballpark,2026-03-05T20:05:00Z,2026-03-05T20:05:00Z
mlb-831961,831961,2026-03-05,SCHEDULED,Arizona Diamondbacks,ARI,Chicago Cubs,CHC,0,0,Sloan Park,2026-03-05T20:05:00Z,2026-03-05T20:05:00Z
mlb-831765,831765,2026-03-05,SCHEDULED,San Diego Padres,SD,Seattle Mariners,SEA,0,0,Peoria Stadium,2026-03-05T20:10:00Z,2026-03-05T20:10:00Z
mlb-831792,831792,2026-03-05,SCHEDULED,Milwaukee Brewers,MIL,Colorado Rockies,COL,0,0,Salt River Fields at Talking Stick,2026-03-05T20:10:00Z,2026-03-05T20:10:00Z
mlb-831941,831941,2026-03-05,SCHEDULED,Athletics,ATH,Los Angeles Angels,LAA,0,0,Tempe Diablo Stadium,2026-03-05T20:10:00Z,2026-03-05T20:10:00Z
mlb-831733,831733,2026-03-05,SCHEDULED,Texas Rangers,TEX,Kansas City Royals,KC,0,0,Surprise Stadium,2026-03-06T01:05:00Z,2026-03-06T01:05:00Z
mlb-831880,831880,2026-03-05,SCHEDULED,Cleveland Guardians,CLE,Chicago White Sox,CWS,0,0,Camelback Ranch,2026-03-06T01:05:00Z,2026-03-06T01:05:00Z
mlb-831470,831470,2026-03-06,SCHEDULED,Philadelphia Phillies,PHI,Pittsburgh Pirates,PIT,0,0,LECOM Park,2026-03-06T18:05:00Z,2026-03-06T18:05:00Z
mlb-831519,831519,2026-03-06,SCHEDULED,St. Louis Cardinals,STL,Baltimore Orioles,BAL,0,0,Ed Smith Stadium,2026-03-06T18:05:00Z,2026-03-06T18:05:00Z
mlb-831524,831524,2026-03-06,SCHEDULED,Washington Nationals,WSH,Houston Astros,HOU,0,0,CACTI Park of the Palm Beaches,2026-03-06T18:05:00Z,2026-03-06T18:05:00Z
mlb-831631,831631,2026-03-06,SCHEDULED,Boston Red Sox,BOS,Detroit Tigers,DET,0,0,Publix Field at Joker Marchant Stadium,2026-03-06T18:05:00Z,2026-03-06T18:05:00Z
mlb-831525,831525,2026-03-06,SCHEDULED,Pittsburgh Pirates,PIT,Toronto Blue Jays,TOR,0,0,TD Ballpark,2026-03-06T18:07:00Z,2026-03-06T18:07:00Z
mlb-831737,831737,2026-03-06,SCHEDULED,Seattle Mariners,SEA,Texas Rangers,TEX,0,0,Surprise Stadium,2026-03-06T20:05:00Z,2026-03-06T20:05:00Z
mlb-831826,831826,2026-03-06,SCHEDULED,Los Angeles Angels,LAA,Cleveland Guardians,CLE,0,0,Goodyear Ballpark,2026-03-06T20:05:00Z,2026-03-06T20:05:00Z
mlb-831871,831871,2026-03-06,SCHEDULED,Colorado Rockies,COL,Athletics,ATH,0,0,Hohokam Stadium,2026-03-06T20:05:00Z,2026-03-06T20:05:00Z
mlb-831889,831889,2026-03-06,SCHEDULED,Cincinnati Reds,CIN,San Francisco Giants,SF,0,0,Scottsdale Stadium,2026-03-06T20:05:00Z,2026-03-06T20:05:00Z
mlb-831919,831919,2026-03-06,SCHEDULED,Chicago White Sox,CWS,Arizona Diamondbacks,ARI,0,0,Salt River Fields at Talking Stick,2026-03-06T20:10:00Z,2026-03-06T20:10:00Z
mlb-831954,831954,2026-03-06,SCHEDULED,Arizona Diamondbacks,ARI,Milwaukee Brewers,MIL,0,0,American Family Fields of Phoenix,2026-03-06T20:10:00Z,2026-03-06T20:10:00Z
mlb-831521,831521,2026-03-06,SCHEDULED,Atlanta Braves,ATL,Minnesota Twins,MIN,0,0,Lee Health Sports Complex,2026-03-06T23:05:00Z,2026-03-06T23:05:00Z
mlb-831624,831624,2026-03-06,SCHEDULED,Tampa Bay Rays,TB,New York Yankees,NYY,0,0,George M. Steinbrenner Field,2026-03-06T23:35:00Z,2026-03-06T23:35:00Z
mlb-831480,831480,2026-03-06,SCHEDULED,New York Mets,NYM,Miami Marlins,MIA,0,0,Roger Dean Chevrolet Stadium,2026-03-07T00:10:00Z,2026-03-07T00:10:00Z
mlb-831842,831842,2026-03-06,SCHEDULED,Kansas City Royals,KC,Los Angeles Dodgers,LAD,0,0,Camelback Ranch,2026-03-07T01:05:00Z,2026-03-07T01:05:00Z
mlb-831921,831921,2026-03-06,SCHEDULED,Chicago Cubs,CHC,San Diego Padres,SD,0,0,Peoria Stadium,2026-03-07T01:10:00Z,2026-03-07T01:10:00Z
mlb-831523,831523,2026-03-07,SCHEDULED,Miami Marlins,MIA,Houston Astros,HOU,0,0,CACTI Park of the Palm Beaches,2026-03-07T17:05:00Z,2026-03-07T17:05:00Z
mlb-831469,831469,2026-03-07,SCHEDULED,New York Mets,NYM,St. Louis Cardinals,STL,0,0,Roger Dean Chevrolet Stadium,2026-03-07T18:05:00Z,2026-03-07T18:05:00Z
mlb-831518,831518,2026-03-07,SCHEDULED,Pittsburgh Pirates,PIT,Detroit Tigers,DET,0,0,Publix Field at Joker Marchant Stadium,2026-03-07T18:05:00Z,2026-03-07T18:05:00Z
mlb-831576,831576,2026-03-07,SCHEDULED,Toronto Blue Jays,TOR,Philadelphia Phillies,PHI,0,0,BayCare Ballpark,2026-03-07T18:05:00Z,2026-03-07T18:05:00Z
mlb-831580,831580,2026-03-07,SCHEDULED,Baltimore Orioles,BAL,Atlanta Braves,ATL,0,0,CoolToday Park,2026-03-07T18:05:00Z,2026-03-07T18:05:00Z
mlb-831629,831629,2026-03-07,SCHEDULED,Tampa Bay Rays,TB,Boston Red Sox,BOS,0,0,JetBlue Park,2026-03-07T18:05:00Z,2026-03-07T18:05:00Z
mlb-831630,831630,2026-03-07,SCHEDULED,Minnesota Twins,MIN,Baltimore Orioles,BAL,0,0,Ed Smith Stadium,2026-03-07T18:05:00Z,2026-03-07T18:05:00Z
mlb-831726,831726,2026-03-07,SCHEDULED,Texas Rangers,TEX,San Francisco Giants,SF,0,0,Scottsdale Stadium,2026-03-07T20:05:00Z,2026-03-07T20:05:00Z
mlb-831774,831774,2026-03-07,SCHEDULED,San Diego Padres,SD,Cleveland Guardians,CLE,0,0,Goodyear Ballpark,2026-03-07T20:05:00Z,2026-03-07T20:05:00Z
mlb-831897,831897,2026-03-07,SCHEDULED,Cincinnati Reds,CIN,Kansas City Royals,KC,0,0,Surprise Stadium,2026-03-07T20:05:00Z,2026-03-07T20:05:00Z
mlb-831949,831949,2026-03-07,SCHEDULED,Athletics,ATH,Chicago Cubs,CHC,0,0,Sloan Park,2026-03-07T20:05:00Z,2026-03-07T20:05:00Z
mlb-831795,831795,2026-03-07,SCHEDULED,Milwaukee Brewers,MIL,Los Angeles Angels,LAA,0,0,Tempe Diablo Stadium,2026-03-07T20:10:00Z,2026-03-07T20:10:00Z
mlb-831904,831904,2026-03-07,SCHEDULED,Chicago White Sox,CWS,Seattle Mariners,SEA,0,0,Peoria Stadium,2026-03-07T20:10:00Z,2026-03-07T20:10:00Z
mlb-832862,832862,2026-03-07,SCHEDULED,San Francisco Giants,SF,Arizona Diamondbacks,ARI,0,0,Salt River Fields at Talking Stick,2026-03-07T20:10:00Z,2026-03-07T20:10:00Z
mlb-831828,831828,2026-03-07,SCHEDULED,Los Angeles Angels,LAA,Athletics,ATH,0,0,Las Vegas Ballpark,2026-03-07T21:05:00Z,2026-03-07T21:05:00Z
mlb-831568,831568,2026-03-07,SCHEDULED,New York Yankees,NYY,Washington Nationals,WSH,0,0,CACTI Park of the Palm Beaches,2026-03-07T23:05:00Z,2026-03-07T23:05:00Z
mlb-831863,831863,2026-03-07,SCHEDULED,Colorado Rockies,COL,Los Angeles Dodgers,LAD,0,0,Camelback Ranch,2026-03-08T01:05:00Z,2026-03-08T01:05:00Z
mlb-831520,831520,2026-03-08,SCHEDULED,Atlanta Braves,ATL,Tampa Bay Rays,TB,0,0,Charlotte Sports Park,2026-03-08T17:05:00Z,2026-03-08T17:05:00Z
mlb-831522,831522,2026-03-08,SCHEDULED,Philadelphia Phillies,PHI,Minnesota Twins,MIN,0,0,Lee Health Sports Complex,2026-03-08T17:05:00Z,2026-03-08T17:05:00Z
mlb-831571,831571,2026-03-08,SCHEDULED,Boston Red Sox,BOS,Pittsburgh Pirates,PIT,0,0,LECOM Park,2026-03-08T17:05:00Z,2026-03-08T17:05:00Z
mlb-831572,831572,2026-03-08,SCHEDULED,Houston Astros,HOU,Washington Nationals,WSH,0,0,CACTI Park of the Palm Beaches,2026-03-08T17:05:00Z,2026-03-08T17:05:00Z
mlb-831628,831628,2026-03-08,SCHEDULED,Toronto Blue Jays,TOR,Baltimore Orioles,BAL,0,0,Ed Smith Stadium,2026-03-08T17:05:00Z,2026-03-08T17:05:00Z
mlb-831627,831627,2026-03-08,SCHEDULED,Detroit Tigers,DET,Toronto Blue Jays,TOR,0,0,TD Ballpark,2026-03-08T17:07:00Z,2026-03-08T17:07:00Z
mlb-831467,831467,2026-03-08,SCHEDULED,St. Louis Cardinals,STL,Miami Marlins,MIA,0,0,Roger Dean Chevrolet Stadium,2026-03-08T17:10:00Z,2026-03-08T17:10:00Z
mlb-831575,831575,2026-03-08,SCHEDULED,New York Yankees,NYY,New York Mets,NYM,0,0,Clover Park,2026-03-08T17:10:00Z,2026-03-08T17:10:00Z
mlb-831757,831757,2026-03-08,SCHEDULED,San Francisco Giants,SF,Chicago Cubs,CHC,0,0,Sloan Park,2026-03-08T20:05:00Z,2026-03-08T20:05:00Z
mlb-831812,831812,2026-03-08,SCHEDULED,Los Angeles Dodgers,LAD,Athletics,ATH,0,0,Hohokam Stadium,2026-03-08T20:05:00Z,2026-03-08T20:05:00Z
mlb-831813,831813,2026-03-08,SCHEDULED,Los Angeles Angels,LAA,Texas Rangers,TEX,0,0,Surprise Stadium,2026-03-08T20:05:00Z,2026-03-08T20:05:00Z
mlb-831832,831832,2026-03-08,SCHEDULED,Los Angeles Angels,LAA,Athletics,ATH,0,0,Las Vegas Ballpark,2026-03-08T20:05:00Z,2026-03-08T20:05:00Z
mlb-831848,831848,2026-03-08,SCHEDULED,Kansas City Royals,KC,Chicago White Sox,CWS,0,0,Camelback Ranch,2026-03-08T20:05:00Z,2026-03-08T20:05:00Z
mlb-831960,831960,2026-03-08,SCHEDULED,Arizona Diamondbacks,ARI,Cincinnati Reds,CIN,0,0,Goodyear Ballpark,2026-03-08T20:05:00Z,2026-03-08T20:05:00Z
mlb-831740,831740,2026-03-08,SCHEDULED,Seattle Mariners,SEA,Milwaukee Brewers,MIL,0,0,American Family Fields of Phoenix,2026-03-08T20:10:00Z,2026-03-08T20:10:00Z
mlb-831882,831882,2026-03-08,SCHEDULED,Cleveland Guardians,CLE,Colorado Rockies,COL,0,0,Salt River Fields at Talking Stick,2026-03-08T20:10:00Z,2026-03-08T20:10:00Z
mlb-831892,831892,2026-03-08,SCHEDULED,Cincinnati Reds,CIN,San Diego Padres,SD,0,0,Peoria Stadium,2026-03-08T20:10:00Z,2026-03-08T20:10:00Z
mlb-831515,831515,2026-03-09,SCHEDULED,Philadelphia Phillies,PHI,Boston Red Sox,BOS,0,0,JetBlue Park,2026-03-09T17:05:00Z,2026-03-09T17:05:00Z
mlb-831516,831516,2026-03-09,SCHEDULED,St. Louis Cardinals,STL,Houston Astros,HOU,0,0,CACTI Park of the Palm Beaches,2026-03-09T17:05:00Z,2026-03-09T17:05:00Z
mlb-831569,831569,2026-03-09,SCHEDULED,Minnesota Twins,MIN,Atlanta Braves,ATL,0,0,CoolToday Park,2026-03-09T17:05:00Z,2026-03-09T17:05:00Z
mlb-831570,831570,2026-03-09,SCHEDULED,Baltimore Orioles,BAL,St. Louis Cardinals,STL,0,0,Roger Dean Chevrolet Stadium,2026-03-09T17:05:00Z,2026-03-09T17:05:00Z
mlb-831626,831626,2026-03-09,SCHEDULED,Tampa Bay Rays,TB,Detroit Tigers,DET,0,0,Publix Field at Joker Marchant Stadium,2026-03-09T17:05:00Z,2026-03-09T17:05:00Z
mlb-831816,831816,2026-03-09,SCHEDULED,Los Angeles Angels,LAA,San Francisco Giants,SF,0,0,Scottsdale Stadium,2026-03-09T20:05:00Z,2026-03-09T20:05:00Z
mlb-831865,831865,2026-03-09,SCHEDULED,Colorado Rockies,COL,Chicago White Sox,CWS,0,0,Camelback Ranch,2026-03-09T20:05:00Z,2026-03-09T20:05:00Z
mlb-831881,831881,2026-03-09,SCHEDULED,Cleveland Guardians,CLE,Kansas City Royals,KC,0,0,Surprise Stadium,2026-03-09T20:05:00Z,2026-03-09T20:05:00Z
mlb-831943,831943,2026-03-09,SCHEDULED,Athletics,ATH,Cincinnati Reds,CIN,0,0,Goodyear Ballpark,2026-03-09T20:05:00Z,2026-03-09T20:05:00Z
mlb-831725,831725,2026-03-09,SCHEDULED,Texas Rangers,TEX,San Diego Padres,SD,0,0,Peoria Stadium,2026-03-09T20:10:00Z,2026-03-09T20:10:00Z
mlb-831748,831748,2026-03-09,SCHEDULED,Seattle Mariners,SEA,Arizona Diamondbacks,ARI,0,0,Salt River Fields at Talking Stick,2026-03-09T20:10:00Z,2026-03-09T20:10:00Z
mlb-831802,831802,2026-03-09,SCHEDULED,Los Angeles Dodgers,LAD,Milwaukee Brewers,MIL,0,0,American Family Fields of Phoenix,2026-03-09T20:10:00Z,2026-03-09T20:10:00Z
mlb-831468,831468,2026-03-09,SCHEDULED,Miami Marlins,MIA,New York Mets,NYM,0,0,Clover Park,2026-03-09T22:10:00Z,2026-03-09T22:10:00Z
mlb-831517,831517,2026-03-09,SCHEDULED,Pittsburgh Pirates,PIT,New York Yankees,NYY,0,0,George M. Steinbrenner Field,2026-03-09T22:35:00Z,2026-03-09T22:35:00Z
mlb-831573,831573,2026-03-10,SCHEDULED,New York Yankees,NYY,Philadelphia Phillies,PHI,0,0,BayCare Ballpark,2026-03-10T17:05:00Z,2026-03-10T17:05:00Z
mlb-831617,831617,2026-03-10,SCHEDULED,Baltimore Orioles,BAL,Houston Astros,HOU,0,0,CACTI Park of the Palm Beaches,2026-03-10T17:05:00Z,2026-03-10T17:05:00Z
mlb-831618,831618,2026-03-10,SCHEDULED,Minnesota Twins,MIN,Tampa Bay Rays,TB,0,0,Charlotte Sports Park,2026-03-10T17:05:00Z,2026-03-10T17:05:00Z
mlb-831625,831625,2026-03-10,SCHEDULED,Detroit Tigers,DET,Boston Red Sox,BOS,0,0,JetBlue Park,2026-03-10T17:05:00Z,2026-03-10T17:05:00Z
mlb-831513,831513,2026-03-10,SCHEDULED,Atlanta Braves,ATL,Toronto Blue Jays,TOR,0,0,TD Ballpark,2026-03-10T17:07:00Z,2026-03-10T17:07:00Z
mlb-831471,831471,2026-03-10,SCHEDULED,Washington Nationals,WSH,Miami Marlins,MIA,0,0,Roger Dean Chevrolet Stadium,2026-03-10T17:10:00Z,2026-03-10T17:10:00Z
mlb-831473,831473,2026-03-10,SCHEDULED,St. Louis Cardinals,STL,New York Mets,NYM,0,0,Clover Park,2026-03-10T17:10:00Z,2026-03-10T17:10:00Z
mlb-831758,831758,2026-03-10,SCHEDULED,San Francisco Giants,SF,Cleveland Guardians,CLE,0,0,Goodyear Ballpark,2026-03-10T20:05:00Z,2026-03-10T20:05:00Z
mlb-831918,831918,2026-03-10,SCHEDULED,Chicago White Sox,CWS,Athletics,ATH,0,0,Hohokam Stadium,2026-03-10T20:05:00Z,2026-03-10T20:05:00Z
mlb-831920,831920,2026-03-10,SCHEDULED,Chicago Cubs,CHC,Texas Rangers,TEX,0,0,Surprise Stadium,2026-03-10T20:05:00Z,2026-03-10T20:05:00Z
mlb-831956,831956,2026-03-10,SCHEDULED,Arizona Diamondbacks,ARI,Los Angeles Dodgers,LAD,0,0,Camelback Ranch,2026-03-10T20:05:00Z,2026-03-10T20:05:00Z
mlb-831771,831771,2026-03-10,SCHEDULED,San Diego Padres,SD,Los Angeles Angels,LAA,0,0,Tempe Diablo Stadium,2026-03-10T20:10:00Z,2026-03-10T20:10:00Z
mlb-831836,831836,2026-03-10,SCHEDULED,Kansas City Royals,KC,Seattle Mariners,SEA,0,0,Peoria Stadium,2026-03-10T20:10:00Z,2026-03-10T20:10:00Z
mlb-831898,831898,2026-03-10,SCHEDULED,Cincinnati Reds,CIN,Colorado Rockies,COL,0,0,Salt River Fields at Talking Stick,2026-03-10T20:10:00Z,2026-03-10T20:10:00Z
mlb-831465,831465,2026-03-11,SCHEDULED,St. Louis Cardinals,STL,Washington Nationals,WSH,0,0,CACTI Park of the Palm Beaches,2026-03-11T17:05:00Z,2026-03-11T17:05:00Z
mlb-831507,831507,2026-03-11,SCHEDULED,Pittsburgh Pirates,PIT,Baltimore Orioles,BAL,0,0,Ed Smith Stadium,2026-03-11T17:05:00Z,2026-03-11T17:05:00Z
mlb-831574,831574,2026-03-11,SCHEDULED,Tampa Bay Rays,TB,Atlanta Braves,ATL,0,0,CoolToday Park,2026-03-11T17:05:00Z,2026-03-11T17:05:00Z
mlb-831619,831619,2026-03-11,SCHEDULED,Detroit Tigers,DET,Minnesota Twins,MIN,0,0,Lee Health Sports Complex,2026-03-11T17:05:00Z,2026-03-11T17:05:00Z
mlb-831561,831561,2026-03-11,SCHEDULED,Houston Astros,HOU,Miami Marlins,MIA,0,0,Roger Dean Chevrolet Stadium,2026-03-11T17:10:00Z,2026-03-11T17:10:00Z
mlb-831762,831762,2026-03-11,SCHEDULED,San Francisco Giants,SF,Kansas City Royals,KC,0,0,Surprise Stadium,2026-03-11T20:05:00Z,2026-03-11T20:05:00Z
mlb-831793,831793,2026-03-11,SCHEDULED,Milwaukee Brewers,MIL,Cincinnati Reds,CIN,0,0,Goodyear Ballpark,2026-03-11T20:05:00Z,2026-03-11T20:05:00Z
mlb-831824,831824,2026-03-11,SCHEDULED,Los Angeles Angels,LAA,Chicago White Sox,CWS,0,0,Camelback Ranch,2026-03-11T20:05:00Z,2026-03-11T20:05:00Z
mlb-831849,831849,2026-03-11,SCHEDULED,Kansas City Royals,KC,Chicago Cubs,CHC,0,0,Sloan Park,2026-03-11T20:05:00Z,2026-03-11T20:05:00Z
mlb-831861,831861,2026-03-11,SCHEDULED,Colorado Rockies,COL,Seattle Mariners,SEA,0,0,Peoria Stadium,2026-03-11T20:10:00Z,2026-03-11T20:10:00Z
mlb-831950,831950,2026-03-11,SCHEDULED,Athletics,ATH,Arizona Diamondbacks,ARI,0,0,Salt River Fields at Talking Stick,2026-03-11T20:10:00Z,2026-03-11T20:10:00Z
mlb-831620,831620,2026-03-11,SCHEDULED,Toronto Blue Jays,TOR,New York Yankees,NYY,0,0,George M. Steinbrenner Field,2026-03-11T22:35:00Z,2026-03-11T22:35:00Z
mlb-831472,831472,2026-03-12,SCHEDULED,New York Mets,NYM,St. Louis Cardinals,STL,0,0,Roger Dean Chevrolet Stadium,2026-03-12T17:05:00Z,2026-03-12T17:05:00Z
mlb-831564,831564,2026-03-12,SCHEDULED,Toronto Blue Jays,TOR,Philadelphia Phillies,PHI,0,0,BayCare Ballpark,2026-03-12T17:05:00Z,2026-03-12T17:05:00Z
mlb-831621,831621,2026-03-12,SCHEDULED,New York Yankees,NYY,Detroit Tigers,DET,0,0,Publix Field at Joker Marchant Stadium,2026-03-12T17:05:00Z,2026-03-12T17:05:00Z
mlb-831622,831622,2026-03-12,SCHEDULED,Boston Red Sox,BOS,Minnesota Twins,MIN,0,0,Lee Health Sports Complex,2026-03-12T17:05:00Z,2026-03-12T17:05:00Z
mlb-831754,831754,2026-03-12,SCHEDULED,Seattle Mariners,SEA,Chicago Cubs,CHC,0,0,Sloan Park,2026-03-12T20:05:00Z,2026-03-12T20:05:00Z
mlb-831936,831936,2026-03-12,SCHEDULED,Athletics,ATH,Texas Rangers,TEX,0,0,Surprise Stadium,2026-03-12T20:05:00Z,2026-03-12T20:05:00Z
mlb-831869,831869,2026-03-12,SCHEDULED,Colorado Rockies,COL,Arizona Diamondbacks,ARI,0,0,Salt River Fields at Talking Stick,2026-03-12T20:10:00Z,2026-03-12T20:10:00Z
mlb-831466,831466,2026-03-12,SCHEDULED,Atlanta Braves,ATL,Pittsburgh Pirates,PIT,0,0,LECOM Park,2026-03-12T22:05:00Z,2026-03-12T22:05:00Z
mlb-831510,831510,2026-03-12,SCHEDULED,Washington Nationals,WSH,Houston Astros,HOU,0,0,CACTI Park of the Palm Beaches,2026-03-12T22:05:00Z,2026-03-12T22:05:00Z
mlb-831791,831791,2026-03-12,SCHEDULED,Milwaukee Brewers,MIL,Cleveland Guardians,CLE,0,0,Goodyear Ballpark,2026-03-13T01:05:00Z,2026-03-13T01:05:00Z
mlb-831894,831894,2026-03-12,SCHEDULED,Cincinnati Reds,CIN,Los Angeles Dodgers,LAD,0,0,Camelback Ranch,2026-03-13T01:05:00Z,2026-03-13T01:05:00Z
mlb-831908,831908,2026-03-12,SCHEDULED,Chicago White Sox,CWS,San Francisco Giants,SF,0,0,Scottsdale Stadium,2026-03-13T01:05:00Z,2026-03-13T01:05:00Z
mlb-831839,831839,2026-03-12,SCHEDULED,Kansas City Royals,KC,San Diego Padres,SD,0,0,Peoria Stadium,2026-03-13T01:10:00Z,2026-03-13T01:10:00Z
mlb-831563,831563,2026-03-13,SCHEDULED,New York Yankees,NYY,Atlanta Braves,ATL,0,0,CoolToday Park,2026-03-13T17:05:00Z,2026-03-13T17:05:00Z
mlb-831565,831565,2026-03-13,SCHEDULED,Baltimore Orioles,BAL,Philadelphia Phillies,PHI,0,0,BayCare Ballpark,2026-03-13T17:05:00Z,2026-03-13T17:05:00Z
mlb-831616,831616,2026-03-13,SCHEDULED,Tampa Bay Rays,TB,Boston Red Sox,BOS,0,0,JetBlue Park,2026-03-13T17:05:00Z,2026-03-13T17:05:00Z
mlb-831623,831623,2026-03-13,SCHEDULED,Minnesota Twins,MIN,Toronto Blue Jays,TOR,0,0,TD Ballpark,2026-03-13T17:07:00Z,2026-03-13T17:07:00Z
mlb-831778,831778,2026-03-13,SCHEDULED,San Diego Padres,SD,Athletics,ATH,0,0,Hohokam Stadium,2026-03-13T20:05:00Z,2026-03-13T20:05:00Z
mlb-831933,831933,2026-03-13,SCHEDULED,Chicago Cubs,CHC,Chicago White Sox,CWS,0,0,Camelback Ranch,2026-03-13T20:05:00Z,2026-03-13T20:05:00Z
mlb-831731,831731,2026-03-13,SCHEDULED,Texas Rangers,TEX,Colorado Rockies,COL,0,0,Salt River Fields at Talking Stick,2026-03-13T20:10:00Z,2026-03-13T20:10:00Z
mlb-831879,831879,2026-03-13,SCHEDULED,Cleveland Guardians,CLE,Los Angeles Angels,LAA,0,0,Tempe Diablo Stadium,2026-03-13T20:10:00Z,2026-03-13T20:10:00Z
mlb-831935,831935,2026-03-13,SCHEDULED,Athletics,ATH,Milwaukee Brewers,MIL,0,0,American Family Fields of Phoenix,2026-03-13T20:10:00Z,2026-03-13T20:10:00Z
mlb-831464,831464,2026-03-13,SCHEDULED,New York Mets,NYM,Washington Nationals,WSH,0,0,CACTI Park of the Palm Beaches,2026-03-13T22:05:00Z,2026-03-13T22:05:00Z
mlb-831512,831512,2026-03-13,SCHEDULED,Pittsburgh Pirates,PIT,Detroit Tigers,DET,0,0,Publix Field at Joker Marchant Stadium,2026-03-13T22:05:00Z,2026-03-13T22:05:00Z
mlb-831567,831567,2026-03-13,SCHEDULED,Houston Astros,HOU,St. Louis Cardinals,STL,0,0,Roger Dean Chevrolet Stadium,2026-03-13T22:05:00Z,2026-03-13T22:05:00Z
mlb-831462,831462,2026-03-13,SCHEDULED,Miami Marlins,MIA,New York Mets,NYM,0,0,Clover Park,2026-03-13T22:10:00Z,2026-03-13T22:10:00Z
mlb-831891,831891,2026-03-13,SCHEDULED,Cincinnati Reds,CIN,San Francisco Giants,SF,0,0,Scottsdale Stadium,2026-03-13T23:05:00Z,2026-03-13T23:05:00Z
mlb-831759,831759,2026-03-13,SCHEDULED,San Francisco Giants,SF,Cincinnati Reds,CIN,0,0,Goodyear Ballpark,2026-03-14T01:05:00Z,2026-03-14T01:05:00Z
mlb-831958,831958,2026-03-13,SCHEDULED,Arizona Diamondbacks,ARI,Kansas City Royals,KC,0,0,Surprise Stadium,2026-03-14T01:05:00Z,2026-03-14T01:05:00Z
mlb-831801,831801,2026-03-13,SCHEDULED,Los Angeles Dodgers,LAD,Seattle Mariners,SEA,0,0,Peoria Stadium,2026-03-14T01:10:00Z,2026-03-14T01:10:00Z
mlb-831459,831459,2026-03-14,SCHEDULED,Miami Marlins,MIA,Washington Nationals,WSH,0,0,CACTI Park of the Palm Beaches,2026-03-14T16:05:00Z,2026-03-14T16:05:00Z
mlb-831514,831514,2026-03-14,SCHEDULED,Philadelphia Phillies,PHI,New York Yankees,NYY,0,0,George M. Steinbrenner Field,2026-03-14T17:05:00Z,2026-03-14T17:05:00Z
mlb-831562,831562,2026-03-14,SCHEDULED,Baltimore Orioles,BAL,Pittsburgh Pirates,PIT,0,0,LECOM Park,2026-03-14T17:05:00Z,2026-03-14T17:05:00Z
mlb-831613,831613,2026-03-14,SCHEDULED,Tampa Bay Rays,TB,Minnesota Twins,MIN,0,0,Lee Health Sports Complex,2026-03-14T17:05:00Z,2026-03-14T17:05:00Z
mlb-831614,831614,2026-03-14,SCHEDULED,Detroit Tigers,DET,Toronto Blue Jays,TOR,0,0,TD Ballpark,2026-03-14T17:07:00Z,2026-03-14T17:07:00Z
mlb-831460,831460,2026-03-14,SCHEDULED,St. Louis Cardinals,STL,Miami Marlins,MIA,0,0,Roger Dean Chevrolet Stadium,2026-03-14T17:10:00Z,2026-03-14T17:10:00Z
mlb-831728,831728,2026-03-14,SCHEDULED,Texas Rangers,TEX,Cincinnati Reds,CIN,0,0,Goodyear Ballpark,2026-03-14T20:05:00Z,2026-03-14T20:05:00Z
mlb-831770,831770,2026-03-14,SCHEDULED,San Diego Padres,SD,Texas Rangers,TEX,0,0,Surprise Stadium,2026-03-14T20:05:00Z,2026-03-14T20:05:00Z
mlb-831809,831809,2026-03-14,SCHEDULED,Los Angeles Dodgers,LAD,Chicago White Sox,CWS,0,0,Camelback Ranch,2026-03-14T20:05:00Z,2026-03-14T20:05:00Z
mlb-831850,831850,2026-03-14,SCHEDULED,Kansas City Royals,KC,Athletics,ATH,0,0,Hohokam Stadium,2026-03-14T20:05:00Z,2026-03-14T20:05:00Z
mlb-831953,831953,2026-03-14,SCHEDULED,Arizona Diamondbacks,ARI,San Francisco Giants,SF,0,0,Scottsdale Stadium,2026-03-14T20:05:00Z,2026-03-14T20:05:00Z
mlb-831747,831747,2026-03-14,SCHEDULED,Seattle Mariners,SEA,Los Angeles Angels,LAA,0,0,Tempe Diablo Stadium,2026-03-14T20:10:00Z,2026-03-14T20:10:00Z
mlb-831860,831860,2026-03-14,SCHEDULED,Colorado Rockies,COL,Milwaukee Brewers,MIL,0,0,American Family Fields of Phoenix,2026-03-14T20:10:00Z,2026-03-14T20:10:00Z
mlb-831877,831877,2026-03-14,SCHEDULED,Cleveland Guardians,CLE,San Diego Padres,SD,0,0,Peoria Stadium,2026-03-14T20:10:00Z,2026-03-14T20:10:00Z
mlb-831928,831928,2026-03-14,SCHEDULED,Chicago Cubs,CHC,Colorado Rockies,COL,0,0,Salt River Fields at Talking Stick,2026-03-14T20:10:00Z,2026-03-14T20:10:00Z
mlb-831508,831508,2026-03-14,SCHEDULED,New York Mets,NYM,Houston Astros,HOU,0,0,CACTI Park of the Palm Beaches,2026-03-14T22:05:00Z,2026-03-14T22:05:00Z
mlb-831566,831566,2026-03-14,SCHEDULED,Boston Red Sox,BOS,Atlanta Braves,ATL,0,0,CoolToday Park,2026-03-14T22:05:00Z,2026-03-14T22:05:00Z
mlb-831458,831458,2026-03-15,SCHEDULED,Atlanta Braves,ATL,Philadelphia Phillies,PHI,0,0,BayCare Ballpark,2026-03-15T17:05:00Z,2026-03-15T17:05:00Z
mlb-831461,831461,2026-03-15,SCHEDULED,Washington Nationals,WSH,St. Louis Cardinals,STL,0,0,Roger Dean Chevrolet Stadium,2026-03-15T17:05:00Z,2026-03-15T17:05:00Z
mlb-831509,831509,2026-03-15,SCHEDULED,Miami Marlins,MIA,Houston Astros,HOU,0,0,CACTI Park of the Palm Beaches,2026-03-15T17:05:00Z,2026-03-15T17:05:00Z
mlb-831511,831511,2026-03-15,SCHEDULED,Pittsburgh Pirates,PIT,Tampa Bay Rays,TB,0,0,Charlotte Sports Park,2026-03-15T17:05:00Z,2026-03-15T17:05:00Z
mlb-831611,831611,2026-03-15,SCHEDULED,Detroit Tigers,DET,New York Yankees,NYY,0,0,George M. Steinbrenner Field,2026-03-15T17:05:00Z,2026-03-15T17:05:00Z
mlb-831615,831615,2026-03-15,SCHEDULED,Minnesota Twins,MIN,Boston Red Sox,BOS,0,0,JetBlue Park,2026-03-15T17:05:00Z,2026-03-15T17:05:00Z
mlb-831555,831555,2026-03-15,SCHEDULED,Toronto Blue Jays,TOR,New York Mets,NYM,0,0,Clover Park,2026-03-15T17:10:00Z,2026-03-15T17:10:00Z
mlb-831727,831727,2026-03-15,SCHEDULED,Texas Rangers,TEX,Los Angeles Dodgers,LAD,0,0,Camelback Ranch,2026-03-15T20:05:00Z,2026-03-15T20:05:00Z
mlb-831787,831787,2026-03-15,SCHEDULED,Milwaukee Brewers,MIL,San Francisco Giants,SF,0,0,Scottsdale Stadium,2026-03-15T20:05:00Z,2026-03-15T20:05:00Z
mlb-831814,831814,2026-03-15,SCHEDULED,Los Angeles Dodgers,LAD,Chicago Cubs,CHC,0,0,Sloan Park,2026-03-15T20:05:00Z,2026-03-15T20:05:00Z
mlb-831913,831913,2026-03-15,SCHEDULED,Chicago White Sox,CWS,Kansas City Royals,KC,0,0,Surprise Stadium,2026-03-15T20:05:00Z,2026-03-15T20:05:00Z
mlb-831944,831944,2026-03-15,SCHEDULED,Athletics,ATH,Cleveland Guardians,CLE,0,0,Goodyear Ballpark,2026-03-15T20:05:00Z,2026-03-15T20:05:00Z
mlb-831777,831777,2026-03-15,SCHEDULED,San Diego Padres,SD,Arizona Diamondbacks,ARI,0,0,Salt River Fields at Talking Stick,2026-03-15T20:10:00Z,2026-03-15T20:10:00Z
mlb-831858,831858,2026-03-15,SCHEDULED,Colorado Rockies,COL,Los Angeles Angels,LAA,0,0,Tempe Diablo Stadium,2026-03-15T20:10:00Z,2026-03-15T20:10:00Z
mlb-831890,831890,2026-03-15,SCHEDULED,Cincinnati Reds,CIN,Seattle Mariners,SEA,0,0,Peoria Stadium,2026-03-15T20:10:00Z,2026-03-15T20:10:00Z
mlb-831608,831608,2026-03-15,SCHEDULED,New York Yankees,NYY,Baltimore Orioles,BAL,0,0,Ed Smith Stadium,2026-03-15T22:05:00Z,2026-03-15T22:05:00Z
mlb-831498,831498,2026-03-16,SCHEDULED,Philadelphia Phillies,PHI,Detroit Tigers,DET,0,0,Publix Field at Joker Marchant Stadium,2026-03-16T17:05:00Z,2026-03-16T17:05:00Z
mlb-831506,831506,2026-03-16,SCHEDULED,Pittsburgh Pirates,PIT,Minnesota Twins,MIN,0,0,Lee Health Sports Complex,2026-03-16T17:05:00Z,2026-03-16T17:05:00Z
mlb-831557,831557,2026-03-16,SCHEDULED,Tampa Bay Rays,TB,Atlanta Braves,ATL,0,0,CoolToday Park,2026-03-16T17:05:00Z,2026-03-16T17:05:00Z
mlb-831559,831559,2026-03-16,SCHEDULED,Toronto Blue Jays,TOR,Miami Marlins,MIA,0,0,Roger Dean Chevrolet Stadium,2026-03-16T17:10:00Z,2026-03-16T17:10:00Z
mlb-831785,831785,2026-03-16,SCHEDULED,Milwaukee Brewers,MIL,Los Angeles Dodgers,LAD,0,0,Camelback Ranch,2026-03-16T20:05:00Z,2026-03-16T20:05:00Z
mlb-831834,831834,2026-03-16,SCHEDULED,Los Angeles Angels,LAA,Athletics,ATH,0,0,Hohokam Stadium,2026-03-16T20:05:00Z,2026-03-16T20:05:00Z
mlb-831751,831751,2026-03-16,SCHEDULED,San Francisco Giants,SF,San Diego Padres,SD,0,0,Peoria Stadium,2026-03-16T20:10:00Z,2026-03-16T20:10:00Z
mlb-831903,831903,2026-03-16,SCHEDULED,Cincinnati Reds,CIN,Arizona Diamondbacks,ARI,0,0,Salt River Fields at Talking Stick,2026-03-16T20:10:00Z,2026-03-16T20:10:00Z
mlb-831612,831612,2026-03-16,SCHEDULED,Boston Red Sox,BOS,Baltimore Orioles,BAL,0,0,Ed Smith Stadium,2026-03-16T22:05:00Z,2026-03-16T22:05:00Z
mlb-831457,831457,2026-03-16,SCHEDULED,Washington Nationals,WSH,New York Mets,NYM,0,0,Clover Park,2026-03-16T22:10:00Z,2026-03-16T22:10:00Z
mlb-831905,831905,2026-03-16,SCHEDULED,Chicago White Sox,CWS,Texas Rangers,TEX,0,0,Surprise Stadium,2026-03-17T00:05:00Z,2026-03-17T00:05:00Z
mlb-831924,831924,2026-03-16,SCHEDULED,Chicago Cubs,CHC,Cleveland Guardians,CLE,0,0,Goodyear Ballpark,2026-03-17T01:05:00Z,2026-03-17T01:05:00Z
mlb-831454,831454,2026-03-17,SCHEDULED,St. Louis Cardinals,STL,Washington Nationals,WSH,0,0,CACTI Park of the Palm Beaches,2026-03-17T17:05:00Z,2026-03-17T17:05:00Z
mlb-831504,831504,2026-03-17,SCHEDULED,Atlanta Braves,ATL,Boston Red Sox,BOS,0,0,JetBlue Park,2026-03-17T17:05:00Z,2026-03-17T17:05:00Z
mlb-831554,831554,2026-03-17,SCHEDULED,Minnesota Twins,MIN,Philadelphia Phillies,PHI,0,0,BayCare Ballpark,2026-03-17T17:05:00Z,2026-03-17T17:05:00Z
mlb-831560,831560,2026-03-17,SCHEDULED,Houston Astros,HOU,Pittsburgh Pirates,PIT,0,0,LECOM Park,2026-03-17T17:05:00Z,2026-03-17T17:05:00Z
mlb-831609,831609,2026-03-17,SCHEDULED,New York Yankees,NYY,Tampa Bay Rays,TB,0,0,Charlotte Sports Park,2026-03-17T17:05:00Z,2026-03-17T17:05:00Z
mlb-831610,831610,2026-03-17,SCHEDULED,Baltimore Orioles,BAL,Detroit Tigers,DET,0,0,Publix Field at Joker Marchant Stadium,2026-03-17T17:05:00Z,2026-03-17T17:05:00Z
mlb-831463,831463,2026-03-17,SCHEDULED,New York Mets,NYM,Miami Marlins,MIA,0,0,Roger Dean Chevrolet Stadium,2026-03-17T17:10:00Z,2026-03-17T17:10:00Z
mlb-831942,831942,2026-03-17,SCHEDULED,Athletics,ATH,Chicago White Sox,CWS,0,0,Camelback Ranch,2026-03-17T20:05:00Z,2026-03-17T20:05:00Z
mlb-831742,831742,2026-03-17,SCHEDULED,Seattle Mariners,SEA,Colorado Rockies,COL,0,0,Salt River Fields at Talking Stick,2026-03-17T20:10:00Z,2026-03-17T20:10:00Z
mlb-831769,831769,2026-03-17,SCHEDULED,San Diego Padres,SD,Seattle Mariners,SEA,0,0,Peoria Stadium,2026-03-17T20:10:00Z,2026-03-17T20:10:00Z
mlb-831806,831806,2026-03-17,SCHEDULED,Los Angeles Dodgers,LAD,Kansas City Royals,KC,0,0,Surprise Stadium,2026-03-18T01:05:00Z,2026-03-18T01:05:00Z
mlb-831831,831831,2026-03-17,SCHEDULED,Los Angeles Angels,LAA,Chicago Cubs,CHC,0,0,Sloan Park,2026-03-18T01:05:00Z,2026-03-18T01:05:00Z
mlb-831883,831883,2026-03-17,SCHEDULED,Cleveland Guardians,CLE,Cincinnati Reds,CIN,0,0,Goodyear Ballpark,2026-03-18T01:05:00Z,2026-03-18T01:05:00Z
mlb-831453,831453,2026-03-18,SCHEDULED,Philadelphia Phillies,PHI,Atlanta Braves,ATL,0,0,CoolToday Park,2026-03-18T17:05:00Z,2026-03-18T17:05:00Z
mlb-831556,831556,2026-03-18,SCHEDULED,Houston Astros,HOU,St. Louis Cardinals,STL,0,0,Roger Dean Chevrolet Stadium,2026-03-18T17:05:00Z,2026-03-18T17:05:00Z
mlb-831607,831607,2026-03-18,SCHEDULED,Boston Red Sox,BOS,New York Yankees,NYY,0,0,George M. Steinbrenner Field,2026-03-18T17:05:00Z,2026-03-18T17:05:00Z
mlb-831600,831600,2026-03-18,SCHEDULED,Baltimore Orioles,BAL,Toronto Blue Jays,TOR,0,0,TD Ballpark,2026-03-18T17:07:00Z,2026-03-18T17:07:00Z
mlb-831761,831761,2026-03-18,SCHEDULED,San Francisco Giants,SF,Los Angeles Dodgers,LAD,0,0,Camelback Ranch,2026-03-18T20:05:00Z,2026-03-18T20:05:00Z
mlb-831866,831866,2026-03-18,SCHEDULED,Colorado Rockies,COL,Cincinnati Reds,CIN,0,0,Goodyear Ballpark,2026-03-18T20:05:00Z,2026-03-18T20:05:00Z
mlb-831784,831784,2026-03-18,SCHEDULED,Milwaukee Brewers,MIL,Seattle Mariners,SEA,0,0,Peoria Stadium,2026-03-18T20:10:00Z,2026-03-18T20:10:00Z
mlb-831818,831818,2026-03-18,SCHEDULED,Los Angeles Angels,LAA,Milwaukee Brewers,MIL,0,0,American Family Fields of Phoenix,2026-03-18T20:10:00Z,2026-03-18T20:10:00Z
mlb-831895,831895,2026-03-18,SCHEDULED,Cincinnati Reds,CIN,Los Angeles Angels,LAA,0,0,Tempe Diablo Stadium,2026-03-18T20:10:00Z,2026-03-18T20:10:00Z
mlb-831932,831932,2026-03-18,SCHEDULED,Chicago Cubs,CHC,Arizona Diamondbacks,ARI,0,0,Salt River Fields at Talking Stick,2026-03-18T20:10:00Z,2026-03-18T20:10:00Z
mlb-831455,831455,2026-03-18,SCHEDULED,Miami Marlins,MIA,Washington Nationals,WSH,0,0,CACTI Park of the Palm Beaches,2026-03-18T22:05:00Z,2026-03-18T22:05:00Z
mlb-831558,831558,2026-03-18,SCHEDULED,Detroit Tigers,DET,Pittsburgh Pirates,PIT,0,0,LECOM Park,2026-03-18T22:05:00Z,2026-03-18T22:05:00Z
mlb-831833,831833,2026-03-18,SCHEDULED,Kansas City Royals,KC,Texas Rangers,TEX,0,0,Surprise Stadium,2026-03-19T01:05:00Z,2026-03-19T01:05:00Z
mlb-831452,831452,2026-03-19,SCHEDULED,Washington Nationals,WSH,St. Louis Cardinals,STL,0,0,Roger Dean Chevrolet Stadium,2026-03-19T17:05:00Z,2026-03-19T17:05:00Z
mlb-831551,831551,2026-03-19,SCHEDULED,Tampa Bay Rays,TB,Philadelphia Phillies,PHI,0,0,BayCare Ballpark,2026-03-19T17:05:00Z,2026-03-19T17:05:00Z
mlb-832062,832062,2026-03-19,SCHEDULED,Baltimore Orioles,BAL,New York Yankees,NYY,0,0,George M. Steinbrenner Field,2026-03-19T17:05:00Z,2026-03-19T17:05:00Z
mlb-831605,831605,2026-03-19,SCHEDULED,New York Yankees,NYY,Toronto Blue Jays,TOR,0,0,TD Ballpark,2026-03-19T17:07:00Z,2026-03-19T17:07:00Z
mlb-831500,831500,2026-03-19,SCHEDULED,New York Mets,NYM,Houston Astros,HOU,0,0,CACTI Park of the Palm Beaches,2026-03-19T22:05:00Z,2026-03-19T22:05:00Z
mlb-831501,831501,2026-03-19,SCHEDULED,Pittsburgh Pirates,PIT,Baltimore Orioles,BAL,0,0,Ed Smith Stadium,2026-03-19T22:05:00Z,2026-03-19T22:05:00Z
mlb-831606,831606,2026-03-19,SCHEDULED,Minnesota Twins,MIN,Boston Red Sox,BOS,0,0,JetBlue Park,2026-03-19T22:05:00Z,2026-03-19T22:05:00Z
mlb-831822,831822,2026-03-19,SCHEDULED,Los Angeles Angels,LAA,Kansas City Royals,KC,0,0,Surprise Stadium,2026-03-20T01:05:00Z,2026-03-20T01:05:00Z
mlb-831846,831846,2026-03-19,SCHEDULED,Kansas City Royals,KC,Cleveland Guardians,CLE,0,0,Goodyear Ballpark,2026-03-20T01:05:00Z,2026-03-20T01:05:00Z
mlb-831962,831962,2026-03-19,SCHEDULED,Arizona Diamondbacks,ARI,Chicago White Sox,CWS,0,0,Camelback Ranch,2026-03-20T01:05:00Z,2026-03-20T01:05:00Z
mlb-831722,831722,2026-03-19,SCHEDULED,Texas Rangers,TEX,Milwaukee Brewers,MIL,0,0,American Family Fields of Phoenix,2026-03-20T01:10:00Z,2026-03-20T01:10:00Z
mlb-831755,831755,2026-03-19,SCHEDULED,Seattle Mariners,SEA,Athletics,ATH,0,0,Hohokam Stadium,2026-03-20T01:10:00Z,2026-03-20T01:10:00Z
mlb-831756,831756,2026-03-19,SCHEDULED,San Francisco Giants,SF,Colorado Rockies,COL,0,0,Salt River Fields at Talking Stick,2026-03-20T01:10:00Z,2026-03-20T01:10:00Z
mlb-831907,831907,2026-03-19,SCHEDULED,Chicago White Sox,CWS,San Diego Padres,SD,0,0,Peoria Stadium,2026-03-20T01:10:00Z,2026-03-20T01:10:00Z
mlb-831550,831550,2026-03-20,SCHEDULED,Detroit Tigers,DET,Philadelphia Phillies,PHI,0,0,BayCare Ballpark,2026-03-20T17:05:00Z,2026-03-20T17:05:00Z
mlb-831602,831602,2026-03-20,SCHEDULED,Boston Red Sox,BOS,Tampa Bay Rays,TB,0,0,Charlotte Sports Park,2026-03-20T17:05:00Z,2026-03-20T17:05:00Z
mlb-831604,831604,2026-03-20,SCHEDULED,Toronto Blue Jays,TOR,Minnesota Twins,MIN,0,0,Lee Health Sports Complex,2026-03-20T17:05:00Z,2026-03-20T17:05:00Z
mlb-831456,831456,2026-03-20,SCHEDULED,St. Louis Cardinals,STL,New York Mets,NYM,0,0,Clover Park,2026-03-20T17:10:00Z,2026-03-20T17:10:00Z
mlb-831910,831910,2026-03-20,SCHEDULED,Chicago White Sox,CWS,Los Angeles Angels,LAA,0,0,Tempe Diablo Stadium,2026-03-20T19:10:00Z,2026-03-20T19:10:00Z
mlb-831451,831451,2026-03-20,SCHEDULED,Pittsburgh Pirates,PIT,Atlanta Braves,ATL,0,0,CoolToday Park,2026-03-20T22:05:00Z,2026-03-20T22:05:00Z
mlb-831505,831505,2026-03-20,SCHEDULED,Miami Marlins,MIA,Houston Astros,HOU,0,0,CACTI Park of the Palm Beaches,2026-03-20T22:05:00Z,2026-03-20T22:05:00Z
mlb-831603,831603,2026-03-20,SCHEDULED,Baltimore Orioles,BAL,New York Yankees,NYY,0,0,George M. Steinbrenner Field,2026-03-20T22:35:00Z,2026-03-20T22:35:00Z
mlb-831450,831450,2026-03-20,SCHEDULED,Washington Nationals,WSH,Miami Marlins,MIA,0,0,Roger Dean Chevrolet Stadium,2026-03-20T23:10:00Z,2026-03-20T23:10:00Z
mlb-831835,831835,2026-03-20,SCHEDULED,Kansas City Royals,KC,San Francisco Giants,SF,0,0,Scottsdale Stadium,2026-03-21T00:05:00Z,2026-03-21T00:05:00Z
mlb-831743,831743,2026-03-20,SCHEDULED,Seattle Mariners,SEA,Cleveland Guardians,CLE,0,0,Goodyear Ballpark,2026-03-21T01:05:00Z,2026-03-21T01:05:00Z
mlb-831749,831749,2026-03-20,SCHEDULED,San Francisco Giants,SF,Texas Rangers,TEX,0,0,Surprise Stadium,2026-03-21T01:05:00Z,2026-03-21T01:05:00Z
mlb-831766,831766,2026-03-20,SCHEDULED,San Diego Padres,SD,Los Angeles Dodgers,LAD,0,0,Camelback Ranch,2026-03-21T01:05:00Z,2026-03-21T01:05:00Z
mlb-831902,831902,2026-03-20,SCHEDULED,Cincinnati Reds,CIN,Chicago Cubs,CHC,0,0,Sloan Park,2026-03-21T01:05:00Z,2026-03-21T01:05:00Z
mlb-831796,831796,2026-03-20,SCHEDULED,Milwaukee Brewers,MIL,Arizona Diamondbacks,ARI,0,0,Salt River Fields at Talking Stick,2026-03-21T01:10:00Z,2026-03-21T01:10:00Z
mlb-831864,831864,2026-03-20,SCHEDULED,Colorado Rockies,COL,San Diego Padres,SD,0,0,Peoria Stadium,2026-03-21T01:10:00Z,2026-03-21T01:10:00Z
mlb-831931,831931,2026-03-20,SCHEDULED,Chicago Cubs,CHC,Athletics,ATH,0,0,Hohokam Stadium,2026-03-21T01:10:00Z,2026-03-21T01:10:00Z
mlb-831448,831448,2026-03-21,SCHEDULED,New York Mets,NYM,Washington Nationals,WSH,0,0,CACTI Park of the Palm Beaches,2026-03-21T17:05:00Z,2026-03-21T17:05:00Z
mlb-831449,831449,2026-03-21,SCHEDULED,Miami Marlins,MIA,St. Louis Cardinals,STL,0,0,Roger Dean Chevrolet Stadium,2026-03-21T17:05:00Z,2026-03-21T17:05:00Z
mlb-831499,831499,2026-03-21,SCHEDULED,Philadelphia Phillies,PHI,Baltimore Orioles,BAL,0,0,Ed Smith Stadium,2026-03-21T17:05:00Z,2026-03-21T17:05:00Z
mlb-831502,831502,2026-03-21,SCHEDULED,Atlanta Braves,ATL,Boston Red Sox,BOS,0,0,JetBlue Park,2026-03-21T17:05:00Z,2026-03-21T17:05:00Z
mlb-831553,831553,2026-03-21,SCHEDULED,Toronto Blue Jays,TOR,Pittsburgh Pirates,PIT,0,0,LECOM Park,2026-03-21T17:05:00Z,2026-03-21T17:05:00Z
mlb-831599,831599,2026-03-21,SCHEDULED,Minnesota Twins,MIN,Tampa Bay Rays,TB,0,0,Charlotte Sports Park,2026-03-21T17:05:00Z,2026-03-21T17:05:00Z
mlb-831601,831601,2026-03-21,SCHEDULED,New York Yankees,NYY,Detroit Tigers,DET,0,0,Publix Field at Joker Marchant Stadium,2026-03-21T17:05:00Z,2026-03-21T17:05:00Z
mlb-831549,831549,2026-03-21,SCHEDULED,Houston Astros,HOU,New York Mets,NYM,0,0,Clover Park,2026-03-21T17:10:00Z,2026-03-21T17:10:00Z
mlb-831937,831937,2026-03-21,SCHEDULED,Athletics,ATH,Los Angeles Dodgers,LAD,0,0,Camelback Ranch,2026-03-21T18:05:00Z,2026-03-21T18:05:00Z
mlb-831868,831868,2026-03-21,SCHEDULED,Colorado Rockies,COL,Kansas City Royals,KC,0,0,Surprise Stadium,2026-03-21T19:05:00Z,2026-03-21T19:05:00Z
mlb-831873,831873,2026-03-21,SCHEDULED,Cleveland Guardians,CLE,San Francisco Giants,SF,0,0,Scottsdale Stadium,2026-03-21T19:05:00Z,2026-03-21T19:05:00Z
mlb-831734,831734,2026-03-21,SCHEDULED,Texas Rangers,TEX,Arizona Diamondbacks,ARI,0,0,Salt River Fields at Talking Stick,2026-03-21T20:10:00Z,2026-03-21T20:10:00Z
mlb-831767,831767,2026-03-21,SCHEDULED,San Diego Padres,SD,Milwaukee Brewers,MIL,0,0,American Family Fields of Phoenix,2026-03-21T20:10:00Z,2026-03-21T20:10:00Z
mlb-831916,831916,2026-03-21,SCHEDULED,Chicago White Sox,CWS,Cincinnati Reds,CIN,0,0,Goodyear Ballpark,2026-03-22T01:05:00Z,2026-03-22T01:05:00Z
mlb-831923,831923,2026-03-21,SCHEDULED,Chicago Cubs,CHC,Seattle Mariners,SEA,0,0,Peoria Stadium,2026-03-22T01:10:00Z,2026-03-22T01:10:00Z
mlb-831496,831496,2026-03-22,SCHEDULED,St. Louis Cardinals,STL,Houston Astros,HOU,0,0,CACTI Park of the Palm Beaches,2026-03-22T16:05:00Z,2026-03-22T16:05:00Z
mlb-831492,831492,2026-03-22,SCHEDULED,Atlanta Braves,ATL,Minnesota Twins,MIN,0,0,Lee Health Sports Complex,2026-03-22T17:05:00Z,2026-03-22T17:05:00Z
mlb-831493,831493,2026-03-22,SCHEDULED,Philadelphia Phillies,PHI,New York Yankees,NYY,0,0,George M. Steinbrenner Field,2026-03-22T17:05:00Z,2026-03-22T17:05:00Z
mlb-831552,831552,2026-03-22,SCHEDULED,Boston Red Sox,BOS,Pittsburgh Pirates,PIT,0,0,LECOM Park,2026-03-22T17:05:00Z,2026-03-22T17:05:00Z
mlb-831592,831592,2026-03-22,SCHEDULED,Tampa Bay Rays,TB,Toronto Blue Jays,TOR,0,0,TD Ballpark,2026-03-22T17:07:00Z,2026-03-22T17:07:00Z
mlb-831446,831446,2026-03-22,SCHEDULED,New York Mets,NYM,Miami Marlins,MIA,0,0,Roger Dean Chevrolet Stadium,2026-03-22T17:10:00Z,2026-03-22T17:10:00Z
mlb-831503,831503,2026-03-22,SCHEDULED,Washington Nationals,WSH,Baltimore Orioles,BAL,0,0,Oriole Park at Camden Yards,2026-03-22T17:35:00Z,2026-03-22T17:35:00Z
mlb-831789,831789,2026-03-22,SCHEDULED,Milwaukee Brewers,MIL,Chicago Cubs,CHC,0,0,Sloan Park,2026-03-22T19:05:00Z,2026-03-22T19:05:00Z
mlb-831896,831896,2026-03-22,SCHEDULED,Cincinnati Reds,CIN,Cleveland Guardians,CLE,0,0,Goodyear Ballpark,2026-03-22T19:05:00Z,2026-03-22T19:05:00Z
mlb-831945,831945,2026-03-22,SCHEDULED,Athletics,ATH,Colorado Rockies,COL,0,0,Salt River Fields at Talking Stick,2026-03-22T20:10:00Z,2026-03-22T20:10:00Z
mlb-831746,831746,2026-03-22,SCHEDULED,Seattle Mariners,SEA,Chicago White Sox,CWS,0,0,Camelback Ranch,2026-03-23T01:05:00Z,2026-03-23T01:05:00Z
mlb-831804,831804,2026-03-22,SCHEDULED,Los Angeles Dodgers,LAD,Los Angeles Angels,LAA,0,0,Angel Stadium,2026-03-23T01:07:00Z,2026-03-23T01:07:00Z
mlb-831947,831947,2026-03-22,SCHEDULED,Arizona Diamondbacks,ARI,San Diego Padres,SD,0,0,Peoria Stadium,2026-03-23T01:10:00Z,2026-03-23T01:10:00Z
mlb-831547,831547,2026-03-23,SCHEDULED,Tampa Bay Rays,TB,Philadelphia Phillies,PHI,0,0,BayCare Ballpark,2026-03-23T16:05:00Z,2026-03-23T16:05:00Z
mlb-831447,831447,2026-03-23,SCHEDULED,Atlanta Braves,ATL,Pittsburgh Pirates,PIT,0,0,LECOM Park,2026-03-23T17:05:00Z,2026-03-23T17:05:00Z
mlb-831546,831546,2026-03-23,SCHEDULED,Baltimore Orioles,BAL,Washington Nationals,WSH,0,0,Nationals Park,2026-03-23T17:05:00Z,2026-03-23T17:05:00Z
mlb-832036,832036,2026-03-23,SCHEDULED,Minnesota Twins,MIN,Boston Red Sox,BOS,0,0,JetBlue Park,2026-03-23T17:05:00Z,2026-03-23T17:05:00Z
mlb-831915,831915,2026-03-23,SCHEDULED,Chicago White Sox,CWS,Athletics,ATH,0,0,Hohokam Stadium,2026-03-23T18:05:00Z,2026-03-23T18:05:00Z
mlb-831780,831780,2026-03-23,SCHEDULED,New York Yankees,NYY,Chicago Cubs,CHC,0,0,Sloan Park,2026-03-23T19:05:00Z,2026-03-23T19:05:00Z
mlb-831735,831735,2026-03-23,SCHEDULED,Seattle Mariners,SEA,San Diego Padres,SD,0,0,Peoria Stadium,2026-03-23T19:10:00Z,2026-03-23T19:10:00Z
mlb-832078,832078,2026-03-23,SCHEDULED,Cincinnati Reds,CIN,Milwaukee Brewers,MIL,0,0,American Family Field,2026-03-23T23:40:00Z,2026-03-23T23:40:00Z
mlb-831838,831838,2026-03-23,SCHEDULED,Kansas City Royals,KC,Texas Rangers,TEX,0,0,Globe Life Field,2026-03-24T00:05:00Z,2026-03-24T00:05:00Z
mlb-831821,831821,2026-03-23,SCHEDULED,Los Angeles Angels,LAA,Los Angeles Dodgers,LAD,0,0,UNIQLO Field at Dodger Stadium,2026-03-24T01:10:00Z,2026-03-24T01:10:00Z
mlb-831857,831857,2026-03-23,SCHEDULED,Detroit Tigers,DET,Colorado Rockies,COL,0,0,Salt River Fields at Talking Stick,2026-03-24T01:10:00Z,2026-03-24T01:10:00Z
mlb-831885,831885,2026-03-23,SCHEDULED,Cleveland Guardians,CLE,Arizona Diamondbacks,ARI,0,0,Chase Field,2026-03-24T01:40:00Z,2026-03-24T01:40:00Z
mlb-831545,831545,2026-03-24,SCHEDULED,Tampa Bay Rays,TB,Atlanta Braves,ATL,0,0,CoolToday Park,2026-03-24T16:05:00Z,2026-03-24T16:05:00Z
mlb-832037,832037,2026-03-24,SCHEDULED,Boston Red Sox,BOS,Minnesota Twins,MIN,0,0,Lee Health Sports Complex,2026-03-24T17:05:00Z,2026-03-24T17:05:00Z
mlb-831837,831837,2026-03-24,SCHEDULED,Kansas City Royals,KC,Texas Rangers,TEX,0,0,Globe Life Field,2026-03-24T18:05:00Z,2026-03-24T18:05:00Z
mlb-831779,831779,2026-03-24,SCHEDULED,New York Yankees,NYY,Chicago Cubs,CHC,0,0,Sloan Park,2026-03-24T19:05:00Z,2026-03-24T19:05:00Z
mlb-831856,831856,2026-03-24,SCHEDULED,Detroit Tigers,DET,Colorado Rockies,COL,0,0,Salt River Fields at Talking Stick,2026-03-24T19:10:00Z,2026-03-24T19:10:00Z
mlb-831887,831887,2026-03-24,SCHEDULED,Cleveland Guardians,CLE,Arizona Diamondbacks,ARI,0,0,Chase Field,2026-03-24T19:40:00Z,2026-03-24T19:40:00Z
mlb-832077,832077,2026-03-24,SCHEDULED,Cincinnati Reds,CIN,Milwaukee Brewers,MIL,0,0,American Family Field,2026-03-24T21:10:00Z,2026-03-24T21:10:00Z
mlb-831820,831820,2026-03-24,SCHEDULED,Los Angeles Angels,LAA,Los Angeles Dodgers,LAD,0,0,UNIQLO Field at Dodger Stadium,2026-03-25T00:10:00Z,2026-03-25T00:10:00Z
mlb-823244,823244,2026-03-25,SCHEDULED,New York Yankees,NYY,San Francisco Giants,SF,0,0,Oracle Park,2026-03-26T00:05:00Z,2026-03-26T00:05:00Z
mlb-823649,823649,2026-03-26,SCHEDULED,Pittsburgh Pirates,PIT,New York Mets,NYM,0,0,Citi Field,2026-03-26T17:15:00Z,2026-03-26T17:15:00Z
mlb-823812,823812,2026-03-26,SCHEDULED,Chicago White Sox,CWS,Milwaukee Brewers,MIL,0,0,American Family Field,2026-03-26T18:10:00Z,2026-03-26T18:10:00Z
mlb-824704,824704,2026-03-26,SCHEDULED,Washington Nationals,WSH,Chicago Cubs,CHC,0,0,Wrigley Field,2026-03-26T18:20:00Z,2026-03-26T18:20:00Z
mlb-824865,824865,2026-03-26,SCHEDULED,Minnesota Twins,MIN,Baltimore Orioles,BAL,0,0,Oriole Park at Camden Yards,2026-03-26T19:05:00Z,2026-03-26T19:05:00Z
mlb-823325,823325,2026-03-26,SCHEDULED,Detroit Tigers,DET,San Diego Padres,SD,0,0,Petco Park,2026-03-26T20:10:00Z,2026-03-26T20:10:00Z
mlb-824218,824218,2026-03-26,SCHEDULED,Los Angeles Angels,LAA,Houston Astros,HOU,0,0,Daikin Park,2026-03-26T20:10:00Z,2026-03-26T20:10:00Z
mlb-824541,824541,2026-03-26,SCHEDULED,Boston Red Sox,BOS,Cincinnati Reds,CIN,0,0,Great American Ball Park,2026-03-26T20:10:00Z,2026-03-26T20:10:00Z
mlb-823081,823081,2026-03-26,SCHEDULED,Tampa Bay Rays,TB,St. Louis Cardinals,STL,0,0,Busch Stadium,2026-03-26T20:15:00Z,2026-03-26T20:15:00Z
mlb-823486,823486,2026-03-26,SCHEDULED,Texas Rangers,TEX,Philadelphia Phillies,PHI,0,0,Citizens Bank Park,2026-03-26T20:15:00Z,2026-03-26T20:15:00Z
mlb-823974,823974,2026-03-26,SCHEDULED,Arizona Diamondbacks,ARI,Los Angeles Dodgers,LAD,0,0,UNIQLO Field at Dodger Stadium,2026-03-27T00:30:00Z,2026-03-27T00:30:00Z
mlb-823163,823163,2026-03-26,SCHEDULED,Cleveland Guardians,CLE,Seattle Mariners,SEA,0,0,T-Mobile Park,2026-03-27T02:10:00Z,2026-03-27T02:10:00Z
mlb-823243,823243,2026-03-27,SCHEDULED,New York Yankees,NYY,San Francisco Giants,SF,0,0,Oracle Park,2026-03-27T20:35:00Z,2026-03-27T20:35:00Z
mlb-822839,822839,2026-03-27,SCHEDULED,Athletics,ATH,Toronto Blue Jays,TOR,0,0,Rogers Centre,2026-03-27T23:07:00Z,2026-03-27T23:07:00Z
mlb-823893,823893,2026-03-27,SCHEDULED,Colorado Rockies,COL,Miami Marlins,MIA,0,0,loanDepot park,2026-03-27T23:10:00Z,2026-03-27T23:10:00Z
mlb-824946,824946,2026-03-27,SCHEDULED,Kansas City Royals,KC,Atlanta Braves,ATL,0,0,Truist Park,2026-03-27T23:15:00Z,2026-03-27T23:15:00Z
mlb-824216,824216,2026-03-27,SCHEDULED,Los Angeles Angels,LAA,Houston Astros,HOU,0,0,Daikin Park,2026-03-28T00:15:00Z,2026-03-28T00:15:00Z
mlb-823324,823324,2026-03-27,SCHEDULED,Detroit Tigers,DET,San Diego Padres,SD,0,0,Petco Park,2026-03-28T01:40:00Z,2026-03-28T01:40:00Z
mlb-823162,823162,2026-03-27,SCHEDULED,Cleveland Guardians,CLE,Seattle Mariners,SEA,0,0,T-Mobile Park,2026-03-28T01:45:00Z,2026-03-28T01:45:00Z
mlb-823971,823971,2026-03-27,SCHEDULED,Arizona Diamondbacks,ARI,Los Angeles Dodgers,LAD,0,0,UNIQLO Field at Dodger Stadium,2026-03-28T02:10:00Z,2026-03-28T02:10:00Z
mlb-823082,823082,2026-03-28,SCHEDULED,Tampa Bay Rays,TB,St. Louis Cardinals,STL,0,0,Busch Stadium,2026-03-28T18:15:00Z,2026-03-28T18:15:00Z
mlb-824701,824701,2026-03-28,SCHEDULED,Washington Nationals,WSH,Chicago Cubs,CHC,0,0,Wrigley Field,2026-03-28T18:20:00Z,2026-03-28T18:20:00Z
mlb-822838,822838,2026-03-28,SCHEDULED,Athletics,ATH,Toronto Blue Jays,TOR,0,0,Rogers Centre,2026-03-28T19:07:00Z,2026-03-28T19:07:00Z
mlb-823488,823488,2026-03-28,SCHEDULED,Texas Rangers,TEX,Philadelphia Phillies,PHI,0,0,Citizens Bank Park,2026-03-28T20:05:00Z,2026-03-28T20:05:00Z
mlb-824862,824862,2026-03-28,SCHEDULED,Minnesota Twins,MIN,Baltimore Orioles,BAL,0,0,Oriole Park at Camden Yards,2026-03-28T20:05:00Z,2026-03-28T20:05:00Z
mlb-823651,823651,2026-03-28,SCHEDULED,Pittsburgh Pirates,PIT,New York Mets,NYM,0,0,Citi Field,2026-03-28T20:10:00Z,2026-03-28T20:10:00Z
mlb-823892,823892,2026-03-28,SCHEDULED,Colorado Rockies,COL,Miami Marlins,MIA,0,0,loanDepot park,2026-03-28T20:10:00Z,2026-03-28T20:10:00Z
mlb-824540,824540,2026-03-28,SCHEDULED,Boston Red Sox,BOS,Cincinnati Reds,CIN,0,0,Great American Ball Park,2026-03-28T20:10:00Z,2026-03-28T20:10:00Z
mlb-823811,823811,2026-03-28,SCHEDULED,Chicago White Sox,CWS,Milwaukee Brewers,MIL,0,0,American Family Field,2026-03-28T23:10:00Z,2026-03-28T23:10:00Z
mlb-824213,824213,2026-03-28,SCHEDULED,Los Angeles Angels,LAA,Houston Astros,HOU,0,0,Daikin Park,2026-03-28T23:10:00Z,2026-03-28T23:10:00Z
mlb-823241,823241,2026-03-28,SCHEDULED,New York Yankees,NYY,San Francisco Giants,SF,0,0,Oracle Park,2026-03-28T23:15:00Z,2026-03-28T23:15:00Z
mlb-824945,824945,2026-03-28,SCHEDULED,Kansas City Royals,KC,Atlanta Braves,ATL,0,0,Truist Park,2026-03-28T23:15:00Z,2026-03-28T23:15:00Z
mlb-823323,823323,2026-03-28,SCHEDULED,Detroit Tigers,DET,San Diego Padres,SD,0,0,Petco Park,2026-03-29T00:40:00Z,2026-03-29T00:40:00Z
mlb-823973,823973,2026-03-28,SCHEDULED,Arizona Diamondbacks,ARI,Los Angeles Dodgers,LAD,0,0,UNIQLO Field at Dodger Stadium,2026-03-29T01:10:00Z,2026-03-29T01:10:00Z
mlb-823161,823161,2026-03-28,SCHEDULED,Cleveland Guardians,CLE,Seattle Mariners,SEA,0,0,T-Mobile Park,2026-03-29T01:40:00Z,2026-03-29T01:40:00Z
mlb-823487,823487,2026-03-29,SCHEDULED,Texas Rangers,TEX,Philadelphia Phillies,PHI,0,0,Citizens Bank Park,2026-03-29T17:35:00Z,2026-03-29T17:35:00Z
mlb-824864,824864,2026-03-29,SCHEDULED,Minnesota Twins,MIN,Baltimore Orioles,BAL,0,0,Oriole Park at Camden Yards,2026-03-29T17:35:00Z,2026-03-29T17:35:00Z
mlb-824944,824944,2026-03-29,SCHEDULED,Kansas City Royals,KC,Atlanta Braves,ATL,0,0,Truist Park,2026-03-29T17:35:00Z,2026-03-29T17:35:00Z
mlb-822837,822837,2026-03-29,SCHEDULED,Athletics,ATH,Toronto Blue Jays,TOR,0,0,Rogers Centre,2026-03-29T17:37:00Z,2026-03-29T17:37:00Z
mlb-823647,823647,2026-03-29,SCHEDULED,Pittsburgh Pirates,PIT,New York Mets,NYM,0,0,Citi Field,2026-03-29T17:40:00Z,2026-03-29T17:40:00Z
mlb-823891,823891,2026-03-29,SCHEDULED,Colorado Rockies,COL,Miami Marlins,MIA,0,0,loanDepot park,2026-03-29T17:40:00Z,2026-03-29T17:40:00Z
mlb-824538,824538,2026-03-29,SCHEDULED,Boston Red Sox,BOS,Cincinnati Reds,CIN,0,0,Great American Ball Park,2026-03-29T17:40:00Z,2026-03-29T17:40:00Z
mlb-823810,823810,2026-03-29,SCHEDULED,Chicago White Sox,CWS,Milwaukee Brewers,MIL,0,0,American Family Field,2026-03-29T18:10:00Z,2026-03-29T18:10:00Z
mlb-824215,824215,2026-03-29,SCHEDULED,Los Angeles Angels,LAA,Houston Astros,HOU,0,0,Daikin Park,2026-03-29T18:10:00Z,2026-03-29T18:10:00Z
mlb-823079,823079,2026-03-29,SCHEDULED,Tampa Bay Rays,TB,St. Louis Cardinals,STL,0,0,Busch Stadium,2026-03-29T18:15:00Z,2026-03-29T18:15:00Z
mlb-824700,824700,2026-03-29,SCHEDULED,Washington Nationals,WSH,Chicago Cubs,CHC,0,0,Wrigley Field,2026-03-29T18:20:00Z,2026-03-29T18:20:00Z
mlb-823160,823160,2026-03-29,SCHEDULED,Cleveland Guardians,CLE,Seattle Mariners,SEA,0,0,T-Mobile Park,2026-03-29T23:20:00Z,2026-03-29T23:20:00Z
mlb-824135,824135,2026-03-30,SCHEDULED,Minnesota Twins,MIN,Kansas City Royals,KC,0,0,Kauffman Stadium,2026-03-30T20:10:00Z,2026-03-30T20:10:00Z
mlb-824863,824863,2026-03-30,SCHEDULED,Texas Rangers,TEX,Baltimore Orioles,BAL,0,0,Oriole Park at Camden Yards,2026-03-30T22:35:00Z,2026-03-30T22:35:00Z
mlb-823484,823484,2026-03-30,SCHEDULED,Washington Nationals,WSH,Philadelphia Phillies,PHI,0,0,Citizens Bank Park,2026-03-30T22:40:00Z,2026-03-30T22:40:00Z
mlb-823890,823890,2026-03-30,SCHEDULED,Chicago White Sox,CWS,Miami Marlins,MIA,0,0,loanDepot park,2026-03-30T22:40:00Z,2026-03-30T22:40:00Z
mlb-824539,824539,2026-03-30,SCHEDULED,Pittsburgh Pirates,PIT,Cincinnati Reds,CIN,0,0,Great American Ball Park,2026-03-30T22:40:00Z,2026-03-30T22:40:00Z
mlb-822834,822834,2026-03-30,SCHEDULED,Colorado Rockies,COL,Toronto Blue Jays,TOR,0,0,Rogers Centre,2026-03-30T23:07:00Z,2026-03-30T23:07:00Z
mlb-824943,824943,2026-03-30,SCHEDULED,Athletics,ATH,Atlanta Braves,ATL,0,0,Truist Park,2026-03-30T23:15:00Z,2026-03-30T23:15:00Z
mlb-823809,823809,2026-03-30,SCHEDULED,Tampa Bay Rays,TB,Milwaukee Brewers,MIL,0,0,American Family Field,2026-03-30T23:40:00Z,2026-03-30T23:40:00Z
mlb-824702,824702,2026-03-30,SCHEDULED,Los Angeles Angels,LAA,Chicago Cubs,CHC,0,0,Wrigley Field,2026-03-30T23:40:00Z,2026-03-30T23:40:00Z
mlb-823080,823080,2026-03-30,SCHEDULED,New York Mets,NYM,St. Louis Cardinals,STL,0,0,Busch Stadium,2026-03-30T23:45:00Z,2026-03-30T23:45:00Z
mlb-824214,824214,2026-03-30,SCHEDULED,Boston Red Sox,BOS,Houston Astros,HOU,0,0,Daikin Park,2026-03-31T00:10:00Z,2026-03-31T00:10:00Z
mlb-823159,823159,2026-03-30,SCHEDULED,New York Yankees,NYY,Seattle Mariners,SEA,0,0,T-Mobile Park,2026-03-31T01:40:00Z,2026-03-31T01:40:00Z
mlb-823320,823320,2026-03-30,SCHEDULED,San Francisco Giants,SF,San Diego Padres,SD,0,0,Petco Park,2026-03-31T01:40:00Z,2026-03-31T01:40:00Z
mlb-823972,823972,2026-03-30,SCHEDULED,Cleveland Guardians,CLE,Los Angeles Dodgers,LAD,0,0,UNIQLO Field at Dodger Stadium,2026-03-31T02:10:00Z,2026-03-31T02:10:00Z
mlb-825108,825108,2026-03-30,SCHEDULED,Detroit Tigers,DET,Arizona Diamondbacks,ARI,0,0,Chase Field,2026-03-31T02:10:00Z,2026-03-31T02:10:00Z
mlb-824861,824861,2026-03-31,SCHEDULED,Texas Rangers,TEX,Baltimore Orioles,BAL,0,0,Oriole Park at Camden Yards,2026-03-31T22:35:00Z,2026-03-31T22:35:00Z
mlb-823485,823485,2026-03-31,SCHEDULED,Washington Nationals,WSH,Philadelphia Phillies,PHI,0,0,Citizens Bank Park,2026-03-31T22:40:00Z,2026-03-31T22:40:00Z
mlb-823888,823888,2026-03-31,SCHEDULED,Chicago White Sox,CWS,Miami Marlins,MIA,0,0,loanDepot park,2026-03-31T22:40:00Z,2026-03-31T22:40:00Z
mlb-824537,824537,2026-03-31,SCHEDULED,Pittsburgh Pirates,PIT,Cincinnati Reds,CIN,0,0,Great American Ball Park,2026-03-31T22:40:00Z,2026-03-31T22:40:00Z
mlb-822836,822836,2026-03-31,SCHEDULED,Colorado Rockies,COL,Toronto Blue Jays,TOR,0,0,Rogers Centre,2026-03-31T23:07:00Z,2026-03-31T23:07:00Z
mlb-824942,824942,2026-03-31,SCHEDULED,Athletics,ATH,Atlanta Braves,ATL,0,0,Truist Park,2026-03-31T23:15:00Z,2026-03-31T23:15:00Z
mlb-823807,823807,2026-03-31,SCHEDULED,Tampa Bay Rays,TB,Milwaukee Brewers,MIL,0,0,American Family Field,2026-03-31T23:40:00Z,2026-03-31T23:40:00Z
mlb-824699,824699,2026-03-31,SCHEDULED,Los Angeles Angels,LAA,Chicago Cubs,CHC,0,0,Wrigley Field,2026-03-31T23:40:00Z,2026-03-31T23:40:00Z
mlb-823077,823077,2026-03-31,SCHEDULED,New York Mets,NYM,St. Louis Cardinals,STL,0,0,Busch Stadium,2026-03-31T23:45:00Z,2026-03-31T23:45:00Z
mlb-824212,824212,2026-03-31,SCHEDULED,Boston Red Sox,BOS,Houston Astros,HOU,0,0,Daikin Park,2026-04-01T00:10:00Z,2026-04-01T00:10:00Z
mlb-823158,823158,2026-03-31,SCHEDULED,New York Yankees,NYY,Seattle Mariners,SEA,0,0,T-Mobile Park,2026-04-01T01:40:00Z,2026-04-01T01:40:00Z
mlb-823322,823322,2026-03-31,SCHEDULED,San Francisco Giants,SF,San Diego Padres,SD,0,0,Petco Park,2026-04-01T01:40:00Z,2026-04-01T01:40:00Z
mlb-825107,825107,2026-03-31,SCHEDULED,Detroit Tigers,DET,Arizona Diamondbacks,ARI,0,0,Chase Field,2026-04-01T01:40:00Z,2026-04-01T01:40:00Z
mlb-823969,823969,2026-03-31,SCHEDULED,Cleveland Guardians,CLE,Los Angeles Dodgers,LAD,0,0,UNIQLO Field at Dodger Stadium,2026-04-01T02:10:00Z,2026-04-01T02:10:00Z
mlb-824940,824940,2026-04-01,SCHEDULED,Athletics,ATH,Atlanta Braves,ATL,0,0,Truist Park,2026-04-01T16:15:00Z,2026-04-01T16:15:00Z
mlb-824860,824860,2026-04-01,SCHEDULED,Texas Rangers,TEX,Baltimore Orioles,BAL,0,0,Oriole Park at Camden Yards,2026-04-01T16:35:00Z,2026-04-01T16:35:00Z
mlb-824536,824536,2026-04-01,SCHEDULED,Pittsburgh Pirates,PIT,Cincinnati Reds,CIN,0,0,Great American Ball Park,2026-04-01T16:40:00Z,2026-04-01T16:40:00Z
mlb-823483,823483,2026-04-01,SCHEDULED,Washington Nationals,WSH,Philadelphia Phillies,PHI,0,0,Citizens Bank Park,2026-04-01T17:05:00Z,2026-04-01T17:05:00Z
mlb-822835,822835,2026-04-01,SCHEDULED,Colorado Rockies,COL,Toronto Blue Jays,TOR,0,0,Rogers Centre,2026-04-01T17:07:00Z,2026-04-01T17:07:00Z
mlb-823889,823889,2026-04-01,SCHEDULED,Chicago White Sox,CWS,Miami Marlins,MIA,0,0,loanDepot park,2026-04-01T17:10:00Z,2026-04-01T17:10:00Z
mlb-823078,823078,2026-04-01,SCHEDULED,New York Mets,NYM,St. Louis Cardinals,STL,0,0,Busch Stadium,2026-04-01T17:15:00Z,2026-04-01T17:15:00Z
mlb-823806,823806,2026-04-01,SCHEDULED,Tampa Bay Rays,TB,Milwaukee Brewers,MIL,0,0,American Family Field,2026-04-01T17:40:00Z,2026-04-01T17:40:00Z
mlb-824211,824211,2026-04-01,SCHEDULED,Boston Red Sox,BOS,Houston Astros,HOU,0,0,Daikin Park,2026-04-01T18:10:00Z,2026-04-01T18:10:00Z
mlb-824698,824698,2026-04-01,SCHEDULED,Los Angeles Angels,LAA,Chicago Cubs,CHC,0,0,Wrigley Field,2026-04-01T18:20:00Z,2026-04-01T18:20:00Z
mlb-825106,825106,2026-04-01,SCHEDULED,Detroit Tigers,DET,Arizona Diamondbacks,ARI,0,0,Chase Field,2026-04-01T19:40:00Z,2026-04-01T19:40:00Z
mlb-823157,823157,2026-04-01,SCHEDULED,New York Yankees,NYY,Seattle Mariners,SEA,0,0,T-Mobile Park,2026-04-01T20:10:00Z,2026-04-01T20:10:00Z
mlb-823321,823321,2026-04-01,SCHEDULED,San Francisco Giants,SF,San Diego Padres,SD,0,0,Petco Park,2026-04-01T20:10:00Z,2026-04-01T20:10:00Z
mlb-824136,824136,2026-04-01,SCHEDULED,Minnesota Twins,MIN,Kansas City Royals,KC,0,0,Kauffman Stadium,2026-04-01T23:40:00Z,2026-04-01T23:40:00Z
mlb-823970,823970,2026-04-01,SCHEDULED,Cleveland Guardians,CLE,Los Angeles Dodgers,LAD,0,0,UNIQLO Field at Dodger Stadium,2026-04-02T00:20:00Z,2026-04-02T00:20:00Z
mlb-824133,824133,2026-04-02,SCHEDULED,Minnesota Twins,MIN,Kansas City Royals,KC,0,0,Kauffman Stadium,2026-04-02T18:10:00Z,2026-04-02T18:10:00Z
mlb-824621,824621,2026-04-02,SCHEDULED,Toronto Blue Jays,TOR,Chicago White Sox,CWS,0,0,Rate Field,2026-04-02T20:10:00Z,2026-04-02T20:10:00Z
mlb-825105,825105,2026-04-02,SCHEDULED,Atlanta Braves,ATL,Arizona Diamondbacks,ARI,0,0,Chase Field,2026-04-03T01:40:00Z,2026-04-03T01:40:00Z
mlb-823242,823242,2026-04-02,SCHEDULED,New York Mets,NYM,San Francisco Giants,SF,0,0,Oracle Park,2026-04-03T01:45:00Z,2026-04-03T01:45:00Z
mlb-822758,822758,2026-04-03,SCHEDULED,Los Angeles Dodgers,LAD,Washington Nationals,WSH,0,0,Nationals Park,2026-04-03T17:05:00Z,2026-04-03T17:05:00Z
mlb-824299,824299,2026-04-03,SCHEDULED,St. Louis Cardinals,STL,Detroit Tigers,DET,0,0,Comerica Park,2026-04-03T17:10:00Z,2026-04-03T17:10:00Z
mlb-823568,823568,2026-04-03,SCHEDULED,Miami Marlins,MIA,New York Yankees,NYY,0,0,Yankee Stadium,2026-04-03T17:35:00Z,2026-04-03T17:35:00Z
mlb-824621,824621,2026-04-03,SCHEDULED,Toronto Blue Jays,TOR,Chicago White Sox,CWS,0,0,Rate Field,2026-04-03T18:10:00Z,2026-04-03T18:10:00Z
mlb-824786,824786,2026-04-03,SCHEDULED,San Diego Padres,SD,Boston Red Sox,BOS,0,0,Fenway Park,2026-04-03T18:10:00Z,2026-04-03T18:10:00Z
mlb-822919,822919,2026-04-03,SCHEDULED,Cincinnati Reds,CIN,Texas Rangers,TEX,0,0,Globe Life Field,2026-04-03T20:05:00Z,2026-04-03T20:05:00Z
mlb-823732,823732,2026-04-03,SCHEDULED,Tampa Bay Rays,TB,Minnesota Twins,MIN,0,0,Target Field,2026-04-03T20:10:00Z,2026-04-03T20:10:00Z
mlb-824377,824377,2026-04-03,SCHEDULED,Philadelphia Phillies,PHI,Colorado Rockies,COL,0,0,Coors Field,2026-04-03T20:10:00Z,2026-04-03T20:10:00Z
mlb-824458,824458,2026-04-03,SCHEDULED,Chicago Cubs,CHC,Cleveland Guardians,CLE,0,0,Progressive Field,2026-04-03T20:10:00Z,2026-04-03T20:10:00Z
mlb-823406,823406,2026-04-03,SCHEDULED,Baltimore Orioles,BAL,Pittsburgh Pirates,PIT,0,0,PNC Park,2026-04-03T20:12:00Z,2026-04-03T20:12:00Z
mlb-824134,824134,2026-04-03,SCHEDULED,Milwaukee Brewers,MIL,Kansas City Royals,KC,0,0,Kauffman Stadium,2026-04-03T23:45:00Z,2026-04-03T23:45:00Z
mlb-824056,824056,2026-04-03,SCHEDULED,Seattle Mariners,SEA,Los Angeles Angels,LAA,0,0,Angel Stadium,2026-04-04T01:38:00Z,2026-04-04T01:38:00Z
mlb-825026,825026,2026-04-03,SCHEDULED,Houston Astros,HOU,Athletics,ATH,0,0,Sutter Health Park,2026-04-04T01:40:00Z,2026-04-04T01:40:00Z
mlb-825103,825103,2026-04-03,SCHEDULED,Atlanta Braves,ATL,Arizona Diamondbacks,ARI,0,0,Chase Field,2026-04-04T01:45:00Z,2026-04-04T01:45:00Z
mlb-823240,823240,2026-04-03,SCHEDULED,New York Mets,NYM,San Francisco Giants,SF,0,0,Oracle Park,2026-04-04T02:15:00Z,2026-04-04T02:15:00Z
mlb-824295,824295,2026-04-04,SCHEDULED,St. Louis Cardinals,STL,Detroit Tigers,DET,0,0,Comerica Park,2026-04-04T17:10:00Z,2026-04-04T17:10:00Z
mlb-824132,824132,2026-04-04,SCHEDULED,Milwaukee Brewers,MIL,Kansas City Royals,KC,0,0,Kauffman Stadium,2026-04-04T18:10:00Z,2026-04-04T18:10:00Z
mlb-824622,824622,2026-04-04,SCHEDULED,Toronto Blue Jays,TOR,Chicago White Sox,CWS,0,0,Rate Field,2026-04-04T18:10:00Z,2026-04-04T18:10:00Z
mlb-822757,822757,2026-04-04,SCHEDULED,Los Angeles Dodgers,LAD,Washington Nationals,WSH,0,0,Nationals Park,2026-04-04T20:05:00Z,2026-04-04T20:05:00Z
mlb-823404,823404,2026-04-04,SCHEDULED,Baltimore Orioles,BAL,Pittsburgh Pirates,PIT,0,0,PNC Park,2026-04-04T20:05:00Z,2026-04-04T20:05:00Z
mlb-825027,825027,2026-04-04,SCHEDULED,Houston Astros,HOU,Athletics,ATH,0,0,Sutter Health Park,2026-04-04T20:05:00Z,2026-04-04T20:05:00Z
mlb-824782,824782,2026-04-04,SCHEDULED,San Diego Padres,SD,Boston Red Sox,BOS,0,0,Fenway Park,2026-04-04T20:10:00Z,2026-04-04T20:10:00Z
mlb-822920,822920,2026-04-04,SCHEDULED,Cincinnati Reds,CIN,Texas Rangers,TEX,0,0,Globe Life Field,2026-04-04T23:05:00Z,2026-04-04T23:05:00Z
mlb-823569,823569,2026-04-04,SCHEDULED,Miami Marlins,MIA,New York Yankees,NYY,0,0,Yankee Stadium,2026-04-04T23:05:00Z,2026-04-04T23:05:00Z
mlb-823730,823730,2026-04-04,SCHEDULED,Tampa Bay Rays,TB,Minnesota Twins,MIN,0,0,Target Field,2026-04-04T23:10:00Z,2026-04-04T23:10:00Z
mlb-824134,824134,2026-04-04,SCHEDULED,Milwaukee Brewers,MIL,Kansas City Royals,KC,0,0,Kauffman Stadium,2026-04-04T23:10:00Z,2026-04-04T23:10:00Z
mlb-824460,824460,2026-04-04,SCHEDULED,Chicago Cubs,CHC,Cleveland Guardians,CLE,0,0,Progressive Field,2026-04-04T23:15:00Z,2026-04-04T23:15:00Z
mlb-825104,825104,2026-04-04,SCHEDULED,Atlanta Braves,ATL,Arizona Diamondbacks,ARI,0,0,Chase Field,2026-04-04T23:15:00Z,2026-04-04T23:15:00Z
mlb-824378,824378,2026-04-04,SCHEDULED,Philadelphia Phillies,PHI,Colorado Rockies,COL,0,0,Coors Field,2026-04-05T00:10:00Z,2026-04-05T00:10:00Z
mlb-823239,823239,2026-04-04,SCHEDULED,New York Mets,NYM,San Francisco Giants,SF,0,0,Oracle Park,2026-04-05T01:05:00Z,2026-04-05T01:05:00Z
mlb-824054,824054,2026-04-04,SCHEDULED,Seattle Mariners,SEA,Los Angeles Angels,LAA,0,0,Angel Stadium,2026-04-05T01:38:00Z,2026-04-05T01:38:00Z
mlb-824459,824459,2026-04-05,SCHEDULED,Chicago Cubs,CHC,Cleveland Guardians,CLE,0,0,Progressive Field,2026-04-05T17:10:00Z,2026-04-05T17:10:00Z
mlb-824460,824460,2026-04-05,SCHEDULED,Chicago Cubs,CHC,Cleveland Guardians,CLE,0,0,Progressive Field,2026-04-05T17:15:00Z,2026-04-05T17:15:00Z
mlb-822756,822756,2026-04-05,SCHEDULED,Los Angeles Dodgers,LAD,Washington Nationals,WSH,0,0,Nationals Park,2026-04-05T17:35:00Z,2026-04-05T17:35:00Z
mlb-823405,823405,2026-04-05,SCHEDULED,Baltimore Orioles,BAL,Pittsburgh Pirates,PIT,0,0,PNC Park,2026-04-05T17:35:00Z,2026-04-05T17:35:00Z
mlb-823566,823566,2026-04-05,SCHEDULED,Miami Marlins,MIA,New York Yankees,NYY,0,0,Yankee Stadium,2026-04-05T17:35:00Z,2026-04-05T17:35:00Z
mlb-824781,824781,2026-04-05,SCHEDULED,San Diego Padres,SD,Boston Red Sox,BOS,0,0,Fenway Park,2026-04-05T17:35:00Z,2026-04-05T17:35:00Z
mlb-823729,823729,2026-04-05,SCHEDULED,Tampa Bay Rays,TB,Minnesota Twins,MIN,0,0,Target Field,2026-04-05T18:10:00Z,2026-04-05T18:10:00Z
mlb-824131,824131,2026-04-05,SCHEDULED,Milwaukee Brewers,MIL,Kansas City Royals,KC,0,0,Kauffman Stadium,2026-04-05T18:10:00Z,2026-04-05T18:10:00Z
mlb-824620,824620,2026-04-05,SCHEDULED,Toronto Blue Jays,TOR,Chicago White Sox,CWS,0,0,Rate Field,2026-04-05T18:10:00Z,2026-04-05T18:10:00Z
mlb-822917,822917,2026-04-05,SCHEDULED,Cincinnati Reds,CIN,Texas Rangers,TEX,0,0,Globe Life Field,2026-04-05T18:35:00Z,2026-04-05T18:35:00Z
mlb-824379,824379,2026-04-05,SCHEDULED,Philadelphia Phillies,PHI,Colorado Rockies,COL,0,0,Coors Field,2026-04-05T19:10:00Z,2026-04-05T19:10:00Z
mlb-823238,823238,2026-04-05,SCHEDULED,New York Mets,NYM,San Francisco Giants,SF,0,0,Oracle Park,2026-04-05T20:05:00Z,2026-04-05T20:05:00Z
mlb-825025,825025,2026-04-05,SCHEDULED,Houston Astros,HOU,Athletics,ATH,0,0,Sutter Health Park,2026-04-05T20:05:00Z,2026-04-05T20:05:00Z
mlb-824053,824053,2026-04-05,SCHEDULED,Seattle Mariners,SEA,Los Angeles Angels,LAA,0,0,Angel Stadium,2026-04-05T20:07:00Z,2026-04-05T20:07:00Z
mlb-825102,825102,2026-04-05,SCHEDULED,Atlanta Braves,ATL,Arizona Diamondbacks,ARI,0,0,Chase Field,2026-04-05T20:10:00Z,2026-04-05T20:10:00Z
mlb-824296,824296,2026-04-05,SCHEDULED,St. Louis Cardinals,STL,Detroit Tigers,DET,0,0,Comerica Park,2026-04-05T23:20:00Z,2026-04-05T23:20:00Z
mlb-823002,823002,2026-04-06,SCHEDULED,Chicago Cubs,CHC,Tampa Bay Rays,TB,0,0,Tropicana Field,2026-04-06T20:10:00Z,2026-04-06T20:10:00Z
mlb-824456,824456,2026-04-06,SCHEDULED,Kansas City Royals,KC,Cleveland Guardians,CLE,0,0,Progressive Field,2026-04-06T22:10:00Z,2026-04-06T22:10:00Z
mlb-823401,823401,2026-04-06,SCHEDULED,San Diego Padres,SD,Pittsburgh Pirates,PIT,0,0,PNC Park,2026-04-06T22:40:00Z,2026-04-06T22:40:00Z
mlb-823886,823886,2026-04-06,SCHEDULED,Cincinnati Reds,CIN,Miami Marlins,MIA,0,0,loanDepot park,2026-04-06T22:40:00Z,2026-04-06T22:40:00Z
mlb-822755,822755,2026-04-06,SCHEDULED,St. Louis Cardinals,STL,Washington Nationals,WSH,0,0,Nationals Park,2026-04-06T22:45:00Z,2026-04-06T22:45:00Z
mlb-824783,824783,2026-04-06,SCHEDULED,Milwaukee Brewers,MIL,Boston Red Sox,BOS,0,0,Fenway Park,2026-04-06T22:45:00Z,2026-04-06T22:45:00Z
mlb-822832,822832,2026-04-06,SCHEDULED,Los Angeles Dodgers,LAD,Toronto Blue Jays,TOR,0,0,Rogers Centre,2026-04-06T23:07:00Z,2026-04-06T23:07:00Z
mlb-823728,823728,2026-04-06,SCHEDULED,Detroit Tigers,DET,Minnesota Twins,MIN,0,0,Target Field,2026-04-06T23:40:00Z,2026-04-06T23:40:00Z
mlb-824619,824619,2026-04-06,SCHEDULED,Baltimore Orioles,BAL,Chicago White Sox,CWS,0,0,Rate Field,2026-04-06T23:40:00Z,2026-04-06T23:40:00Z
mlb-822918,822918,2026-04-06,SCHEDULED,Seattle Mariners,SEA,Texas Rangers,TEX,0,0,Globe Life Field,2026-04-07T00:05:00Z,2026-04-07T00:05:00Z
mlb-824376,824376,2026-04-06,SCHEDULED,Houston Astros,HOU,Colorado Rockies,COL,0,0,Coors Field,2026-04-07T00:40:00Z,2026-04-07T00:40:00Z
mlb-824052,824052,2026-04-06,SCHEDULED,Atlanta Braves,ATL,Los Angeles Angels,LAA,0,0,Angel Stadium,2026-04-07T01:38:00Z,2026-04-07T01:38:00Z
mlb-823237,823237,2026-04-06,SCHEDULED,Philadelphia Phillies,PHI,San Francisco Giants,SF,0,0,Oracle Park,2026-04-07T01:45:00Z,2026-04-07T01:45:00Z
mlb-824457,824457,2026-04-07,SCHEDULED,Kansas City Royals,KC,Cleveland Guardians,CLE,0,0,Progressive Field,2026-04-07T17:10:00Z,2026-04-07T17:10:00Z
mlb-824618,824618,2026-04-07,SCHEDULED,Baltimore Orioles,BAL,Chicago White Sox,CWS,0,0,Rate Field,2026-04-07T19:10:00Z,2026-04-07T19:10:00Z
mlb-823648,823648,2026-04-07,SCHEDULED,Arizona Diamondbacks,ARI,New York Mets,NYM,0,0,Citi Field,2026-04-07T20:10:00Z,2026-04-07T20:10:00Z
mlb-822999,822999,2026-04-07,SCHEDULED,Chicago Cubs,CHC,Tampa Bay Rays,TB,0,0,Tropicana Field,2026-04-07T22:40:00Z,2026-04-07T22:40:00Z
mlb-823402,823402,2026-04-07,SCHEDULED,San Diego Padres,SD,Pittsburgh Pirates,PIT,0,0,PNC Park,2026-04-07T22:40:00Z,2026-04-07T22:40:00Z
mlb-823887,823887,2026-04-07,SCHEDULED,Cincinnati Reds,CIN,Miami Marlins,MIA,0,0,loanDepot park,2026-04-07T22:40:00Z,2026-04-07T22:40:00Z
mlb-822754,822754,2026-04-07,SCHEDULED,St. Louis Cardinals,STL,Washington Nationals,WSH,0,0,Nationals Park,2026-04-07T22:45:00Z,2026-04-07T22:45:00Z
mlb-824780,824780,2026-04-07,SCHEDULED,Milwaukee Brewers,MIL,Boston Red Sox,BOS,0,0,Fenway Park,2026-04-07T22:45:00Z,2026-04-07T22:45:00Z
mlb-823567,823567,2026-04-07,SCHEDULED,Athletics,ATH,New York Yankees,NYY,0,0,Yankee Stadium,2026-04-07T23:05:00Z,2026-04-07T23:05:00Z
mlb-822831,822831,2026-04-07,SCHEDULED,Los Angeles Dodgers,LAD,Toronto Blue Jays,TOR,0,0,Rogers Centre,2026-04-07T23:07:00Z,2026-04-07T23:07:00Z
mlb-823727,823727,2026-04-07,SCHEDULED,Detroit Tigers,DET,Minnesota Twins,MIN,0,0,Target Field,2026-04-07T23:40:00Z,2026-04-07T23:40:00Z
mlb-822916,822916,2026-04-07,SCHEDULED,Seattle Mariners,SEA,Texas Rangers,TEX,0,0,Globe Life Field,2026-04-08T00:05:00Z,2026-04-08T00:05:00Z
mlb-824375,824375,2026-04-07,SCHEDULED,Houston Astros,HOU,Colorado Rockies,COL,0,0,Coors Field,2026-04-08T00:40:00Z,2026-04-08T00:40:00Z
mlb-824051,824051,2026-04-07,SCHEDULED,Atlanta Braves,ATL,Los Angeles Angels,LAA,0,0,Angel Stadium,2026-04-08T01:38:00Z,2026-04-08T01:38:00Z
mlb-823235,823235,2026-04-07,SCHEDULED,Philadelphia Phillies,PHI,San Francisco Giants,SF,0,0,Oracle Park,2026-04-08T01:45:00Z,2026-04-08T01:45:00Z
mlb-823403,823403,2026-04-08,SCHEDULED,San Diego Padres,SD,Pittsburgh Pirates,PIT,0,0,PNC Park,2026-04-08T16:35:00Z,2026-04-08T16:35:00Z
mlb-824455,824455,2026-04-08,SCHEDULED,Kansas City Royals,KC,Cleveland Guardians,CLE,0,0,Progressive Field,2026-04-08T17:10:00Z,2026-04-08T17:10:00Z
mlb-824779,824779,2026-04-08,SCHEDULED,Milwaukee Brewers,MIL,Boston Red Sox,BOS,0,0,Fenway Park,2026-04-08T17:35:00Z,2026-04-08T17:35:00Z
mlb-824617,824617,2026-04-08,SCHEDULED,Baltimore Orioles,BAL,Chicago White Sox,CWS,0,0,Rate Field,2026-04-08T18:10:00Z,2026-04-08T18:10:00Z
mlb-822915,822915,2026-04-08,SCHEDULED,Seattle Mariners,SEA,Texas Rangers,TEX,0,0,Globe Life Field,2026-04-08T18:35:00Z,2026-04-08T18:35:00Z
mlb-822833,822833,2026-04-08,SCHEDULED,Los Angeles Dodgers,LAD,Toronto Blue Jays,TOR,0,0,Rogers Centre,2026-04-08T19:07:00Z,2026-04-08T19:07:00Z
mlb-824374,824374,2026-04-08,SCHEDULED,Houston Astros,HOU,Colorado Rockies,COL,0,0,Coors Field,2026-04-08T19:10:00Z,2026-04-08T19:10:00Z
mlb-823234,823234,2026-04-08,SCHEDULED,Philadelphia Phillies,PHI,San Francisco Giants,SF,0,0,Oracle Park,2026-04-08T19:45:00Z,2026-04-08T19:45:00Z
mlb-822753,822753,2026-04-08,SCHEDULED,St. Louis Cardinals,STL,Washington Nationals,WSH,0,0,Nationals Park,2026-04-08T20:05:00Z,2026-04-08T20:05:00Z
mlb-824050,824050,2026-04-08,SCHEDULED,Atlanta Braves,ATL,Los Angeles Angels,LAA,0,0,Angel Stadium,2026-04-08T20:07:00Z,2026-04-08T20:07:00Z
mlb-823646,823646,2026-04-08,SCHEDULED,Arizona Diamondbacks,ARI,New York Mets,NYM,0,0,Citi Field,2026-04-08T20:10:00Z,2026-04-08T20:10:00Z
mlb-823000,823000,2026-04-08,SCHEDULED,Chicago Cubs,CHC,Tampa Bay Rays,TB,0,0,Tropicana Field,2026-04-08T22:40:00Z,2026-04-08T22:40:00Z
mlb-823885,823885,2026-04-08,SCHEDULED,Cincinnati Reds,CIN,Miami Marlins,MIA,0,0,loanDepot park,2026-04-08T22:40:00Z,2026-04-08T22:40:00Z
mlb-823564,823564,2026-04-08,SCHEDULED,Athletics,ATH,New York Yankees,NYY,0,0,Yankee Stadium,2026-04-08T23:05:00Z,2026-04-08T23:05:00Z
mlb-823726,823726,2026-04-08,SCHEDULED,Detroit Tigers,DET,Minnesota Twins,MIN,0,0,Target Field,2026-04-08T23:40:00Z,2026-04-08T23:40:00Z
mlb-823884,823884,2026-04-09,SCHEDULED,Cincinnati Reds,CIN,Miami Marlins,MIA,0,0,loanDepot park,2026-04-09T16:10:00Z,2026-04-09T16:10:00Z
mlb-823565,823565,2026-04-09,SCHEDULED,Athletics,ATH,New York Yankees,NYY,0,0,Yankee Stadium,2026-04-09T17:35:00Z,2026-04-09T17:35:00Z
mlb-823724,823724,2026-04-09,SCHEDULED,Detroit Tigers,DET,Minnesota Twins,MIN,0,0,Target Field,2026-04-09T17:40:00Z,2026-04-09T17:40:00Z
mlb-823645,823645,2026-04-09,SCHEDULED,Arizona Diamondbacks,ARI,New York Mets,NYM,0,0,Citi Field,2026-04-09T23:10:00Z,2026-04-09T23:10:00Z
mlb-824130,824130,2026-04-09,SCHEDULED,Chicago White Sox,CWS,Kansas City Royals,KC,0,0,Kauffman Stadium,2026-04-09T23:40:00Z,2026-04-09T23:40:00Z
mlb-823319,823319,2026-04-09,SCHEDULED,Colorado Rockies,COL,San Diego Padres,SD,0,0,Petco Park,2026-04-10T01:40:00Z,2026-04-10T01:40:00Z
mlb-824695,824695,2026-04-10,SCHEDULED,Pittsburgh Pirates,PIT,Chicago Cubs,CHC,0,0,Wrigley Field,2026-04-10T18:20:00Z,2026-04-10T18:20:00Z
mlb-823482,823482,2026-04-10,SCHEDULED,Arizona Diamondbacks,ARI,Philadelphia Phillies,PHI,0,0,Citizens Bank Park,2026-04-10T22:40:00Z,2026-04-10T22:40:00Z
mlb-824297,824297,2026-04-10,SCHEDULED,Miami Marlins,MIA,Detroit Tigers,DET,0,0,Comerica Park,2026-04-10T22:40:00Z,2026-04-10T22:40:00Z
mlb-824534,824534,2026-04-10,SCHEDULED,Los Angeles Angels,LAA,Cincinnati Reds,CIN,0,0,Great American Ball Park,2026-04-10T22:45:00Z,2026-04-10T22:45:00Z
mlb-822829,822829,2026-04-10,SCHEDULED,Minnesota Twins,MIN,Toronto Blue Jays,TOR,0,0,Rogers Centre,2026-04-10T23:07:00Z,2026-04-10T23:07:00Z
mlb-822997,822997,2026-04-10,SCHEDULED,New York Yankees,NYY,Tampa Bay Rays,TB,0,0,Tropicana Field,2026-04-10T23:10:00Z,2026-04-10T23:10:00Z
mlb-823643,823643,2026-04-10,SCHEDULED,Athletics,ATH,New York Mets,NYM,0,0,Citi Field,2026-04-10T23:10:00Z,2026-04-10T23:10:00Z
mlb-824858,824858,2026-04-10,SCHEDULED,San Francisco Giants,SF,Baltimore Orioles,BAL,0,0,Oriole Park at Camden Yards,2026-04-10T23:15:00Z,2026-04-10T23:15:00Z
mlb-824941,824941,2026-04-10,SCHEDULED,Cleveland Guardians,CLE,Atlanta Braves,ATL,0,0,Truist Park,2026-04-10T23:15:00Z,2026-04-10T23:15:00Z
mlb-823808,823808,2026-04-10,SCHEDULED,Washington Nationals,WSH,Milwaukee Brewers,MIL,0,0,American Family Field,2026-04-10T23:40:00Z,2026-04-10T23:40:00Z
mlb-824128,824128,2026-04-10,SCHEDULED,Chicago White Sox,CWS,Kansas City Royals,KC,0,0,Kauffman Stadium,2026-04-10T23:40:00Z,2026-04-10T23:40:00Z
mlb-823076,823076,2026-04-10,SCHEDULED,Boston Red Sox,BOS,St. Louis Cardinals,STL,0,0,Busch Stadium,2026-04-11T00:15:00Z,2026-04-11T00:15:00Z
mlb-823156,823156,2026-04-10,SCHEDULED,Houston Astros,HOU,Seattle Mariners,SEA,0,0,T-Mobile Park,2026-04-11T01:40:00Z,2026-04-11T01:40:00Z
mlb-823318,823318,2026-04-10,SCHEDULED,Colorado Rockies,COL,San Diego Padres,SD,0,0,Petco Park,2026-04-11T01:40:00Z,2026-04-11T01:40:00Z
mlb-823968,823968,2026-04-10,SCHEDULED,Texas Rangers,TEX,Los Angeles Dodgers,LAD,0,0,UNIQLO Field at Dodger Stadium,2026-04-11T02:10:00Z,2026-04-11T02:10:00Z
mlb-823480,823480,2026-04-11,SCHEDULED,Arizona Diamondbacks,ARI,Philadelphia Phillies,PHI,0,0,Citizens Bank Park,2026-04-11T17:05:00Z,2026-04-11T17:05:00Z
mlb-824294,824294,2026-04-11,SCHEDULED,Miami Marlins,MIA,Detroit Tigers,DET,0,0,Comerica Park,2026-04-11T17:10:00Z,2026-04-11T17:10:00Z
mlb-824697,824697,2026-04-11,SCHEDULED,Pittsburgh Pirates,PIT,Chicago Cubs,CHC,0,0,Wrigley Field,2026-04-11T18:20:00Z,2026-04-11T18:20:00Z
mlb-822830,822830,2026-04-11,SCHEDULED,Minnesota Twins,MIN,Toronto Blue Jays,TOR,0,0,Rogers Centre,2026-04-11T19:07:00Z,2026-04-11T19:07:00Z
mlb-823644,823644,2026-04-11,SCHEDULED,Athletics,ATH,New York Mets,NYM,0,0,Citi Field,2026-04-11T20:10:00Z,2026-04-11T20:10:00Z
mlb-824129,824129,2026-04-11,SCHEDULED,Chicago White Sox,CWS,Kansas City Royals,KC,0,0,Kauffman Stadium,2026-04-11T20:10:00Z,2026-04-11T20:10:00Z
mlb-824535,824535,2026-04-11,SCHEDULED,Los Angeles Angels,LAA,Cincinnati Reds,CIN,0,0,Great American Ball Park,2026-04-11T20:10:00Z,2026-04-11T20:10:00Z
mlb-822996,822996,2026-04-11,SCHEDULED,New York Yankees,NYY,Tampa Bay Rays,TB,0,0,Tropicana Field,2026-04-11T22:10:00Z,2026-04-11T22:10:00Z
mlb-823805,823805,2026-04-11,SCHEDULED,Washington Nationals,WSH,Milwaukee Brewers,MIL,0,0,American Family Field,2026-04-11T23:10:00Z,2026-04-11T23:10:00Z
mlb-823074,823074,2026-04-11,SCHEDULED,Boston Red Sox,BOS,St. Louis Cardinals,STL,0,0,Busch Stadium,2026-04-11T23:15:00Z,2026-04-11T23:15:00Z
mlb-824857,824857,2026-04-11,SCHEDULED,San Francisco Giants,SF,Baltimore Orioles,BAL,0,0,Oriole Park at Camden Yards,2026-04-11T23:15:00Z,2026-04-11T23:15:00Z
mlb-824939,824939,2026-04-11,SCHEDULED,Cleveland Guardians,CLE,Atlanta Braves,ATL,0,0,Truist Park,2026-04-11T23:15:00Z,2026-04-11T23:15:00Z
mlb-823316,823316,2026-04-11,SCHEDULED,Colorado Rockies,COL,San Diego Padres,SD,0,0,Petco Park,2026-04-12T00:40:00Z,2026-04-12T00:40:00Z
mlb-823967,823967,2026-04-11,SCHEDULED,Texas Rangers,TEX,Los Angeles Dodgers,LAD,0,0,UNIQLO Field at Dodger Stadium,2026-04-12T01:10:00Z,2026-04-12T01:10:00Z
mlb-823155,823155,2026-04-11,SCHEDULED,Houston Astros,HOU,Seattle Mariners,SEA,0,0,T-Mobile Park,2026-04-12T01:40:00Z,2026-04-12T01:40:00Z
mlb-823479,823479,2026-04-12,SCHEDULED,Arizona Diamondbacks,ARI,Philadelphia Phillies,PHI,0,0,Citizens Bank Park,2026-04-12T17:35:00Z,2026-04-12T17:35:00Z
mlb-824859,824859,2026-04-12,SCHEDULED,San Francisco Giants,SF,Baltimore Orioles,BAL,0,0,Oriole Park at Camden Yards,2026-04-12T17:35:00Z,2026-04-12T17:35:00Z
mlb-822828,822828,2026-04-12,SCHEDULED,Minnesota Twins,MIN,Toronto Blue Jays,TOR,0,0,Rogers Centre,2026-04-12T17:37:00Z,2026-04-12T17:37:00Z
mlb-822998,822998,2026-04-12,SCHEDULED,New York Yankees,NYY,Tampa Bay Rays,TB,0,0,Tropicana Field,2026-04-12T17:40:00Z,2026-04-12T17:40:00Z
mlb-823642,823642,2026-04-12,SCHEDULED,Athletics,ATH,New York Mets,NYM,0,0,Citi Field,2026-04-12T17:40:00Z,2026-04-12T17:40:00Z
mlb-824293,824293,2026-04-12,SCHEDULED,Miami Marlins,MIA,Detroit Tigers,DET,0,0,Comerica Park,2026-04-12T17:40:00Z,2026-04-12T17:40:00Z
mlb-824533,824533,2026-04-12,SCHEDULED,Los Angeles Angels,LAA,Cincinnati Reds,CIN,0,0,Great American Ball Park,2026-04-12T17:40:00Z,2026-04-12T17:40:00Z
mlb-823804,823804,2026-04-12,SCHEDULED,Washington Nationals,WSH,Milwaukee Brewers,MIL,0,0,American Family Field,2026-04-12T18:10:00Z,2026-04-12T18:10:00Z
mlb-824126,824126,2026-04-12,SCHEDULED,Chicago White Sox,CWS,Kansas City Royals,KC,0,0,Kauffman Stadium,2026-04-12T18:10:00Z,2026-04-12T18:10:00Z
mlb-823075,823075,2026-04-12,SCHEDULED,Boston Red Sox,BOS,St. Louis Cardinals,STL,0,0,Busch Stadium,2026-04-12T18:15:00Z,2026-04-12T18:15:00Z
mlb-824696,824696,2026-04-12,SCHEDULED,Pittsburgh Pirates,PIT,Chicago Cubs,CHC,0,0,Wrigley Field,2026-04-12T18:20:00Z,2026-04-12T18:20:00Z
mlb-823154,823154,2026-04-12,SCHEDULED,Houston Astros,HOU,Seattle Mariners,SEA,0,0,T-Mobile Park,2026-04-12T20:10:00Z,2026-04-12T20:10:00Z
mlb-823317,823317,2026-04-12,SCHEDULED,Colorado Rockies,COL,San Diego Padres,SD,0,0,Petco Park,2026-04-12T20:10:00Z,2026-04-12T20:10:00Z
mlb-823966,823966,2026-04-12,SCHEDULED,Texas Rangers,TEX,Los Angeles Dodgers,LAD,0,0,UNIQLO Field at Dodger Stadium,2026-04-12T20:10:00Z,2026-04-12T20:10:00Z
mlb-824938,824938,2026-04-12,SCHEDULED,Cleveland Guardians,CLE,Atlanta Braves,ATL,0,0,Truist Park,2026-04-12T23:20:00Z,2026-04-12T23:20:00Z
mlb-823153,823153,2026-04-13,SCHEDULED,Houston Astros,HOU,Seattle Mariners,SEA,0,0,T-Mobile Park,2026-04-13T20:10:00Z,2026-04-13T20:10:00Z
mlb-824856,824856,2026-04-13,SCHEDULED,Arizona Diamondbacks,ARI,Baltimore Orioles,BAL,0,0,Oriole Park at Camden Yards,2026-04-13T22:35:00Z,2026-04-13T22:35:00Z
mlb-823400,823400,2026-04-13,SCHEDULED,Washington Nationals,WSH,Pittsburgh Pirates,PIT,0,0,PNC Park,2026-04-13T22:40:00Z,2026-04-13T22:40:00Z
mlb-823481,823481,2026-04-13,SCHEDULED,Chicago Cubs,CHC,Philadelphia Phillies,PHI,0,0,Citizens Bank Park,2026-04-13T22:40:00Z,2026-04-13T22:40:00Z
mlb-823563,823563,2026-04-13,SCHEDULED,Los Angeles Angels,LAA,New York Yankees,NYY,0,0,Yankee Stadium,2026-04-13T23:05:00Z,2026-04-13T23:05:00Z
mlb-824937,824937,2026-04-13,SCHEDULED,Miami Marlins,MIA,Atlanta Braves,ATL,0,0,Truist Park,2026-04-13T23:15:00Z,2026-04-13T23:15:00Z
mlb-823725,823725,2026-04-13,SCHEDULED,Boston Red Sox,BOS,Minnesota Twins,MIN,0,0,Target Field,2026-04-13T23:40:00Z,2026-04-13T23:40:00Z
mlb-823073,823073,2026-04-13,SCHEDULED,Cleveland Guardians,CLE,St. Louis Cardinals,STL,0,0,Busch Stadium,2026-04-13T23:45:00Z,2026-04-13T23:45:00Z
mlb-825024,825024,2026-04-13,SCHEDULED,Texas Rangers,TEX,Athletics,ATH,0,0,Sutter Health Park,2026-04-14T01:40:00Z,2026-04-14T01:40:00Z
mlb-823964,823964,2026-04-13,SCHEDULED,New York Mets,NYM,Los Angeles Dodgers,LAD,0,0,UNIQLO Field at Dodger Stadium,2026-04-14T02:10:00Z,2026-04-14T02:10:00Z
mlb-824853,824853,2026-04-14,SCHEDULED,Arizona Diamondbacks,ARI,Baltimore Orioles,BAL,0,0,Oriole Park at Camden Yards,2026-04-14T22:35:00Z,2026-04-14T22:35:00Z
mlb-823398,823398,2026-04-14,SCHEDULED,Washington Nationals,WSH,Pittsburgh Pirates,PIT,0,0,PNC Park,2026-04-14T22:40:00Z,2026-04-14T22:40:00Z
mlb-823478,823478,2026-04-14,SCHEDULED,Chicago Cubs,CHC,Philadelphia Phillies,PHI,0,0,Citizens Bank Park,2026-04-14T22:40:00Z,2026-04-14T22:40:00Z
mlb-824292,824292,2026-04-14,SCHEDULED,Kansas City Royals,KC,Detroit Tigers,DET,0,0,Comerica Park,2026-04-14T22:40:00Z,2026-04-14T22:40:00Z
mlb-824531,824531,2026-04-14,SCHEDULED,San Francisco Giants,SF,Cincinnati Reds,CIN,0,0,Great American Ball Park,2026-04-14T22:40:00Z,2026-04-14T22:40:00Z
mlb-823562,823562,2026-04-14,SCHEDULED,Los Angeles Angels,LAA,New York Yankees,NYY,0,0,Yankee Stadium,2026-04-14T23:05:00Z,2026-04-14T23:05:00Z
mlb-824935,824935,2026-04-14,SCHEDULED,Miami Marlins,MIA,Atlanta Braves,ATL,0,0,Truist Park,2026-04-14T23:15:00Z,2026-04-14T23:15:00Z
mlb-823723,823723,2026-04-14,SCHEDULED,Boston Red Sox,BOS,Minnesota Twins,MIN,0,0,Target Field,2026-04-14T23:40:00Z,2026-04-14T23:40:00Z
mlb-823802,823802,2026-04-14,SCHEDULED,Toronto Blue Jays,TOR,Milwaukee Brewers,MIL,0,0,American Family Field,2026-04-14T23:40:00Z,2026-04-14T23:40:00Z
mlb-824616,824616,2026-04-14,SCHEDULED,Tampa Bay Rays,TB,Chicago White Sox,CWS,0,0,Rate Field,2026-04-14T23:40:00Z,2026-04-14T23:40:00Z
mlb-823072,823072,2026-04-14,SCHEDULED,Cleveland Guardians,CLE,St. Louis Cardinals,STL,0,0,Busch Stadium,2026-04-14T23:45:00Z,2026-04-14T23:45:00Z
mlb-824210,824210,2026-04-14,SCHEDULED,Colorado Rockies,COL,Houston Astros,HOU,0,0,Daikin Park,2026-04-15T00:10:00Z,2026-04-15T00:10:00Z
mlb-823315,823315,2026-04-14,SCHEDULED,Seattle Mariners,SEA,San Diego Padres,SD,0,0,Petco Park,2026-04-15T01:40:00Z,2026-04-15T01:40:00Z
mlb-825022,825022,2026-04-14,SCHEDULED,Texas Rangers,TEX,Athletics,ATH,0,0,Sutter Health Park,2026-04-15T01:40:00Z,2026-04-15T01:40:00Z
mlb-823965,823965,2026-04-14,SCHEDULED,New York Mets,NYM,Los Angeles Dodgers,LAD,0,0,UNIQLO Field at Dodger Stadium,2026-04-15T02:10:00Z,2026-04-15T02:10:00Z
mlb-824855,824855,2026-04-15,SCHEDULED,Arizona Diamondbacks,ARI,Baltimore Orioles,BAL,0,0,Oriole Park at Camden Yards,2026-04-15T16:35:00Z,2026-04-15T16:35:00Z
mlb-823071,823071,2026-04-15,SCHEDULED,Cleveland Guardians,CLE,St. Louis Cardinals,STL,0,0,Busch Stadium,2026-04-15T17:15:00Z,2026-04-15T17:15:00Z
mlb-823722,823722,2026-04-15,SCHEDULED,Boston Red Sox,BOS,Minnesota Twins,MIN,0,0,Target Field,2026-04-15T17:40:00Z,2026-04-15T17:40:00Z
mlb-823399,823399,2026-04-15,SCHEDULED,Washington Nationals,WSH,Pittsburgh Pirates,PIT,0,0,PNC Park,2026-04-15T22:40:00Z,2026-04-15T22:40:00Z
mlb-823477,823477,2026-04-15,SCHEDULED,Chicago Cubs,CHC,Philadelphia Phillies,PHI,0,0,Citizens Bank Park,2026-04-15T22:40:00Z,2026-04-15T22:40:00Z
mlb-824291,824291,2026-04-15,SCHEDULED,Kansas City Royals,KC,Detroit Tigers,DET,0,0,Comerica Park,2026-04-15T22:40:00Z,2026-04-15T22:40:00Z
mlb-824532,824532,2026-04-15,SCHEDULED,San Francisco Giants,SF,Cincinnati Reds,CIN,0,0,Great American Ball Park,2026-04-15T22:40:00Z,2026-04-15T22:40:00Z
mlb-823561,823561,2026-04-15,SCHEDULED,Los Angeles Angels,LAA,New York Yankees,NYY,0,0,Yankee Stadium,2026-04-15T23:05:00Z,2026-04-15T23:05:00Z
mlb-824936,824936,2026-04-15,SCHEDULED,Miami Marlins,MIA,Atlanta Braves,ATL,0,0,Truist Park,2026-04-15T23:15:00Z,2026-04-15T23:15:00Z
mlb-823803,823803,2026-04-15,SCHEDULED,Toronto Blue Jays,TOR,Milwaukee Brewers,MIL,0,0,American Family Field,2026-04-15T23:40:00Z,2026-04-15T23:40:00Z
mlb-824615,824615,2026-04-15,SCHEDULED,Tampa Bay Rays,TB,Chicago White Sox,CWS,0,0,Rate Field,2026-04-15T23:40:00Z,2026-04-15T23:40:00Z
mlb-824209,824209,2026-04-15,SCHEDULED,Colorado Rockies,COL,Houston Astros,HOU,0,0,Daikin Park,2026-04-16T00:10:00Z,2026-04-16T00:10:00Z
mlb-823314,823314,2026-04-15,SCHEDULED,Seattle Mariners,SEA,San Diego Padres,SD,0,0,Petco Park,2026-04-16T01:40:00Z,2026-04-16T01:40:00Z
mlb-825021,825021,2026-04-15,SCHEDULED,Texas Rangers,TEX,Athletics,ATH,0,0,Sutter Health Park,2026-04-16T01:40:00Z,2026-04-16T01:40:00Z
mlb-823963,823963,2026-04-15,SCHEDULED,New York Mets,NYM,Los Angeles Dodgers,LAD,0,0,UNIQLO Field at Dodger Stadium,2026-04-16T02:10:00Z,2026-04-16T02:10:00Z
mlb-823396,823396,2026-04-16,SCHEDULED,Washington Nationals,WSH,Pittsburgh Pirates,PIT,0,0,PNC Park,2026-04-16T16:35:00Z,2026-04-16T16:35:00Z
mlb-824530,824530,2026-04-16,SCHEDULED,San Francisco Giants,SF,Cincinnati Reds,CIN,0,0,Great American Ball Park,2026-04-16T16:40:00Z,2026-04-16T16:40:00Z
mlb-824289,824289,2026-04-16,SCHEDULED,Kansas City Royals,KC,Detroit Tigers,DET,0,0,Comerica Park,2026-04-16T17:10:00Z,2026-04-16T17:10:00Z
mlb-823560,823560,2026-04-16,SCHEDULED,Los Angeles Angels,LAA,New York Yankees,NYY,0,0,Yankee Stadium,2026-04-16T17:35:00Z,2026-04-16T17:35:00Z
mlb-823801,823801,2026-04-16,SCHEDULED,Toronto Blue Jays,TOR,Milwaukee Brewers,MIL,0,0,American Family Field,2026-04-16T17:40:00Z,2026-04-16T17:40:00Z
mlb-824614,824614,2026-04-16,SCHEDULED,Tampa Bay Rays,TB,Chicago White Sox,CWS,0,0,Rate Field,2026-04-16T18:10:00Z,2026-04-16T18:10:00Z
mlb-825023,825023,2026-04-16,SCHEDULED,Texas Rangers,TEX,Athletics,ATH,0,0,Sutter Health Park,2026-04-16T19:05:00Z,2026-04-16T19:05:00Z
mlb-824453,824453,2026-04-16,SCHEDULED,Baltimore Orioles,BAL,Cleveland Guardians,CLE,0,0,Progressive Field,2026-04-16T22:10:00Z,2026-04-16T22:10:00Z
mlb-824208,824208,2026-04-16,SCHEDULED,Colorado Rockies,COL,Houston Astros,HOU,0,0,Daikin Park,2026-04-17T00:10:00Z,2026-04-17T00:10:00Z
mlb-823313,823313,2026-04-16,SCHEDULED,Seattle Mariners,SEA,San Diego Padres,SD,0,0,Petco Park,2026-04-17T00:40:00Z,2026-04-17T00:40:00Z
mlb-824693,824693,2026-04-17,SCHEDULED,New York Mets,NYM,Chicago Cubs,CHC,0,0,Wrigley Field,2026-04-17T18:20:00Z,2026-04-17T18:20:00Z
mlb-824454,824454,2026-04-17,SCHEDULED,Baltimore Orioles,BAL,Cleveland Guardians,CLE,0,0,Progressive Field,2026-04-17T22:10:00Z,2026-04-17T22:10:00Z
mlb-823476,823476,2026-04-17,SCHEDULED,Atlanta Braves,ATL,Philadelphia Phillies,PHI,0,0,Citizens Bank Park,2026-04-17T22:40:00Z,2026-04-17T22:40:00Z
mlb-822752,822752,2026-04-17,SCHEDULED,San Francisco Giants,SF,Washington Nationals,WSH,0,0,Nationals Park,2026-04-17T22:45:00Z,2026-04-17T22:45:00Z
mlb-823397,823397,2026-04-17,SCHEDULED,Tampa Bay Rays,TB,Pittsburgh Pirates,PIT,0,0,PNC Park,2026-04-17T22:45:00Z,2026-04-17T22:45:00Z
mlb-823559,823559,2026-04-17,SCHEDULED,Kansas City Royals,KC,New York Yankees,NYY,0,0,Yankee Stadium,2026-04-17T23:05:00Z,2026-04-17T23:05:00Z
mlb-823883,823883,2026-04-17,SCHEDULED,Milwaukee Brewers,MIL,Miami Marlins,MIA,0,0,loanDepot park,2026-04-17T23:10:00Z,2026-04-17T23:10:00Z
mlb-824778,824778,2026-04-17,SCHEDULED,Detroit Tigers,DET,Boston Red Sox,BOS,0,0,Fenway Park,2026-04-17T23:15:00Z,2026-04-17T23:15:00Z
mlb-823720,823720,2026-04-17,SCHEDULED,Cincinnati Reds,CIN,Minnesota Twins,MIN,0,0,Target Field,2026-04-18T00:10:00Z,2026-04-18T00:10:00Z
mlb-824207,824207,2026-04-17,SCHEDULED,St. Louis Cardinals,STL,Houston Astros,HOU,0,0,Daikin Park,2026-04-18T00:10:00Z,2026-04-18T00:10:00Z
mlb-824373,824373,2026-04-17,SCHEDULED,Los Angeles Dodgers,LAD,Colorado Rockies,COL,0,0,Coors Field,2026-04-18T00:40:00Z,2026-04-18T00:40:00Z
mlb-824048,824048,2026-04-17,SCHEDULED,San Diego Padres,SD,Los Angeles Angels,LAA,0,0,Angel Stadium,2026-04-18T01:38:00Z,2026-04-18T01:38:00Z
mlb-823152,823152,2026-04-17,SCHEDULED,Texas Rangers,TEX,Seattle Mariners,SEA,0,0,T-Mobile Park,2026-04-18T01:40:00Z,2026-04-18T01:40:00Z
mlb-825019,825019,2026-04-17,SCHEDULED,Chicago White Sox,CWS,Athletics,ATH,0,0,Sutter Health Park,2026-04-18T01:40:00Z,2026-04-18T01:40:00Z
mlb-825101,825101,2026-04-17,SCHEDULED,Toronto Blue Jays,TOR,Arizona Diamondbacks,ARI,0,0,Chase Field,2026-04-18T01:40:00Z,2026-04-18T01:40:00Z
mlb-823558,823558,2026-04-18,SCHEDULED,Kansas City Royals,KC,New York Yankees,NYY,0,0,Yankee Stadium,2026-04-18T17:35:00Z,2026-04-18T17:35:00Z
mlb-823721,823721,2026-04-18,SCHEDULED,Cincinnati Reds,CIN,Minnesota Twins,MIN,0,0,Target Field,2026-04-18T18:10:00Z,2026-04-18T18:10:00Z
mlb-824694,824694,2026-04-18,SCHEDULED,New York Mets,NYM,Chicago Cubs,CHC,0,0,Wrigley Field,2026-04-18T18:20:00Z,2026-04-18T18:20:00Z
mlb-823394,823394,2026-04-18,SCHEDULED,Tampa Bay Rays,TB,Pittsburgh Pirates,PIT,0,0,PNC Park,2026-04-18T19:30:00Z,2026-04-18T19:30:00Z
mlb-822751,822751,2026-04-18,SCHEDULED,San Francisco Giants,SF,Washington Nationals,WSH,0,0,Nationals Park,2026-04-18T20:05:00Z,2026-04-18T20:05:00Z
mlb-825020,825020,2026-04-18,SCHEDULED,Chicago White Sox,CWS,Athletics,ATH,0,0,Sutter Health Park,2026-04-18T20:05:00Z,2026-04-18T20:05:00Z
mlb-823882,823882,2026-04-18,SCHEDULED,Milwaukee Brewers,MIL,Miami Marlins,MIA,0,0,loanDepot park,2026-04-18T20:10:00Z,2026-04-18T20:10:00Z
mlb-824775,824775,2026-04-18,SCHEDULED,Detroit Tigers,DET,Boston Red Sox,BOS,0,0,Fenway Park,2026-04-18T20:10:00Z,2026-04-18T20:10:00Z
mlb-824451,824451,2026-04-18,SCHEDULED,Baltimore Orioles,BAL,Cleveland Guardians,CLE,0,0,Progressive Field,2026-04-18T22:10:00Z,2026-04-18T22:10:00Z
mlb-824206,824206,2026-04-18,SCHEDULED,St. Louis Cardinals,STL,Houston Astros,HOU,0,0,Daikin Park,2026-04-18T23:10:00Z,2026-04-18T23:10:00Z
mlb-823151,823151,2026-04-18,SCHEDULED,Texas Rangers,TEX,Seattle Mariners,SEA,0,0,T-Mobile Park,2026-04-18T23:15:00Z,2026-04-18T23:15:00Z
mlb-823474,823474,2026-04-18,SCHEDULED,Atlanta Braves,ATL,Philadelphia Phillies,PHI,0,0,Citizens Bank Park,2026-04-18T23:15:00Z,2026-04-18T23:15:00Z
mlb-824372,824372,2026-04-18,SCHEDULED,Los Angeles Dodgers,LAD,Colorado Rockies,COL,0,0,Coors Field,2026-04-19T00:10:00Z,2026-04-19T00:10:00Z
mlb-825098,825098,2026-04-18,SCHEDULED,Toronto Blue Jays,TOR,Arizona Diamondbacks,ARI,0,0,Chase Field,2026-04-19T00:10:00Z,2026-04-19T00:10:00Z
mlb-824049,824049,2026-04-18,SCHEDULED,San Diego Padres,SD,Los Angeles Angels,LAA,0,0,Angel Stadium,2026-04-19T01:38:00Z,2026-04-19T01:38:00Z
mlb-822750,822750,2026-04-19,SCHEDULED,San Francisco Giants,SF,Washington Nationals,WSH,0,0,Nationals Park,2026-04-19T17:35:00Z,2026-04-19T17:35:00Z
mlb-823393,823393,2026-04-19,SCHEDULED,Tampa Bay Rays,TB,Pittsburgh Pirates,PIT,0,0,PNC Park,2026-04-19T17:35:00Z,2026-04-19T17:35:00Z
mlb-823556,823556,2026-04-19,SCHEDULED,Kansas City Royals,KC,New York Yankees,NYY,0,0,Yankee Stadium,2026-04-19T17:35:00Z,2026-04-19T17:35:00Z
mlb-823881,823881,2026-04-19,SCHEDULED,Milwaukee Brewers,MIL,Miami Marlins,MIA,0,0,loanDepot park,2026-04-19T17:40:00Z,2026-04-19T17:40:00Z
mlb-824452,824452,2026-04-19,SCHEDULED,Baltimore Orioles,BAL,Cleveland Guardians,CLE,0,0,Progressive Field,2026-04-19T17:40:00Z,2026-04-19T17:40:00Z
mlb-823718,823718,2026-04-19,SCHEDULED,Cincinnati Reds,CIN,Minnesota Twins,MIN,0,0,Target Field,2026-04-19T18:10:00Z,2026-04-19T18:10:00Z
mlb-824205,824205,2026-04-19,SCHEDULED,St. Louis Cardinals,STL,Houston Astros,HOU,0,0,Daikin Park,2026-04-19T18:10:00Z,2026-04-19T18:10:00Z
mlb-824691,824691,2026-04-19,SCHEDULED,New York Mets,NYM,Chicago Cubs,CHC,0,0,Wrigley Field,2026-04-19T18:20:00Z,2026-04-19T18:20:00Z
mlb-824371,824371,2026-04-19,SCHEDULED,Los Angeles Dodgers,LAD,Colorado Rockies,COL,0,0,Coors Field,2026-04-19T19:10:00Z,2026-04-19T19:10:00Z
mlb-825018,825018,2026-04-19,SCHEDULED,Chicago White Sox,CWS,Athletics,ATH,0,0,Sutter Health Park,2026-04-19T20:05:00Z,2026-04-19T20:05:00Z
mlb-824047,824047,2026-04-19,SCHEDULED,San Diego Padres,SD,Los Angeles Angels,LAA,0,0,Angel Stadium,2026-04-19T20:07:00Z,2026-04-19T20:07:00Z
mlb-823150,823150,2026-04-19,SCHEDULED,Texas Rangers,TEX,Seattle Mariners,SEA,0,0,T-Mobile Park,2026-04-19T20:10:00Z,2026-04-19T20:10:00Z
mlb-825100,825100,2026-04-19,SCHEDULED,Toronto Blue Jays,TOR,Arizona Diamondbacks,ARI,0,0,Chase Field,2026-04-19T20:10:00Z,2026-04-19T20:10:00Z
mlb-824777,824777,2026-04-19,SCHEDULED,Detroit Tigers,DET,Boston Red Sox,BOS,0,0,Fenway Park,2026-04-19T20:35:00Z,2026-04-19T20:35:00Z
mlb-823475,823475,2026-04-19,SCHEDULED,Atlanta Braves,ATL,Philadelphia Phillies,PHI,0,0,Citizens Bank Park,2026-04-19T23:20:00Z,2026-04-19T23:20:00Z
mlb-824776,824776,2026-04-20,SCHEDULED,Detroit Tigers,DET,Boston Red Sox,BOS,0,0,Fenway Park,2026-04-20T15:10:00Z,2026-04-20T15:10:00Z
mlb-824450,824450,2026-04-20,SCHEDULED,Houston Astros,HOU,Cleveland Guardians,CLE,0,0,Progressive Field,2026-04-20T22:10:00Z,2026-04-20T22:10:00Z
mlb-822994,822994,2026-04-20,SCHEDULED,Cincinnati Reds,CIN,Tampa Bay Rays,TB,0,0,Tropicana Field,2026-04-20T22:40:00Z,2026-04-20T22:40:00Z
mlb-823879,823879,2026-04-20,SCHEDULED,St. Louis Cardinals,STL,Miami Marlins,MIA,0,0,loanDepot park,2026-04-20T22:40:00Z,2026-04-20T22:40:00Z
mlb-822749,822749,2026-04-20,SCHEDULED,Atlanta Braves,ATL,Washington Nationals,WSH,0,0,Nationals Park,2026-04-20T22:45:00Z,2026-04-20T22:45:00Z
mlb-824125,824125,2026-04-20,SCHEDULED,Baltimore Orioles,BAL,Kansas City Royals,KC,0,0,Kauffman Stadium,2026-04-20T23:40:00Z,2026-04-20T23:40:00Z
mlb-824692,824692,2026-04-20,SCHEDULED,Philadelphia Phillies,PHI,Chicago Cubs,CHC,0,0,Wrigley Field,2026-04-20T23:40:00Z,2026-04-20T23:40:00Z
mlb-824370,824370,2026-04-20,SCHEDULED,Los Angeles Dodgers,LAD,Colorado Rockies,COL,0,0,Coors Field,2026-04-21T00:40:00Z,2026-04-21T00:40:00Z
mlb-824046,824046,2026-04-20,SCHEDULED,Toronto Blue Jays,TOR,Los Angeles Angels,LAA,0,0,Angel Stadium,2026-04-21T01:38:00Z,2026-04-21T01:38:00Z
mlb-823149,823149,2026-04-20,SCHEDULED,Athletics,ATH,Seattle Mariners,SEA,0,0,T-Mobile Park,2026-04-21T01:40:00Z,2026-04-21T01:40:00Z
mlb-824448,824448,2026-04-21,SCHEDULED,Houston Astros,HOU,Cleveland Guardians,CLE,0,0,Progressive Field,2026-04-21T22:10:00Z,2026-04-21T22:10:00Z
mlb-822995,822995,2026-04-21,SCHEDULED,Cincinnati Reds,CIN,Tampa Bay Rays,TB,0,0,Tropicana Field,2026-04-21T22:40:00Z,2026-04-21T22:40:00Z
mlb-823880,823880,2026-04-21,SCHEDULED,St. Louis Cardinals,STL,Miami Marlins,MIA,0,0,loanDepot park,2026-04-21T22:40:00Z,2026-04-21T22:40:00Z
mlb-824290,824290,2026-04-21,SCHEDULED,Milwaukee Brewers,MIL,Detroit Tigers,DET,0,0,Comerica Park,2026-04-21T22:40:00Z,2026-04-21T22:40:00Z
mlb-822747,822747,2026-04-21,SCHEDULED,Atlanta Braves,ATL,Washington Nationals,WSH,0,0,Nationals Park,2026-04-21T22:45:00Z,2026-04-21T22:45:00Z
mlb-824773,824773,2026-04-21,SCHEDULED,New York Yankees,NYY,Boston Red Sox,BOS,0,0,Fenway Park,2026-04-21T22:45:00Z,2026-04-21T22:45:00Z
mlb-823640,823640,2026-04-21,SCHEDULED,Minnesota Twins,MIN,New York Mets,NYM,0,0,Citi Field,2026-04-21T23:10:00Z,2026-04-21T23:10:00Z
mlb-824127,824127,2026-04-21,SCHEDULED,Baltimore Orioles,BAL,Kansas City Royals,KC,0,0,Kauffman Stadium,2026-04-21T23:40:00Z,2026-04-21T23:40:00Z
mlb-824690,824690,2026-04-21,SCHEDULED,Philadelphia Phillies,PHI,Chicago Cubs,CHC,0,0,Wrigley Field,2026-04-21T23:40:00Z,2026-04-21T23:40:00Z
mlb-822914,822914,2026-04-21,SCHEDULED,Pittsburgh Pirates,PIT,Texas Rangers,TEX,0,0,Globe Life Field,2026-04-22T00:05:00Z,2026-04-22T00:05:00Z
mlb-824369,824369,2026-04-21,SCHEDULED,San Diego Padres,SD,Colorado Rockies,COL,0,0,Coors Field,2026-04-22T00:40:00Z,2026-04-22T00:40:00Z
mlb-824045,824045,2026-04-21,SCHEDULED,Toronto Blue Jays,TOR,Los Angeles Angels,LAA,0,0,Angel Stadium,2026-04-22T01:38:00Z,2026-04-22T01:38:00Z
mlb-823148,823148,2026-04-21,SCHEDULED,Athletics,ATH,Seattle Mariners,SEA,0,0,T-Mobile Park,2026-04-22T01:40:00Z,2026-04-22T01:40:00Z
mlb-825099,825099,2026-04-21,SCHEDULED,Chicago White Sox,CWS,Arizona Diamondbacks,ARI,0,0,Chase Field,2026-04-22T01:40:00Z,2026-04-22T01:40:00Z
mlb-823236,823236,2026-04-21,SCHEDULED,Los Angeles Dodgers,LAD,San Francisco Giants,SF,0,0,Oracle Park,2026-04-22T01:45:00Z,2026-04-22T01:45:00Z
mlb-823878,823878,2026-04-22,SCHEDULED,St. Louis Cardinals,STL,Miami Marlins,MIA,0,0,loanDepot park,2026-04-22T16:10:00Z,2026-04-22T16:10:00Z
mlb-822993,822993,2026-04-22,SCHEDULED,Cincinnati Reds,CIN,Tampa Bay Rays,TB,0,0,Tropicana Field,2026-04-22T17:10:00Z,2026-04-22T17:10:00Z
mlb-824449,824449,2026-04-22,SCHEDULED,Houston Astros,HOU,Cleveland Guardians,CLE,0,0,Progressive Field,2026-04-22T17:10:00Z,2026-04-22T17:10:00Z
mlb-824123,824123,2026-04-22,SCHEDULED,Baltimore Orioles,BAL,Kansas City Royals,KC,0,0,Kauffman Stadium,2026-04-22T18:10:00Z,2026-04-22T18:10:00Z
mlb-824044,824044,2026-04-22,SCHEDULED,Toronto Blue Jays,TOR,Los Angeles Angels,LAA,0,0,Angel Stadium,2026-04-22T19:07:00Z,2026-04-22T19:07:00Z
mlb-823147,823147,2026-04-22,SCHEDULED,Athletics,ATH,Seattle Mariners,SEA,0,0,T-Mobile Park,2026-04-22T20:10:00Z,2026-04-22T20:10:00Z
mlb-824286,824286,2026-04-22,SCHEDULED,Milwaukee Brewers,MIL,Detroit Tigers,DET,0,0,Comerica Park,2026-04-22T22:40:00Z,2026-04-22T22:40:00Z
mlb-822748,822748,2026-04-22,SCHEDULED,Atlanta Braves,ATL,Washington Nationals,WSH,0,0,Nationals Park,2026-04-22T22:45:00Z,2026-04-22T22:45:00Z
mlb-824774,824774,2026-04-22,SCHEDULED,New York Yankees,NYY,Boston Red Sox,BOS,0,0,Fenway Park,2026-04-22T22:45:00Z,2026-04-22T22:45:00Z
mlb-823641,823641,2026-04-22,SCHEDULED,Minnesota Twins,MIN,New York Mets,NYM,0,0,Citi Field,2026-04-22T23:10:00Z,2026-04-22T23:10:00Z
mlb-824688,824688,2026-04-22,SCHEDULED,Philadelphia Phillies,PHI,Chicago Cubs,CHC,0,0,Wrigley Field,2026-04-22T23:40:00Z,2026-04-22T23:40:00Z
mlb-822913,822913,2026-04-22,SCHEDULED,Pittsburgh Pirates,PIT,Texas Rangers,TEX,0,0,Globe Life Field,2026-04-23T00:05:00Z,2026-04-23T00:05:00Z
mlb-824367,824367,2026-04-22,SCHEDULED,San Diego Padres,SD,Colorado Rockies,COL,0,0,Coors Field,2026-04-23T00:40:00Z,2026-04-23T00:40:00Z
mlb-825097,825097,2026-04-22,SCHEDULED,Chicago White Sox,CWS,Arizona Diamondbacks,ARI,0,0,Chase Field,2026-04-23T01:40:00Z,2026-04-23T01:40:00Z
mlb-823231,823231,2026-04-22,SCHEDULED,Los Angeles Dodgers,LAD,San Francisco Giants,SF,0,0,Oracle Park,2026-04-23T01:45:00Z,2026-04-23T01:45:00Z
mlb-822745,822745,2026-04-23,SCHEDULED,Atlanta Braves,ATL,Washington Nationals,WSH,0,0,Nationals Park,2026-04-23T17:05:00Z,2026-04-23T17:05:00Z
mlb-824288,824288,2026-04-23,SCHEDULED,Milwaukee Brewers,MIL,Detroit Tigers,DET,0,0,Comerica Park,2026-04-23T17:10:00Z,2026-04-23T17:10:00Z
mlb-824689,824689,2026-04-23,SCHEDULED,Philadelphia Phillies,PHI,Chicago Cubs,CHC,0,0,Wrigley Field,2026-04-23T18:20:00Z,2026-04-23T18:20:00Z
mlb-824368,824368,2026-04-23,SCHEDULED,San Diego Padres,SD,Colorado Rockies,COL,0,0,Coors Field,2026-04-23T19:10:00Z,2026-04-23T19:10:00Z
mlb-825096,825096,2026-04-23,SCHEDULED,Chicago White Sox,CWS,Arizona Diamondbacks,ARI,0,0,Chase Field,2026-04-23T19:40:00Z,2026-04-23T19:40:00Z
mlb-823233,823233,2026-04-23,SCHEDULED,Los Angeles Dodgers,LAD,San Francisco Giants,SF,0,0,Oracle Park,2026-04-23T19:45:00Z,2026-04-23T19:45:00Z
mlb-824770,824770,2026-04-23,SCHEDULED,New York Yankees,NYY,Boston Red Sox,BOS,0,0,Fenway Park,2026-04-23T22:10:00Z,2026-04-23T22:10:00Z
mlb-823639,823639,2026-04-23,SCHEDULED,Minnesota Twins,MIN,New York Mets,NYM,0,0,Citi Field,2026-04-23T23:10:00Z,2026-04-23T23:10:00Z
mlb-822912,822912,2026-04-23,SCHEDULED,Pittsburgh Pirates,PIT,Texas Rangers,TEX,0,0,Globe Life Field,2026-04-24T00:05:00Z,2026-04-24T00:05:00Z
mlb-824529,824529,2026-04-24,SCHEDULED,Detroit Tigers,DET,Cincinnati Reds,CIN,0,0,Great American Ball Park,2026-04-24T22:40:00Z,2026-04-24T22:40:00Z
mlb-824854,824854,2026-04-24,SCHEDULED,Boston Red Sox,BOS,Baltimore Orioles,BAL,0,0,Oriole Park at Camden Yards,2026-04-24T23:05:00Z,2026-04-24T23:05:00Z
mlb-822827,822827,2026-04-24,SCHEDULED,Cleveland Guardians,CLE,Toronto Blue Jays,TOR,0,0,Rogers Centre,2026-04-24T23:07:00Z,2026-04-24T23:07:00Z
mlb-822992,822992,2026-04-24,SCHEDULED,Minnesota Twins,MIN,Tampa Bay Rays,TB,0,0,Tropicana Field,2026-04-24T23:10:00Z,2026-04-24T23:10:00Z
mlb-823638,823638,2026-04-24,SCHEDULED,Colorado Rockies,COL,New York Mets,NYM,0,0,Citi Field,2026-04-24T23:10:00Z,2026-04-24T23:10:00Z
mlb-824932,824932,2026-04-24,SCHEDULED,Philadelphia Phillies,PHI,Atlanta Braves,ATL,0,0,Truist Park,2026-04-24T23:15:00Z,2026-04-24T23:15:00Z
mlb-823800,823800,2026-04-24,SCHEDULED,Pittsburgh Pirates,PIT,Milwaukee Brewers,MIL,0,0,American Family Field,2026-04-24T23:40:00Z,2026-04-24T23:40:00Z
mlb-824124,824124,2026-04-24,SCHEDULED,Los Angeles Angels,LAA,Kansas City Royals,KC,0,0,Kauffman Stadium,2026-04-24T23:40:00Z,2026-04-24T23:40:00Z
mlb-824611,824611,2026-04-24,SCHEDULED,Washington Nationals,WSH,Chicago White Sox,CWS,0,0,Rate Field,2026-04-24T23:40:00Z,2026-04-24T23:40:00Z
mlb-822909,822909,2026-04-24,SCHEDULED,Athletics,ATH,Texas Rangers,TEX,0,0,Globe Life Field,2026-04-25T00:05:00Z,2026-04-25T00:05:00Z
mlb-824204,824204,2026-04-24,SCHEDULED,New York Yankees,NYY,Houston Astros,HOU,0,0,Daikin Park,2026-04-25T00:10:00Z,2026-04-25T00:10:00Z
mlb-823069,823069,2026-04-24,SCHEDULED,Seattle Mariners,SEA,St. Louis Cardinals,STL,0,0,Busch Stadium,2026-04-25T00:15:00Z,2026-04-25T00:15:00Z
mlb-823232,823232,2026-04-24,SCHEDULED,Miami Marlins,MIA,San Francisco Giants,SF,0,0,Oracle Park,2026-04-25T02:15:00Z,2026-04-25T02:15:00Z
mlb-823962,823962,2026-04-24,SCHEDULED,Chicago Cubs,CHC,Los Angeles Dodgers,LAD,0,0,UNIQLO Field at Dodger Stadium,2026-04-25T02:15:00Z,2026-04-25T02:15:00Z
mlb-824851,824851,2026-04-25,SCHEDULED,Boston Red Sox,BOS,Baltimore Orioles,BAL,0,0,Oriole Park at Camden Yards,2026-04-25T16:05:00Z,2026-04-25T16:05:00Z
mlb-823070,823070,2026-04-25,SCHEDULED,Seattle Mariners,SEA,St. Louis Cardinals,STL,0,0,Busch Stadium,2026-04-25T18:15:00Z,2026-04-25T18:15:00Z
mlb-822826,822826,2026-04-25,SCHEDULED,Cleveland Guardians,CLE,Toronto Blue Jays,TOR,0,0,Rogers Centre,2026-04-25T19:07:00Z,2026-04-25T19:07:00Z
mlb-823229,823229,2026-04-25,SCHEDULED,Miami Marlins,MIA,San Francisco Giants,SF,0,0,Oracle Park,2026-04-25T20:05:00Z,2026-04-25T20:05:00Z
mlb-822989,822989,2026-04-25,SCHEDULED,Minnesota Twins,MIN,Tampa Bay Rays,TB,0,0,Tropicana Field,2026-04-25T20:10:00Z,2026-04-25T20:10:00Z
mlb-823637,823637,2026-04-25,SCHEDULED,Colorado Rockies,COL,New York Mets,NYM,0,0,Citi Field,2026-04-25T20:10:00Z,2026-04-25T20:10:00Z
mlb-824613,824613,2026-04-25,SCHEDULED,Washington Nationals,WSH,Chicago White Sox,CWS,0,0,Rate Field,2026-04-25T20:10:00Z,2026-04-25T20:10:00Z
mlb-825093,825093,2026-04-25,SCHEDULED,San Diego Padres,SD,Arizona Diamondbacks,ARI,0,0,Estadio Alfredo Harp Helu,2026-04-25T22:05:00Z,2026-04-25T22:05:00Z
mlb-822910,822910,2026-04-25,SCHEDULED,Athletics,ATH,Texas Rangers,TEX,0,0,Globe Life Field,2026-04-25T23:05:00Z,2026-04-25T23:05:00Z
mlb-823799,823799,2026-04-25,SCHEDULED,Pittsburgh Pirates,PIT,Milwaukee Brewers,MIL,0,0,American Family Field,2026-04-25T23:10:00Z,2026-04-25T23:10:00Z
mlb-824121,824121,2026-04-25,SCHEDULED,Los Angeles Angels,LAA,Kansas City Royals,KC,0,0,Kauffman Stadium,2026-04-25T23:10:00Z,2026-04-25T23:10:00Z
mlb-824203,824203,2026-04-25,SCHEDULED,New York Yankees,NYY,Houston Astros,HOU,0,0,Daikin Park,2026-04-25T23:10:00Z,2026-04-25T23:10:00Z
mlb-823960,823960,2026-04-25,SCHEDULED,Chicago Cubs,CHC,Los Angeles Dodgers,LAD,0,0,UNIQLO Field at Dodger Stadium,2026-04-25T23:15:00Z,2026-04-25T23:15:00Z
mlb-824527,824527,2026-04-25,SCHEDULED,Detroit Tigers,DET,Cincinnati Reds,CIN,0,0,Great American Ball Park,2026-04-25T23:15:00Z,2026-04-25T23:15:00Z
mlb-824933,824933,2026-04-25,SCHEDULED,Philadelphia Phillies,PHI,Atlanta Braves,ATL,0,0,Truist Park,2026-04-25T23:15:00Z,2026-04-25T23:15:00Z
mlb-824852,824852,2026-04-26,SCHEDULED,Boston Red Sox,BOS,Baltimore Orioles,BAL,0,0,Oriole Park at Camden Yards,2026-04-26T17:35:00Z,2026-04-26T17:35:00Z
mlb-824934,824934,2026-04-26,SCHEDULED,Philadelphia Phillies,PHI,Atlanta Braves,ATL,0,0,Truist Park,2026-04-26T17:35:00Z,2026-04-26T17:35:00Z
mlb-822824,822824,2026-04-26,SCHEDULED,Cleveland Guardians,CLE,Toronto Blue Jays,TOR,0,0,Rogers Centre,2026-04-26T17:37:00Z,2026-04-26T17:37:00Z
mlb-822991,822991,2026-04-26,SCHEDULED,Minnesota Twins,MIN,Tampa Bay Rays,TB,0,0,Tropicana Field,2026-04-26T17:40:00Z,2026-04-26T17:40:00Z
mlb-823635,823635,2026-04-26,SCHEDULED,Colorado Rockies,COL,New York Mets,NYM,0,0,Citi Field,2026-04-26T17:40:00Z,2026-04-26T17:40:00Z
mlb-824528,824528,2026-04-26,SCHEDULED,Detroit Tigers,DET,Cincinnati Reds,CIN,0,0,Great American Ball Park,2026-04-26T17:40:00Z,2026-04-26T17:40:00Z
mlb-823637,823637,2026-04-26,SCHEDULED,Colorado Rockies,COL,New York Mets,NYM,0,0,Citi Field,2026-04-26T17:45:00Z,2026-04-26T17:45:00Z
mlb-823797,823797,2026-04-26,SCHEDULED,Pittsburgh Pirates,PIT,Milwaukee Brewers,MIL,0,0,American Family Field,2026-04-26T18:10:00Z,2026-04-26T18:10:00Z
mlb-824202,824202,2026-04-26,SCHEDULED,New York Yankees,NYY,Houston Astros,HOU,0,0,Daikin Park,2026-04-26T18:10:00Z,2026-04-26T18:10:00Z
mlb-824612,824612,2026-04-26,SCHEDULED,Washington Nationals,WSH,Chicago White Sox,CWS,0,0,Rate Field,2026-04-26T18:10:00Z,2026-04-26T18:10:00Z
mlb-823068,823068,2026-04-26,SCHEDULED,Seattle Mariners,SEA,St. Louis Cardinals,STL,0,0,Busch Stadium,2026-04-26T18:15:00Z,2026-04-26T18:15:00Z
mlb-822911,822911,2026-04-26,SCHEDULED,Athletics,ATH,Texas Rangers,TEX,0,0,Globe Life Field,2026-04-26T18:35:00Z,2026-04-26T18:35:00Z
mlb-823230,823230,2026-04-26,SCHEDULED,Miami Marlins,MIA,San Francisco Giants,SF,0,0,Oracle Park,2026-04-26T20:05:00Z,2026-04-26T20:05:00Z
mlb-825094,825094,2026-04-26,SCHEDULED,San Diego Padres,SD,Arizona Diamondbacks,ARI,0,0,Estadio Alfredo Harp Helu,2026-04-26T20:05:00Z,2026-04-26T20:05:00Z
mlb-823959,823959,2026-04-26,SCHEDULED,Chicago Cubs,CHC,Los Angeles Dodgers,LAD,0,0,UNIQLO Field at Dodger Stadium,2026-04-26T20:10:00Z,2026-04-26T20:10:00Z
mlb-824122,824122,2026-04-26,SCHEDULED,Los Angeles Angels,LAA,Kansas City Royals,KC,0,0,Kauffman Stadium,2026-04-26T20:10:00Z,2026-04-26T20:10:00Z
mlb-824446,824446,2026-04-27,SCHEDULED,Tampa Bay Rays,TB,Cleveland Guardians,CLE,0,0,Progressive Field,2026-04-27T22:10:00Z,2026-04-27T22:10:00Z
mlb-823395,823395,2026-04-27,SCHEDULED,St. Louis Cardinals,STL,Pittsburgh Pirates,PIT,0,0,PNC Park,2026-04-27T22:40:00Z,2026-04-27T22:40:00Z
mlb-822825,822825,2026-04-27,SCHEDULED,Boston Red Sox,BOS,Toronto Blue Jays,TOR,0,0,Rogers Centre,2026-04-27T23:07:00Z,2026-04-27T23:07:00Z
mlb-823719,823719,2026-04-27,SCHEDULED,Seattle Mariners,SEA,Minnesota Twins,MIN,0,0,Target Field,2026-04-27T23:40:00Z,2026-04-27T23:40:00Z
mlb-824609,824609,2026-04-27,SCHEDULED,Los Angeles Angels,LAA,Chicago White Sox,CWS,0,0,Rate Field,2026-04-27T23:40:00Z,2026-04-27T23:40:00Z
mlb-822906,822906,2026-04-27,SCHEDULED,New York Yankees,NYY,Texas Rangers,TEX,0,0,Globe Life Field,2026-04-28T00:05:00Z,2026-04-28T00:05:00Z
mlb-823311,823311,2026-04-27,SCHEDULED,Chicago Cubs,CHC,San Diego Padres,SD,0,0,Petco Park,2026-04-28T01:40:00Z,2026-04-28T01:40:00Z
mlb-823961,823961,2026-04-27,SCHEDULED,Miami Marlins,MIA,Los Angeles Dodgers,LAD,0,0,UNIQLO Field at Dodger Stadium,2026-04-28T02:10:00Z,2026-04-28T02:10:00Z
mlb-824447,824447,2026-04-28,SCHEDULED,Tampa Bay Rays,TB,Cleveland Guardians,CLE,0,0,Progressive Field,2026-04-28T22:10:00Z,2026-04-28T22:10:00Z
mlb-824849,824849,2026-04-28,SCHEDULED,Houston Astros,HOU,Baltimore Orioles,BAL,0,0,Oriole Park at Camden Yards,2026-04-28T22:35:00Z,2026-04-28T22:35:00Z
mlb-823390,823390,2026-04-28,SCHEDULED,St. Louis Cardinals,STL,Pittsburgh Pirates,PIT,0,0,PNC Park,2026-04-28T22:40:00Z,2026-04-28T22:40:00Z
mlb-823473,823473,2026-04-28,SCHEDULED,San Francisco Giants,SF,Philadelphia Phillies,PHI,0,0,Citizens Bank Park,2026-04-28T22:40:00Z,2026-04-28T22:40:00Z
mlb-824526,824526,2026-04-28,SCHEDULED,Colorado Rockies,COL,Cincinnati Reds,CIN,0,0,Great American Ball Park,2026-04-28T22:40:00Z,2026-04-28T22:40:00Z
mlb-822823,822823,2026-04-28,SCHEDULED,Boston Red Sox,BOS,Toronto Blue Jays,TOR,0,0,Rogers Centre,2026-04-28T23:07:00Z,2026-04-28T23:07:00Z
mlb-823636,823636,2026-04-28,SCHEDULED,Washington Nationals,WSH,New York Mets,NYM,0,0,Citi Field,2026-04-28T23:10:00Z,2026-04-28T23:10:00Z
mlb-824931,824931,2026-04-28,SCHEDULED,Detroit Tigers,DET,Atlanta Braves,ATL,0,0,Truist Park,2026-04-28T23:15:00Z,2026-04-28T23:15:00Z
mlb-823716,823716,2026-04-28,SCHEDULED,Seattle Mariners,SEA,Minnesota Twins,MIN,0,0,Target Field,2026-04-28T23:40:00Z,2026-04-28T23:40:00Z
mlb-823798,823798,2026-04-28,SCHEDULED,Arizona Diamondbacks,ARI,Milwaukee Brewers,MIL,0,0,American Family Field,2026-04-28T23:40:00Z,2026-04-28T23:40:00Z
mlb-824610,824610,2026-04-28,SCHEDULED,Los Angeles Angels,LAA,Chicago White Sox,CWS,0,0,Rate Field,2026-04-28T23:40:00Z,2026-04-28T23:40:00Z
mlb-822908,822908,2026-04-28,SCHEDULED,New York Yankees,NYY,Texas Rangers,TEX,0,0,Globe Life Field,2026-04-29T00:05:00Z,2026-04-29T00:05:00Z
mlb-823310,823310,2026-04-28,SCHEDULED,Chicago Cubs,CHC,San Diego Padres,SD,0,0,Petco Park,2026-04-29T01:40:00Z,2026-04-29T01:40:00Z
mlb-825017,825017,2026-04-28,SCHEDULED,Kansas City Royals,KC,Athletics,ATH,0,0,Sutter Health Park,2026-04-29T01:40:00Z,2026-04-29T01:40:00Z
mlb-823956,823956,2026-04-28,SCHEDULED,Miami Marlins,MIA,Los Angeles Dodgers,LAD,0,0,UNIQLO Field at Dodger Stadium,2026-04-29T02:10:00Z,2026-04-29T02:10:00Z
mlb-824445,824445,2026-04-29,SCHEDULED,Tampa Bay Rays,TB,Cleveland Guardians,CLE,0,0,Progressive Field,2026-04-29T17:10:00Z,2026-04-29T17:10:00Z
mlb-824608,824608,2026-04-29,SCHEDULED,Los Angeles Angels,LAA,Chicago White Sox,CWS,0,0,Rate Field,2026-04-29T17:10:00Z,2026-04-29T17:10:00Z
mlb-823717,823717,2026-04-29,SCHEDULED,Seattle Mariners,SEA,Minnesota Twins,MIN,0,0,Target Field,2026-04-29T17:40:00Z,2026-04-29T17:40:00Z
mlb-822907,822907,2026-04-29,SCHEDULED,New York Yankees,NYY,Texas Rangers,TEX,0,0,Globe Life Field,2026-04-29T18:35:00Z,2026-04-29T18:35:00Z
mlb-822821,822821,2026-04-29,SCHEDULED,Boston Red Sox,BOS,Toronto Blue Jays,TOR,0,0,Rogers Centre,2026-04-29T19:07:00Z,2026-04-29T19:07:00Z
mlb-823958,823958,2026-04-29,SCHEDULED,Miami Marlins,MIA,Los Angeles Dodgers,LAD,0,0,UNIQLO Field at Dodger Stadium,2026-04-29T19:10:00Z,2026-04-29T19:10:00Z
mlb-823312,823312,2026-04-29,SCHEDULED,Chicago Cubs,CHC,San Diego Padres,SD,0,0,Petco Park,2026-04-29T20:10:00Z,2026-04-29T20:10:00Z
mlb-823471,823471,2026-04-29,SCHEDULED,San Francisco Giants,SF,Philadelphia Phillies,PHI,0,0,Citizens Bank Park,2026-04-29T22:10:00Z,2026-04-29T22:10:00Z
mlb-824850,824850,2026-04-29,SCHEDULED,Houston Astros,HOU,Baltimore Orioles,BAL,0,0,Oriole Park at Camden Yards,2026-04-29T22:35:00Z,2026-04-29T22:35:00Z
mlb-823392,823392,2026-04-29,SCHEDULED,St. Louis Cardinals,STL,Pittsburgh Pirates,PIT,0,0,PNC Park,2026-04-29T22:40:00Z,2026-04-29T22:40:00Z
mlb-824525,824525,2026-04-29,SCHEDULED,Colorado Rockies,COL,Cincinnati Reds,CIN,0,0,Great American Ball Park,2026-04-29T22:40:00Z,2026-04-29T22:40:00Z
mlb-823633,823633,2026-04-29,SCHEDULED,Washington Nationals,WSH,New York Mets,NYM,0,0,Citi Field,2026-04-29T23:10:00Z,2026-04-29T23:10:00Z
mlb-824930,824930,2026-04-29,SCHEDULED,Detroit Tigers,DET,Atlanta Braves,ATL,0,0,Truist Park,2026-04-29T23:15:00Z,2026-04-29T23:15:00Z
mlb-823796,823796,2026-04-29,SCHEDULED,Arizona Diamondbacks,ARI,Milwaukee Brewers,MIL,0,0,American Family Field,2026-04-29T23:40:00Z,2026-04-29T23:40:00Z
mlb-825015,825015,2026-04-29,SCHEDULED,Kansas City Royals,KC,Athletics,ATH,0,0,Sutter Health Park,2026-04-30T01:40:00Z,2026-04-30T01:40:00Z
mlb-824929,824929,2026-04-30,SCHEDULED,Detroit Tigers,DET,Atlanta Braves,ATL,0,0,Truist Park,2026-04-30T16:15:00Z,2026-04-30T16:15:00Z
mlb-823391,823391,2026-04-30,SCHEDULED,St. Louis Cardinals,STL,Pittsburgh Pirates,PIT,0,0,PNC Park,2026-04-30T16:35:00Z,2026-04-30T16:35:00Z
mlb-823472,823472,2026-04-30,SCHEDULED,San Francisco Giants,SF,Philadelphia Phillies,PHI,0,0,Citizens Bank Park,2026-04-30T16:35:00Z,2026-04-30T16:35:00Z
mlb-824848,824848,2026-04-30,SCHEDULED,Houston Astros,HOU,Baltimore Orioles,BAL,0,0,Oriole Park at Camden Yards,2026-04-30T16:35:00Z,2026-04-30T16:35:00Z
mlb-824524,824524,2026-04-30,SCHEDULED,Colorado Rockies,COL,Cincinnati Reds,CIN,0,0,Great American Ball Park,2026-04-30T16:40:00Z,2026-04-30T16:40:00Z
mlb-824850,824850,2026-04-30,SCHEDULED,Houston Astros,HOU,Baltimore Orioles,BAL,0,0,Oriole Park at Camden Yards,2026-04-30T16:40:00Z,2026-04-30T16:40:00Z
mlb-823634,823634,2026-04-30,SCHEDULED,Washington Nationals,WSH,New York Mets,NYM,0,0,Citi Field,2026-04-30T17:10:00Z,2026-04-30T17:10:00Z
mlb-823795,823795,2026-04-30,SCHEDULED,Arizona Diamondbacks,ARI,Milwaukee Brewers,MIL,0,0,American Family Field,2026-04-30T17:40:00Z,2026-04-30T17:40:00Z
mlb-825016,825016,2026-04-30,SCHEDULED,Kansas City Royals,KC,Athletics,ATH,0,0,Sutter Health Park,2026-04-30T19:05:00Z,2026-04-30T19:05:00Z
mlb-823471,823471,2026-04-30,SCHEDULED,San Francisco Giants,SF,Philadelphia Phillies,PHI,0,0,Citizens Bank Park,2026-04-30T21:35:00Z,2026-04-30T21:35:00Z
mlb-823714,823714,2026-04-30,SCHEDULED,Toronto Blue Jays,TOR,Minnesota Twins,MIN,0,0,Target Field,2026-04-30T23:40:00Z,2026-04-30T23:40:00Z
mlb-824686,824686,2026-05-01,SCHEDULED,Arizona Diamondbacks,ARI,Chicago Cubs,CHC,0,0,Wrigley Field,2026-05-01T18:20:00Z,2026-05-01T18:20:00Z
mlb-824287,824287,2026-05-01,SCHEDULED,Texas Rangers,TEX,Detroit Tigers,DET,0,0,Comerica Park,2026-05-01T22:40:00Z,2026-05-01T22:40:00Z
mlb-822744,822744,2026-05-01,SCHEDULED,Milwaukee Brewers,MIL,Washington Nationals,WSH,0,0,Nationals Park,2026-05-01T22:45:00Z,2026-05-01T22:45:00Z
mlb-823389,823389,2026-05-01,SCHEDULED,Cincinnati Reds,CIN,Pittsburgh Pirates,PIT,0,0,PNC Park,2026-05-01T22:45:00Z,2026-05-01T22:45:00Z
mlb-823557,823557,2026-05-01,SCHEDULED,Baltimore Orioles,BAL,New York Yankees,NYY,0,0,Yankee Stadium,2026-05-01T23:05:00Z,2026-05-01T23:05:00Z
mlb-822990,822990,2026-05-01,SCHEDULED,San Francisco Giants,SF,Tampa Bay Rays,TB,0,0,Tropicana Field,2026-05-01T23:10:00Z,2026-05-01T23:10:00Z
mlb-823877,823877,2026-05-01,SCHEDULED,Philadelphia Phillies,PHI,Miami Marlins,MIA,0,0,loanDepot park,2026-05-01T23:10:00Z,2026-05-01T23:10:00Z
mlb-824772,824772,2026-05-01,SCHEDULED,Houston Astros,HOU,Boston Red Sox,BOS,0,0,Fenway Park,2026-05-01T23:10:00Z,2026-05-01T23:10:00Z
mlb-823713,823713,2026-05-01,SCHEDULED,Toronto Blue Jays,TOR,Minnesota Twins,MIN,0,0,Target Field,2026-05-02T00:10:00Z,2026-05-02T00:10:00Z
mlb-823066,823066,2026-05-01,SCHEDULED,Los Angeles Dodgers,LAD,St. Louis Cardinals,STL,0,0,Busch Stadium,2026-05-02T00:15:00Z,2026-05-02T00:15:00Z
mlb-824366,824366,2026-05-01,SCHEDULED,Atlanta Braves,ATL,Colorado Rockies,COL,0,0,Coors Field,2026-05-02T00:40:00Z,2026-05-02T00:40:00Z
mlb-824041,824041,2026-05-01,SCHEDULED,New York Mets,NYM,Los Angeles Angels,LAA,0,0,Angel Stadium,2026-05-02T01:38:00Z,2026-05-02T01:38:00Z
mlb-823309,823309,2026-05-01,SCHEDULED,Chicago White Sox,CWS,San Diego Padres,SD,0,0,Petco Park,2026-05-02T01:40:00Z,2026-05-02T01:40:00Z
mlb-825012,825012,2026-05-01,SCHEDULED,Cleveland Guardians,CLE,Athletics,ATH,0,0,Sutter Health Park,2026-05-02T01:40:00Z,2026-05-02T01:40:00Z
mlb-823146,823146,2026-05-01,SCHEDULED,Kansas City Royals,KC,Seattle Mariners,SEA,0,0,T-Mobile Park,2026-05-02T01:45:00Z,2026-05-02T01:45:00Z
mlb-823554,823554,2026-05-02,SCHEDULED,Baltimore Orioles,BAL,New York Yankees,NYY,0,0,Yankee Stadium,2026-05-02T17:35:00Z,2026-05-02T17:35:00Z
mlb-823715,823715,2026-05-02,SCHEDULED,Toronto Blue Jays,TOR,Minnesota Twins,MIN,0,0,Target Field,2026-05-02T18:10:00Z,2026-05-02T18:10:00Z
mlb-824685,824685,2026-05-02,SCHEDULED,Arizona Diamondbacks,ARI,Chicago Cubs,CHC,0,0,Wrigley Field,2026-05-02T18:20:00Z,2026-05-02T18:20:00Z
mlb-822746,822746,2026-05-02,SCHEDULED,Milwaukee Brewers,MIL,Washington Nationals,WSH,0,0,Nationals Park,2026-05-02T20:05:00Z,2026-05-02T20:05:00Z
mlb-823388,823388,2026-05-02,SCHEDULED,Cincinnati Reds,CIN,Pittsburgh Pirates,PIT,0,0,PNC Park,2026-05-02T20:05:00Z,2026-05-02T20:05:00Z
mlb-825014,825014,2026-05-02,SCHEDULED,Cleveland Guardians,CLE,Athletics,ATH,0,0,Sutter Health Park,2026-05-02T20:05:00Z,2026-05-02T20:05:00Z
mlb-823876,823876,2026-05-02,SCHEDULED,Philadelphia Phillies,PHI,Miami Marlins,MIA,0,0,loanDepot park,2026-05-02T20:10:00Z,2026-05-02T20:10:00Z
mlb-824771,824771,2026-05-02,SCHEDULED,Houston Astros,HOU,Boston Red Sox,BOS,0,0,Fenway Park,2026-05-02T20:10:00Z,2026-05-02T20:10:00Z
mlb-822988,822988,2026-05-02,SCHEDULED,San Francisco Giants,SF,Tampa Bay Rays,TB,0,0,Tropicana Field,2026-05-02T22:10:00Z,2026-05-02T22:10:00Z
mlb-823067,823067,2026-05-02,SCHEDULED,Los Angeles Dodgers,LAD,St. Louis Cardinals,STL,0,0,Busch Stadium,2026-05-02T23:15:00Z,2026-05-02T23:15:00Z
mlb-824284,824284,2026-05-02,SCHEDULED,Texas Rangers,TEX,Detroit Tigers,DET,0,0,Comerica Park,2026-05-02T23:15:00Z,2026-05-02T23:15:00Z
mlb-824365,824365,2026-05-02,SCHEDULED,Atlanta Braves,ATL,Colorado Rockies,COL,0,0,Coors Field,2026-05-03T00:10:00Z,2026-05-03T00:10:00Z
mlb-823308,823308,2026-05-02,SCHEDULED,Chicago White Sox,CWS,San Diego Padres,SD,0,0,Petco Park,2026-05-03T00:40:00Z,2026-05-03T00:40:00Z
mlb-824042,824042,2026-05-02,SCHEDULED,New York Mets,NYM,Los Angeles Angels,LAA,0,0,Angel Stadium,2026-05-03T01:38:00Z,2026-05-03T01:38:00Z
mlb-823144,823144,2026-05-02,SCHEDULED,Kansas City Royals,KC,Seattle Mariners,SEA,0,0,T-Mobile Park,2026-05-03T01:40:00Z,2026-05-03T01:40:00Z
mlb-823711,823711,2026-05-03,SCHEDULED,Toronto Blue Jays,TOR,Minnesota Twins,MIN,0,0,Target Field,2026-05-03T16:45:00Z,2026-05-03T16:45:00Z
mlb-822742,822742,2026-05-03,SCHEDULED,Milwaukee Brewers,MIL,Washington Nationals,WSH,0,0,Nationals Park,2026-05-03T17:35:00Z,2026-05-03T17:35:00Z
mlb-823387,823387,2026-05-03,SCHEDULED,Cincinnati Reds,CIN,Pittsburgh Pirates,PIT,0,0,PNC Park,2026-05-03T17:35:00Z,2026-05-03T17:35:00Z
mlb-823555,823555,2026-05-03,SCHEDULED,Baltimore Orioles,BAL,New York Yankees,NYY,0,0,Yankee Stadium,2026-05-03T17:35:00Z,2026-05-03T17:35:00Z
mlb-824769,824769,2026-05-03,SCHEDULED,Houston Astros,HOU,Boston Red Sox,BOS,0,0,Fenway Park,2026-05-03T17:35:00Z,2026-05-03T17:35:00Z
mlb-822987,822987,2026-05-03,SCHEDULED,San Francisco Giants,SF,Tampa Bay Rays,TB,0,0,Tropicana Field,2026-05-03T17:40:00Z,2026-05-03T17:40:00Z
mlb-823875,823875,2026-05-03,SCHEDULED,Philadelphia Phillies,PHI,Miami Marlins,MIA,0,0,loanDepot park,2026-05-03T17:40:00Z,2026-05-03T17:40:00Z
mlb-823065,823065,2026-05-03,SCHEDULED,Los Angeles Dodgers,LAD,St. Louis Cardinals,STL,0,0,Busch Stadium,2026-05-03T18:15:00Z,2026-05-03T18:15:00Z
mlb-824687,824687,2026-05-03,SCHEDULED,Arizona Diamondbacks,ARI,Chicago Cubs,CHC,0,0,Wrigley Field,2026-05-03T18:20:00Z,2026-05-03T18:20:00Z
mlb-824364,824364,2026-05-03,SCHEDULED,Atlanta Braves,ATL,Colorado Rockies,COL,0,0,Coors Field,2026-05-03T19:10:00Z,2026-05-03T19:10:00Z
mlb-825013,825013,2026-05-03,SCHEDULED,Cleveland Guardians,CLE,Athletics,ATH,0,0,Sutter Health Park,2026-05-03T20:05:00Z,2026-05-03T20:05:00Z
mlb-824043,824043,2026-05-03,SCHEDULED,New York Mets,NYM,Los Angeles Angels,LAA,0,0,Angel Stadium,2026-05-03T20:07:00Z,2026-05-03T20:07:00Z
mlb-823145,823145,2026-05-03,SCHEDULED,Kansas City Royals,KC,Seattle Mariners,SEA,0,0,T-Mobile Park,2026-05-03T20:10:00Z,2026-05-03T20:10:00Z
mlb-823307,823307,2026-05-03,SCHEDULED,Chicago White Sox,CWS,San Diego Padres,SD,0,0,Petco Park,2026-05-03T20:10:00Z,2026-05-03T20:10:00Z
mlb-824285,824285,2026-05-03,SCHEDULED,Texas Rangers,TEX,Detroit Tigers,DET,0,0,Comerica Park,2026-05-03T23:20:00Z,2026-05-03T23:20:00Z
mlb-824363,824363,2026-05-04,SCHEDULED,New York Mets,NYM,Colorado Rockies,COL,0,0,Coors Field,2026-05-04T21:40:00Z,2026-05-04T21:40:00Z
mlb-824283,824283,2026-05-04,SCHEDULED,Boston Red Sox,BOS,Detroit Tigers,DET,0,0,Comerica Park,2026-05-04T22:10:00Z,2026-05-04T22:10:00Z
mlb-822984,822984,2026-05-04,SCHEDULED,Toronto Blue Jays,TOR,Tampa Bay Rays,TB,0,0,Tropicana Field,2026-05-04T22:40:00Z,2026-05-04T22:40:00Z
mlb-823874,823874,2026-05-04,SCHEDULED,Philadelphia Phillies,PHI,Miami Marlins,MIA,0,0,loanDepot park,2026-05-04T22:40:00Z,2026-05-04T22:40:00Z
mlb-823552,823552,2026-05-04,SCHEDULED,Baltimore Orioles,BAL,New York Yankees,NYY,0,0,Yankee Stadium,2026-05-04T23:05:00Z,2026-05-04T23:05:00Z
mlb-824684,824684,2026-05-04,SCHEDULED,Cincinnati Reds,CIN,Chicago Cubs,CHC,0,0,Wrigley Field,2026-05-04T23:10:00Z,2026-05-04T23:10:00Z
mlb-824120,824120,2026-05-04,SCHEDULED,Cleveland Guardians,CLE,Kansas City Royals,KC,0,0,Kauffman Stadium,2026-05-04T23:40:00Z,2026-05-04T23:40:00Z
mlb-823064,823064,2026-05-04,SCHEDULED,Milwaukee Brewers,MIL,St. Louis Cardinals,STL,0,0,Busch Stadium,2026-05-04T23:45:00Z,2026-05-04T23:45:00Z
mlb-824201,824201,2026-05-04,SCHEDULED,Los Angeles Dodgers,LAD,Houston Astros,HOU,0,0,Daikin Park,2026-05-05T00:10:00Z,2026-05-05T00:10:00Z
mlb-824039,824039,2026-05-04,SCHEDULED,Chicago White Sox,CWS,Los Angeles Angels,LAA,0,0,Angel Stadium,2026-05-05T01:38:00Z,2026-05-05T01:38:00Z
mlb-823143,823143,2026-05-04,SCHEDULED,Atlanta Braves,ATL,Seattle Mariners,SEA,0,0,T-Mobile Park,2026-05-05T01:40:00Z,2026-05-05T01:40:00Z
mlb-823228,823228,2026-05-04,SCHEDULED,San Diego Padres,SD,San Francisco Giants,SF,0,0,Oracle Park,2026-05-05T01:45:00Z,2026-05-05T01:45:00Z
mlb-822986,822986,2026-05-05,SCHEDULED,Toronto Blue Jays,TOR,Tampa Bay Rays,TB,0,0,Tropicana Field,2026-05-05T22:40:00Z,2026-05-05T22:40:00Z
mlb-823469,823469,2026-05-05,SCHEDULED,Athletics,ATH,Philadelphia Phillies,PHI,0,0,Citizens Bank Park,2026-05-05T22:40:00Z,2026-05-05T22:40:00Z
mlb-823873,823873,2026-05-05,SCHEDULED,Baltimore Orioles,BAL,Miami Marlins,MIA,0,0,loanDepot park,2026-05-05T22:40:00Z,2026-05-05T22:40:00Z
mlb-824281,824281,2026-05-05,SCHEDULED,Boston Red Sox,BOS,Detroit Tigers,DET,0,0,Comerica Park,2026-05-05T22:40:00Z,2026-05-05T22:40:00Z
mlb-822743,822743,2026-05-05,SCHEDULED,Minnesota Twins,MIN,Washington Nationals,WSH,0,0,Nationals Park,2026-05-05T22:45:00Z,2026-05-05T22:45:00Z
mlb-823553,823553,2026-05-05,SCHEDULED,Texas Rangers,TEX,New York Yankees,NYY,0,0,Yankee Stadium,2026-05-05T23:05:00Z,2026-05-05T23:05:00Z
mlb-824119,824119,2026-05-05,SCHEDULED,Cleveland Guardians,CLE,Kansas City Royals,KC,0,0,Kauffman Stadium,2026-05-05T23:40:00Z,2026-05-05T23:40:00Z
mlb-824682,824682,2026-05-05,SCHEDULED,Cincinnati Reds,CIN,Chicago Cubs,CHC,0,0,Wrigley Field,2026-05-05T23:40:00Z,2026-05-05T23:40:00Z
mlb-823062,823062,2026-05-05,SCHEDULED,Milwaukee Brewers,MIL,St. Louis Cardinals,STL,0,0,Busch Stadium,2026-05-05T23:45:00Z,2026-05-05T23:45:00Z
mlb-824200,824200,2026-05-05,SCHEDULED,Los Angeles Dodgers,LAD,Houston Astros,HOU,0,0,Daikin Park,2026-05-06T00:10:00Z,2026-05-06T00:10:00Z
mlb-824362,824362,2026-05-05,SCHEDULED,New York Mets,NYM,Colorado Rockies,COL,0,0,Coors Field,2026-05-06T00:40:00Z,2026-05-06T00:40:00Z
mlb-824040,824040,2026-05-05,SCHEDULED,Chicago White Sox,CWS,Los Angeles Angels,LAA,0,0,Angel Stadium,2026-05-06T01:38:00Z,2026-05-06T01:38:00Z
mlb-823142,823142,2026-05-05,SCHEDULED,Atlanta Braves,ATL,Seattle Mariners,SEA,0,0,T-Mobile Park,2026-05-06T01:40:00Z,2026-05-06T01:40:00Z
mlb-825092,825092,2026-05-05,SCHEDULED,Pittsburgh Pirates,PIT,Arizona Diamondbacks,ARI,0,0,Chase Field,2026-05-06T01:40:00Z,2026-05-06T01:40:00Z
mlb-823227,823227,2026-05-05,SCHEDULED,San Diego Padres,SD,San Francisco Giants,SF,0,0,Oracle Park,2026-05-06T01:45:00Z,2026-05-06T01:45:00Z
mlb-822985,822985,2026-05-06,SCHEDULED,Toronto Blue Jays,TOR,Tampa Bay Rays,TB,0,0,Tropicana Field,2026-05-06T17:10:00Z,2026-05-06T17:10:00Z
mlb-823063,823063,2026-05-06,SCHEDULED,Milwaukee Brewers,MIL,St. Louis Cardinals,STL,0,0,Busch Stadium,2026-05-06T17:15:00Z,2026-05-06T17:15:00Z
mlb-824198,824198,2026-05-06,SCHEDULED,Los Angeles Dodgers,LAD,Houston Astros,HOU,0,0,Daikin Park,2026-05-06T18:10:00Z,2026-05-06T18:10:00Z
mlb-823226,823226,2026-05-06,SCHEDULED,San Diego Padres,SD,San Francisco Giants,SF,0,0,Oracle Park,2026-05-06T19:45:00Z,2026-05-06T19:45:00Z
mlb-824036,824036,2026-05-06,SCHEDULED,Chicago White Sox,CWS,Los Angeles Angels,LAA,0,0,Angel Stadium,2026-05-06T20:07:00Z,2026-05-06T20:07:00Z
mlb-823141,823141,2026-05-06,SCHEDULED,Atlanta Braves,ATL,Seattle Mariners,SEA,0,0,T-Mobile Park,2026-05-06T20:10:00Z,2026-05-06T20:10:00Z
mlb-823470,823470,2026-05-06,SCHEDULED,Athletics,ATH,Philadelphia Phillies,PHI,0,0,Citizens Bank Park,2026-05-06T22:40:00Z,2026-05-06T22:40:00Z
mlb-823872,823872,2026-05-06,SCHEDULED,Baltimore Orioles,BAL,Miami Marlins,MIA,0,0,loanDepot park,2026-05-06T22:40:00Z,2026-05-06T22:40:00Z
mlb-824282,824282,2026-05-06,SCHEDULED,Boston Red Sox,BOS,Detroit Tigers,DET,0,0,Comerica Park,2026-05-06T22:40:00Z,2026-05-06T22:40:00Z
mlb-822740,822740,2026-05-06,SCHEDULED,Minnesota Twins,MIN,Washington Nationals,WSH,0,0,Nationals Park,2026-05-06T22:45:00Z,2026-05-06T22:45:00Z
mlb-823550,823550,2026-05-06,SCHEDULED,Texas Rangers,TEX,New York Yankees,NYY,0,0,Yankee Stadium,2026-05-06T23:05:00Z,2026-05-06T23:05:00Z
mlb-824118,824118,2026-05-06,SCHEDULED,Cleveland Guardians,CLE,Kansas City Royals,KC,0,0,Kauffman Stadium,2026-05-06T23:40:00Z,2026-05-06T23:40:00Z
mlb-824683,824683,2026-05-06,SCHEDULED,Cincinnati Reds,CIN,Chicago Cubs,CHC,0,0,Wrigley Field,2026-05-06T23:40:00Z,2026-05-06T23:40:00Z
mlb-824361,824361,2026-05-06,SCHEDULED,New York Mets,NYM,Colorado Rockies,COL,0,0,Coors Field,2026-05-07T01:20:00Z,2026-05-07T01:20:00Z
mlb-825091,825091,2026-05-06,SCHEDULED,Pittsburgh Pirates,PIT,Arizona Diamondbacks,ARI,0,0,Chase Field,2026-05-07T01:40:00Z,2026-05-07T01:40:00Z
mlb-823551,823551,2026-05-07,SCHEDULED,Texas Rangers,TEX,New York Yankees,NYY,0,0,Yankee Stadium,2026-05-07T16:35:00Z,2026-05-07T16:35:00Z
mlb-822741,822741,2026-05-07,SCHEDULED,Minnesota Twins,MIN,Washington Nationals,WSH,0,0,Nationals Park,2026-05-07T17:05:00Z,2026-05-07T17:05:00Z
mlb-824117,824117,2026-05-07,SCHEDULED,Cleveland Guardians,CLE,Kansas City Royals,KC,0,0,Kauffman Stadium,2026-05-07T18:10:00Z,2026-05-07T18:10:00Z
mlb-824681,824681,2026-05-07,SCHEDULED,Cincinnati Reds,CIN,Chicago Cubs,CHC,0,0,Wrigley Field,2026-05-07T18:20:00Z,2026-05-07T18:20:00Z
mlb-824362,824362,2026-05-07,SCHEDULED,New York Mets,NYM,Colorado Rockies,COL,0,0,Coors Field,2026-05-07T19:10:00Z,2026-05-07T19:10:00Z
mlb-825090,825090,2026-05-07,SCHEDULED,Pittsburgh Pirates,PIT,Arizona Diamondbacks,ARI,0,0,Chase Field,2026-05-07T19:40:00Z,2026-05-07T19:40:00Z
mlb-823467,823467,2026-05-07,SCHEDULED,Athletics,ATH,Philadelphia Phillies,PHI,0,0,Citizens Bank Park,2026-05-07T22:40:00Z,2026-05-07T22:40:00Z
mlb-823870,823870,2026-05-07,SCHEDULED,Baltimore Orioles,BAL,Miami Marlins,MIA,0,0,loanDepot park,2026-05-07T22:40:00Z,2026-05-07T22:40:00Z
mlb-824767,824767,2026-05-07,SCHEDULED,Tampa Bay Rays,TB,Boston Red Sox,BOS,0,0,Fenway Park,2026-05-07T23:10:00Z,2026-05-07T23:10:00Z
mlb-823306,823306,2026-05-07,SCHEDULED,St. Louis Cardinals,STL,San Diego Padres,SD,0,0,Petco Park,2026-05-08T02:10:00Z,2026-05-08T02:10:00Z
mlb-824522,824522,2026-05-08,SCHEDULED,Houston Astros,HOU,Cincinnati Reds,CIN,0,0,Great American Ball Park,2026-05-08T22:10:00Z,2026-05-08T22:10:00Z
mlb-823466,823466,2026-05-08,SCHEDULED,Colorado Rockies,COL,Philadelphia Phillies,PHI,0,0,Citizens Bank Park,2026-05-08T22:40:00Z,2026-05-08T22:40:00Z
mlb-824846,824846,2026-05-08,SCHEDULED,Athletics,ATH,Baltimore Orioles,BAL,0,0,Oriole Park at Camden Yards,2026-05-08T23:05:00Z,2026-05-08T23:05:00Z
mlb-822822,822822,2026-05-08,SCHEDULED,Los Angeles Angels,LAA,Toronto Blue Jays,TOR,0,0,Rogers Centre,2026-05-08T23:07:00Z,2026-05-08T23:07:00Z
mlb-823871,823871,2026-05-08,SCHEDULED,Washington Nationals,WSH,Miami Marlins,MIA,0,0,loanDepot park,2026-05-08T23:10:00Z,2026-05-08T23:10:00Z
mlb-824768,824768,2026-05-08,SCHEDULED,Tampa Bay Rays,TB,Boston Red Sox,BOS,0,0,Fenway Park,2026-05-08T23:10:00Z,2026-05-08T23:10:00Z
mlb-824443,824443,2026-05-08,SCHEDULED,Minnesota Twins,MIN,Cleveland Guardians,CLE,0,0,Progressive Field,2026-05-08T23:15:00Z,2026-05-08T23:15:00Z
mlb-823794,823794,2026-05-08,SCHEDULED,New York Yankees,NYY,Milwaukee Brewers,MIL,0,0,American Family Field,2026-05-08T23:40:00Z,2026-05-08T23:40:00Z
mlb-824116,824116,2026-05-08,SCHEDULED,Detroit Tigers,DET,Kansas City Royals,KC,0,0,Kauffman Stadium,2026-05-08T23:40:00Z,2026-05-08T23:40:00Z
mlb-824607,824607,2026-05-08,SCHEDULED,Seattle Mariners,SEA,Chicago White Sox,CWS,0,0,Rate Field,2026-05-08T23:40:00Z,2026-05-08T23:40:00Z
mlb-822904,822904,2026-05-08,SCHEDULED,Chicago Cubs,CHC,Texas Rangers,TEX,0,0,Globe Life Field,2026-05-09T00:05:00Z,2026-05-09T00:05:00Z
mlb-825088,825088,2026-05-08,SCHEDULED,New York Mets,NYM,Arizona Diamondbacks,ARI,0,0,Chase Field,2026-05-09T01:40:00Z,2026-05-09T01:40:00Z
mlb-823303,823303,2026-05-08,SCHEDULED,St. Louis Cardinals,STL,San Diego Padres,SD,0,0,Petco Park,2026-05-09T01:45:00Z,2026-05-09T01:45:00Z
mlb-823957,823957,2026-05-08,SCHEDULED,Atlanta Braves,ATL,Los Angeles Dodgers,LAD,0,0,UNIQLO Field at Dodger Stadium,2026-05-09T02:10:00Z,2026-05-09T02:10:00Z
mlb-823225,823225,2026-05-08,SCHEDULED,Pittsburgh Pirates,PIT,San Francisco Giants,SF,0,0,Oracle Park,2026-05-09T02:15:00Z,2026-05-09T02:15:00Z
mlb-822820,822820,2026-05-09,SCHEDULED,Los Angeles Angels,LAA,Toronto Blue Jays,TOR,0,0,Rogers Centre,2026-05-09T19:07:00Z,2026-05-09T19:07:00Z
mlb-824847,824847,2026-05-09,SCHEDULED,Athletics,ATH,Baltimore Orioles,BAL,0,0,Oriole Park at Camden Yards,2026-05-09T20:05:00Z,2026-05-09T20:05:00Z
mlb-823869,823869,2026-05-09,SCHEDULED,Washington Nationals,WSH,Miami Marlins,MIA,0,0,loanDepot park,2026-05-09T20:10:00Z,2026-05-09T20:10:00Z
mlb-824523,824523,2026-05-09,SCHEDULED,Houston Astros,HOU,Cincinnati Reds,CIN,0,0,Great American Ball Park,2026-05-09T20:10:00Z,2026-05-09T20:10:00Z
mlb-824766,824766,2026-05-09,SCHEDULED,Tampa Bay Rays,TB,Boston Red Sox,BOS,0,0,Fenway Park,2026-05-09T20:10:00Z,2026-05-09T20:10:00Z
mlb-823468,823468,2026-05-09,SCHEDULED,Colorado Rockies,COL,Philadelphia Phillies,PHI,0,0,Citizens Bank Park,2026-05-09T22:05:00Z,2026-05-09T22:05:00Z
mlb-824444,824444,2026-05-09,SCHEDULED,Minnesota Twins,MIN,Cleveland Guardians,CLE,0,0,Progressive Field,2026-05-09T22:10:00Z,2026-05-09T22:10:00Z
mlb-822905,822905,2026-05-09,SCHEDULED,Chicago Cubs,CHC,Texas Rangers,TEX,0,0,Globe Life Field,2026-05-09T23:05:00Z,2026-05-09T23:05:00Z
mlb-823792,823792,2026-05-09,SCHEDULED,New York Yankees,NYY,Milwaukee Brewers,MIL,0,0,American Family Field,2026-05-09T23:10:00Z,2026-05-09T23:10:00Z
mlb-824115,824115,2026-05-09,SCHEDULED,Detroit Tigers,DET,Kansas City Royals,KC,0,0,Kauffman Stadium,2026-05-09T23:10:00Z,2026-05-09T23:10:00Z
mlb-824606,824606,2026-05-09,SCHEDULED,Seattle Mariners,SEA,Chicago White Sox,CWS,0,0,Rate Field,2026-05-09T23:10:00Z,2026-05-09T23:10:00Z
mlb-823304,823304,2026-05-09,SCHEDULED,St. Louis Cardinals,STL,San Diego Padres,SD,0,0,Petco Park,2026-05-09T23:15:00Z,2026-05-09T23:15:00Z
mlb-825089,825089,2026-05-09,SCHEDULED,New York Mets,NYM,Arizona Diamondbacks,ARI,0,0,Chase Field,2026-05-09T23:15:00Z,2026-05-09T23:15:00Z
mlb-823224,823224,2026-05-09,SCHEDULED,Pittsburgh Pirates,PIT,San Francisco Giants,SF,0,0,Oracle Park,2026-05-10T01:05:00Z,2026-05-10T01:05:00Z
mlb-823955,823955,2026-05-09,SCHEDULED,Atlanta Braves,ATL,Los Angeles Dodgers,LAD,0,0,UNIQLO Field at Dodger Stadium,2026-05-10T01:10:00Z,2026-05-10T01:10:00Z
mlb-823868,823868,2026-05-10,SCHEDULED,Washington Nationals,WSH,Miami Marlins,MIA,0,0,loanDepot park,2026-05-10T16:15:00Z,2026-05-10T16:15:00Z
mlb-823463,823463,2026-05-10,SCHEDULED,Colorado Rockies,COL,Philadelphia Phillies,PHI,0,0,Citizens Bank Park,2026-05-10T17:35:00Z,2026-05-10T17:35:00Z
mlb-824765,824765,2026-05-10,SCHEDULED,Tampa Bay Rays,TB,Boston Red Sox,BOS,0,0,Fenway Park,2026-05-10T17:35:00Z,2026-05-10T17:35:00Z
mlb-824845,824845,2026-05-10,SCHEDULED,Athletics,ATH,Baltimore Orioles,BAL,0,0,Oriole Park at Camden Yards,2026-05-10T17:35:00Z,2026-05-10T17:35:00Z
mlb-822819,822819,2026-05-10,SCHEDULED,Los Angeles Angels,LAA,Toronto Blue Jays,TOR,0,0,Rogers Centre,2026-05-10T17:37:00Z,2026-05-10T17:37:00Z
mlb-824440,824440,2026-05-10,SCHEDULED,Minnesota Twins,MIN,Cleveland Guardians,CLE,0,0,Progressive Field,2026-05-10T17:40:00Z,2026-05-10T17:40:00Z
mlb-824520,824520,2026-05-10,SCHEDULED,Houston Astros,HOU,Cincinnati Reds,CIN,0,0,Great American Ball Park,2026-05-10T17:40:00Z,2026-05-10T17:40:00Z
mlb-823793,823793,2026-05-10,SCHEDULED,New York Yankees,NYY,Milwaukee Brewers,MIL,0,0,American Family Field,2026-05-10T18:10:00Z,2026-05-10T18:10:00Z
mlb-824605,824605,2026-05-10,SCHEDULED,Seattle Mariners,SEA,Chicago White Sox,CWS,0,0,Rate Field,2026-05-10T18:10:00Z,2026-05-10T18:10:00Z
mlb-822902,822902,2026-05-10,SCHEDULED,Chicago Cubs,CHC,Texas Rangers,TEX,0,0,Globe Life Field,2026-05-10T18:35:00Z,2026-05-10T18:35:00Z
mlb-823221,823221,2026-05-10,SCHEDULED,Pittsburgh Pirates,PIT,San Francisco Giants,SF,0,0,Oracle Park,2026-05-10T20:05:00Z,2026-05-10T20:05:00Z
mlb-823305,823305,2026-05-10,SCHEDULED,St. Louis Cardinals,STL,San Diego Padres,SD,0,0,Petco Park,2026-05-10T20:10:00Z,2026-05-10T20:10:00Z
mlb-823954,823954,2026-05-10,SCHEDULED,Atlanta Braves,ATL,Los Angeles Dodgers,LAD,0,0,UNIQLO Field at Dodger Stadium,2026-05-10T20:10:00Z,2026-05-10T20:10:00Z
mlb-825085,825085,2026-05-10,SCHEDULED,New York Mets,NYM,Arizona Diamondbacks,ARI,0,0,Chase Field,2026-05-10T20:10:00Z,2026-05-10T20:10:00Z
mlb-824113,824113,2026-05-10,SCHEDULED,Detroit Tigers,DET,Kansas City Royals,KC,0,0,Kauffman Stadium,2026-05-10T23:20:00Z,2026-05-10T23:20:00Z
mlb-824441,824441,2026-05-11,SCHEDULED,Los Angeles Angels,LAA,Cleveland Guardians,CLE,0,0,Progressive Field,2026-05-11T22:10:00Z,2026-05-11T22:10:00Z
mlb-824844,824844,2026-05-11,SCHEDULED,New York Yankees,NYY,Baltimore Orioles,BAL,0,0,Oriole Park at Camden Yards,2026-05-11T22:35:00Z,2026-05-11T22:35:00Z
mlb-822818,822818,2026-05-11,SCHEDULED,Tampa Bay Rays,TB,Toronto Blue Jays,TOR,0,0,Rogers Centre,2026-05-11T23:07:00Z,2026-05-11T23:07:00Z
mlb-822901,822901,2026-05-11,SCHEDULED,Arizona Diamondbacks,ARI,Texas Rangers,TEX,0,0,Globe Life Field,2026-05-12T00:05:00Z,2026-05-12T00:05:00Z
mlb-824199,824199,2026-05-11,SCHEDULED,Seattle Mariners,SEA,Houston Astros,HOU,0,0,Daikin Park,2026-05-12T00:10:00Z,2026-05-12T00:10:00Z
mlb-823953,823953,2026-05-11,SCHEDULED,San Francisco Giants,SF,Los Angeles Dodgers,LAD,0,0,UNIQLO Field at Dodger Stadium,2026-05-12T02:10:00Z,2026-05-12T02:10:00Z
mlb-824442,824442,2026-05-12,SCHEDULED,Los Angeles Angels,LAA,Cleveland Guardians,CLE,0,0,Progressive Field,2026-05-12T22:10:00Z,2026-05-12T22:10:00Z
mlb-824843,824843,2026-05-12,SCHEDULED,New York Yankees,NYY,Baltimore Orioles,BAL,0,0,Oriole Park at Camden Yards,2026-05-12T22:35:00Z,2026-05-12T22:35:00Z
mlb-823385,823385,2026-05-12,SCHEDULED,Colorado Rockies,COL,Pittsburgh Pirates,PIT,0,0,PNC Park,2026-05-12T22:40:00Z,2026-05-12T22:40:00Z
mlb-824521,824521,2026-05-12,SCHEDULED,Washington Nationals,WSH,Cincinnati Reds,CIN,0,0,Great American Ball Park,2026-05-12T22:40:00Z,2026-05-12T22:40:00Z
mlb-824764,824764,2026-05-12,SCHEDULED,Philadelphia Phillies,PHI,Boston Red Sox,BOS,0,0,Fenway Park,2026-05-12T22:45:00Z,2026-05-12T22:45:00Z
mlb-822817,822817,2026-05-12,SCHEDULED,Tampa Bay Rays,TB,Toronto Blue Jays,TOR,0,0,Rogers Centre,2026-05-12T23:07:00Z,2026-05-12T23:07:00Z
mlb-823632,823632,2026-05-12,SCHEDULED,Detroit Tigers,DET,New York Mets,NYM,0,0,Citi Field,2026-05-12T23:10:00Z,2026-05-12T23:10:00Z
mlb-824927,824927,2026-05-12,SCHEDULED,Chicago Cubs,CHC,Atlanta Braves,ATL,0,0,Truist Park,2026-05-12T23:15:00Z,2026-05-12T23:15:00Z
mlb-823712,823712,2026-05-12,SCHEDULED,Miami Marlins,MIA,Minnesota Twins,MIN,0,0,Target Field,2026-05-12T23:40:00Z,2026-05-12T23:40:00Z
mlb-823790,823790,2026-05-12,SCHEDULED,San Diego Padres,SD,Milwaukee Brewers,MIL,0,0,American Family Field,2026-05-12T23:40:00Z,2026-05-12T23:40:00Z
mlb-824604,824604,2026-05-12,SCHEDULED,Kansas City Royals,KC,Chicago White Sox,CWS,0,0,Rate Field,2026-05-12T23:40:00Z,2026-05-12T23:40:00Z
mlb-822903,822903,2026-05-12,SCHEDULED,Arizona Diamondbacks,ARI,Texas Rangers,TEX,0,0,Globe Life Field,2026-05-13T00:05:00Z,2026-05-13T00:05:00Z
mlb-824197,824197,2026-05-12,SCHEDULED,Seattle Mariners,SEA,Houston Astros,HOU,0,0,Daikin Park,2026-05-13T00:10:00Z,2026-05-13T00:10:00Z
mlb-825011,825011,2026-05-12,SCHEDULED,St. Louis Cardinals,STL,Athletics,ATH,0,0,Sutter Health Park,2026-05-13T01:40:00Z,2026-05-13T01:40:00Z
mlb-823951,823951,2026-05-12,SCHEDULED,San Francisco Giants,SF,Los Angeles Dodgers,LAD,0,0,UNIQLO Field at Dodger Stadium,2026-05-13T02:10:00Z,2026-05-13T02:10:00Z
mlb-824841,824841,2026-05-13,SCHEDULED,New York Yankees,NYY,Baltimore Orioles,BAL,0,0,Oriole Park at Camden Yards,2026-05-13T17:05:00Z,2026-05-13T17:05:00Z
mlb-824438,824438,2026-05-13,SCHEDULED,Los Angeles Angels,LAA,Cleveland Guardians,CLE,0,0,Progressive Field,2026-05-13T17:10:00Z,2026-05-13T17:10:00Z
mlb-823386,823386,2026-05-13,SCHEDULED,Colorado Rockies,COL,Pittsburgh Pirates,PIT,0,0,PNC Park,2026-05-13T22:40:00Z,2026-05-13T22:40:00Z
mlb-824519,824519,2026-05-13,SCHEDULED,Washington Nationals,WSH,Cincinnati Reds,CIN,0,0,Great American Ball Park,2026-05-13T22:40:00Z,2026-05-13T22:40:00Z
mlb-824763,824763,2026-05-13,SCHEDULED,Philadelphia Phillies,PHI,Boston Red Sox,BOS,0,0,Fenway Park,2026-05-13T22:45:00Z,2026-05-13T22:45:00Z
mlb-822815,822815,2026-05-13,SCHEDULED,Tampa Bay Rays,TB,Toronto Blue Jays,TOR,0,0,Rogers Centre,2026-05-13T23:07:00Z,2026-05-13T23:07:00Z
mlb-823631,823631,2026-05-13,SCHEDULED,Detroit Tigers,DET,New York Mets,NYM,0,0,Citi Field,2026-05-13T23:10:00Z,2026-05-13T23:10:00Z
mlb-824928,824928,2026-05-13,SCHEDULED,Chicago Cubs,CHC,Atlanta Braves,ATL,0,0,Truist Park,2026-05-13T23:15:00Z,2026-05-13T23:15:00Z
mlb-823710,823710,2026-05-13,SCHEDULED,Miami Marlins,MIA,Minnesota Twins,MIN,0,0,Target Field,2026-05-13T23:40:00Z,2026-05-13T23:40:00Z
mlb-823791,823791,2026-05-13,SCHEDULED,San Diego Padres,SD,Milwaukee Brewers,MIL,0,0,American Family Field,2026-05-13T23:40:00Z,2026-05-13T23:40:00Z
mlb-824603,824603,2026-05-13,SCHEDULED,Kansas City Royals,KC,Chicago White Sox,CWS,0,0,Rate Field,2026-05-13T23:40:00Z,2026-05-13T23:40:00Z
mlb-822900,822900,2026-05-13,SCHEDULED,Arizona Diamondbacks,ARI,Texas Rangers,TEX,0,0,Globe Life Field,2026-05-14T00:05:00Z,2026-05-14T00:05:00Z
mlb-824195,824195,2026-05-13,SCHEDULED,Seattle Mariners,SEA,Houston Astros,HOU,0,0,Daikin Park,2026-05-14T00:10:00Z,2026-05-14T00:10:00Z
mlb-825010,825010,2026-05-13,SCHEDULED,St. Louis Cardinals,STL,Athletics,ATH,0,0,Sutter Health Park,2026-05-14T01:40:00Z,2026-05-14T01:40:00Z
mlb-823952,823952,2026-05-13,SCHEDULED,San Francisco Giants,SF,Los Angeles Dodgers,LAD,0,0,UNIQLO Field at Dodger Stadium,2026-05-14T02:10:00Z,2026-05-14T02:10:00Z
mlb-823383,823383,2026-05-14,SCHEDULED,Colorado Rockies,COL,Pittsburgh Pirates,PIT,0,0,PNC Park,2026-05-14T16:35:00Z,2026-05-14T16:35:00Z
mlb-824517,824517,2026-05-14,SCHEDULED,Washington Nationals,WSH,Cincinnati Reds,CIN,0,0,Great American Ball Park,2026-05-14T16:40:00Z,2026-05-14T16:40:00Z
mlb-823630,823630,2026-05-14,SCHEDULED,Detroit Tigers,DET,New York Mets,NYM,0,0,Citi Field,2026-05-14T17:10:00Z,2026-05-14T17:10:00Z
mlb-823709,823709,2026-05-14,SCHEDULED,Miami Marlins,MIA,Minnesota Twins,MIN,0,0,Target Field,2026-05-14T17:40:00Z,2026-05-14T17:40:00Z
mlb-823789,823789,2026-05-14,SCHEDULED,San Diego Padres,SD,Milwaukee Brewers,MIL,0,0,American Family Field,2026-05-14T17:40:00Z,2026-05-14T17:40:00Z
mlb-824196,824196,2026-05-14,SCHEDULED,Seattle Mariners,SEA,Houston Astros,HOU,0,0,Daikin Park,2026-05-14T18:10:00Z,2026-05-14T18:10:00Z
mlb-825008,825008,2026-05-14,SCHEDULED,St. Louis Cardinals,STL,Athletics,ATH,0,0,Sutter Health Park,2026-05-14T19:05:00Z,2026-05-14T19:05:00Z
mlb-824762,824762,2026-05-14,SCHEDULED,Philadelphia Phillies,PHI,Boston Red Sox,BOS,0,0,Fenway Park,2026-05-14T22:45:00Z,2026-05-14T22:45:00Z
mlb-824926,824926,2026-05-14,SCHEDULED,Chicago Cubs,CHC,Atlanta Braves,ATL,0,0,Truist Park,2026-05-14T23:15:00Z,2026-05-14T23:15:00Z
mlb-824602,824602,2026-05-14,SCHEDULED,Kansas City Royals,KC,Chicago White Sox,CWS,0,0,Rate Field,2026-05-14T23:40:00Z,2026-05-14T23:40:00Z
mlb-823950,823950,2026-05-14,SCHEDULED,San Francisco Giants,SF,Los Angeles Dodgers,LAD,0,0,UNIQLO Field at Dodger Stadium,2026-05-15T02:10:00Z,2026-05-15T02:10:00Z
mlb-823384,823384,2026-05-15,SCHEDULED,Philadelphia Phillies,PHI,Pittsburgh Pirates,PIT,0,0,PNC Park,2026-05-15T22:40:00Z,2026-05-15T22:40:00Z
mlb-822739,822739,2026-05-15,SCHEDULED,Baltimore Orioles,BAL,Washington Nationals,WSH,0,0,Nationals Park,2026-05-15T22:45:00Z,2026-05-15T22:45:00Z
mlb-824280,824280,2026-05-15,SCHEDULED,Toronto Blue Jays,TOR,Detroit Tigers,DET,0,0,Comerica Park,2026-05-15T22:45:00Z,2026-05-15T22:45:00Z
mlb-822983,822983,2026-05-15,SCHEDULED,Miami Marlins,MIA,Tampa Bay Rays,TB,0,0,Tropicana Field,2026-05-15T23:10:00Z,2026-05-15T23:10:00Z
mlb-823707,823707,2026-05-15,SCHEDULED,Milwaukee Brewers,MIL,Minnesota Twins,MIN,0,0,Target Field,2026-05-15T23:10:00Z,2026-05-15T23:10:00Z
mlb-824439,824439,2026-05-15,SCHEDULED,Cincinnati Reds,CIN,Cleveland Guardians,CLE,0,0,Progressive Field,2026-05-15T23:10:00Z,2026-05-15T23:10:00Z
mlb-823629,823629,2026-05-15,SCHEDULED,New York Yankees,NYY,New York Mets,NYM,0,0,Citi Field,2026-05-15T23:15:00Z,2026-05-15T23:15:00Z
mlb-824925,824925,2026-05-15,SCHEDULED,Boston Red Sox,BOS,Atlanta Braves,ATL,0,0,Truist Park,2026-05-15T23:15:00Z,2026-05-15T23:15:00Z
mlb-824601,824601,2026-05-15,SCHEDULED,Chicago Cubs,CHC,Chicago White Sox,CWS,0,0,Rate Field,2026-05-15T23:40:00Z,2026-05-15T23:40:00Z
mlb-824194,824194,2026-05-15,SCHEDULED,Texas Rangers,TEX,Houston Astros,HOU,0,0,Daikin Park,2026-05-16T00:10:00Z,2026-05-16T00:10:00Z
mlb-823061,823061,2026-05-15,SCHEDULED,Kansas City Royals,KC,St. Louis Cardinals,STL,0,0,Busch Stadium,2026-05-16T00:15:00Z,2026-05-16T00:15:00Z
mlb-824360,824360,2026-05-15,SCHEDULED,Arizona Diamondbacks,ARI,Colorado Rockies,COL,0,0,Coors Field,2026-05-16T00:40:00Z,2026-05-16T00:40:00Z
mlb-824037,824037,2026-05-15,SCHEDULED,Los Angeles Dodgers,LAD,Los Angeles Angels,LAA,0,0,Angel Stadium,2026-05-16T01:38:00Z,2026-05-16T01:38:00Z
mlb-823140,823140,2026-05-15,SCHEDULED,San Diego Padres,SD,Seattle Mariners,SEA,0,0,T-Mobile Park,2026-05-16T01:40:00Z,2026-05-16T01:40:00Z
mlb-825009,825009,2026-05-15,SCHEDULED,San Francisco Giants,SF,Athletics,ATH,0,0,Sutter Health Park,2026-05-16T01:40:00Z,2026-05-16T01:40:00Z
mlb-824278,824278,2026-05-16,SCHEDULED,Toronto Blue Jays,TOR,Detroit Tigers,DET,0,0,Comerica Park,2026-05-16T17:10:00Z,2026-05-16T17:10:00Z
mlb-823060,823060,2026-05-16,SCHEDULED,Kansas City Royals,KC,St. Louis Cardinals,STL,0,0,Busch Stadium,2026-05-16T18:15:00Z,2026-05-16T18:15:00Z
mlb-824359,824359,2026-05-16,SCHEDULED,Arizona Diamondbacks,ARI,Colorado Rockies,COL,0,0,Coors Field,2026-05-16T19:10:00Z,2026-05-16T19:10:00Z
mlb-822737,822737,2026-05-16,SCHEDULED,Baltimore Orioles,BAL,Washington Nationals,WSH,0,0,Nationals Park,2026-05-16T20:05:00Z,2026-05-16T20:05:00Z
mlb-823382,823382,2026-05-16,SCHEDULED,Philadelphia Phillies,PHI,Pittsburgh Pirates,PIT,0,0,PNC Park,2026-05-16T20:05:00Z,2026-05-16T20:05:00Z
mlb-822981,822981,2026-05-16,SCHEDULED,Miami Marlins,MIA,Tampa Bay Rays,TB,0,0,Tropicana Field,2026-05-16T20:10:00Z,2026-05-16T20:10:00Z
mlb-824435,824435,2026-05-16,SCHEDULED,Cincinnati Reds,CIN,Cleveland Guardians,CLE,0,0,Progressive Field,2026-05-16T22:10:00Z,2026-05-16T22:10:00Z
mlb-823706,823706,2026-05-16,SCHEDULED,Milwaukee Brewers,MIL,Minnesota Twins,MIN,0,0,Target Field,2026-05-16T23:10:00Z,2026-05-16T23:10:00Z
mlb-824193,824193,2026-05-16,SCHEDULED,Texas Rangers,TEX,Houston Astros,HOU,0,0,Daikin Park,2026-05-16T23:10:00Z,2026-05-16T23:10:00Z
mlb-824600,824600,2026-05-16,SCHEDULED,Chicago Cubs,CHC,Chicago White Sox,CWS,0,0,Rate Field,2026-05-16T23:10:00Z,2026-05-16T23:10:00Z
mlb-823139,823139,2026-05-16,SCHEDULED,San Diego Padres,SD,Seattle Mariners,SEA,0,0,T-Mobile Park,2026-05-16T23:15:00Z,2026-05-16T23:15:00Z
mlb-823627,823627,2026-05-16,SCHEDULED,New York Yankees,NYY,New York Mets,NYM,0,0,Citi Field,2026-05-16T23:15:00Z,2026-05-16T23:15:00Z
mlb-824924,824924,2026-05-16,SCHEDULED,Boston Red Sox,BOS,Atlanta Braves,ATL,0,0,Truist Park,2026-05-16T23:15:00Z,2026-05-16T23:15:00Z
mlb-824038,824038,2026-05-16,SCHEDULED,Los Angeles Dodgers,LAD,Los Angeles Angels,LAA,0,0,Angel Stadium,2026-05-17T01:38:00Z,2026-05-17T01:38:00Z
mlb-825007,825007,2026-05-16,SCHEDULED,San Francisco Giants,SF,Athletics,ATH,0,0,Sutter Health Park,2026-05-17T01:40:00Z,2026-05-17T01:40:00Z
mlb-822982,822982,2026-05-17,SCHEDULED,Miami Marlins,MIA,Tampa Bay Rays,TB,0,0,Tropicana Field,2026-05-17T16:15:00Z,2026-05-17T16:15:00Z
mlb-822738,822738,2026-05-17,SCHEDULED,Baltimore Orioles,BAL,Washington Nationals,WSH,0,0,Nationals Park,2026-05-17T17:35:00Z,2026-05-17T17:35:00Z
mlb-823381,823381,2026-05-17,SCHEDULED,Philadelphia Phillies,PHI,Pittsburgh Pirates,PIT,0,0,PNC Park,2026-05-17T17:35:00Z,2026-05-17T17:35:00Z
mlb-824923,824923,2026-05-17,SCHEDULED,Boston Red Sox,BOS,Atlanta Braves,ATL,0,0,Truist Park,2026-05-17T17:35:00Z,2026-05-17T17:35:00Z
mlb-823628,823628,2026-05-17,SCHEDULED,New York Yankees,NYY,New York Mets,NYM,0,0,Citi Field,2026-05-17T17:40:00Z,2026-05-17T17:40:00Z
mlb-824279,824279,2026-05-17,SCHEDULED,Toronto Blue Jays,TOR,Detroit Tigers,DET,0,0,Comerica Park,2026-05-17T17:40:00Z,2026-05-17T17:40:00Z
mlb-824436,824436,2026-05-17,SCHEDULED,Cincinnati Reds,CIN,Cleveland Guardians,CLE,0,0,Progressive Field,2026-05-17T17:40:00Z,2026-05-17T17:40:00Z
mlb-823708,823708,2026-05-17,SCHEDULED,Milwaukee Brewers,MIL,Minnesota Twins,MIN,0,0,Target Field,2026-05-17T18:10:00Z,2026-05-17T18:10:00Z
mlb-824192,824192,2026-05-17,SCHEDULED,Texas Rangers,TEX,Houston Astros,HOU,0,0,Daikin Park,2026-05-17T18:10:00Z,2026-05-17T18:10:00Z
mlb-824599,824599,2026-05-17,SCHEDULED,Chicago Cubs,CHC,Chicago White Sox,CWS,0,0,Rate Field,2026-05-17T18:10:00Z,2026-05-17T18:10:00Z
mlb-823058,823058,2026-05-17,SCHEDULED,Kansas City Royals,KC,St. Louis Cardinals,STL,0,0,Busch Stadium,2026-05-17T18:15:00Z,2026-05-17T18:15:00Z
mlb-824358,824358,2026-05-17,SCHEDULED,Arizona Diamondbacks,ARI,Colorado Rockies,COL,0,0,Coors Field,2026-05-17T19:10:00Z,2026-05-17T19:10:00Z
mlb-825006,825006,2026-05-17,SCHEDULED,San Francisco Giants,SF,Athletics,ATH,0,0,Sutter Health Park,2026-05-17T20:05:00Z,2026-05-17T20:05:00Z
mlb-824034,824034,2026-05-17,SCHEDULED,Los Angeles Dodgers,LAD,Los Angeles Angels,LAA,0,0,Angel Stadium,2026-05-17T20:07:00Z,2026-05-17T20:07:00Z
mlb-823138,823138,2026-05-17,SCHEDULED,San Diego Padres,SD,Seattle Mariners,SEA,0,0,T-Mobile Park,2026-05-17T23:20:00Z,2026-05-17T23:20:00Z
mlb-822980,822980,2026-05-18,SCHEDULED,Baltimore Orioles,BAL,Tampa Bay Rays,TB,0,0,Tropicana Field,2026-05-18T22:40:00Z,2026-05-18T22:40:00Z
mlb-823465,823465,2026-05-18,SCHEDULED,Cincinnati Reds,CIN,Philadelphia Phillies,PHI,0,0,Citizens Bank Park,2026-05-18T22:40:00Z,2026-05-18T22:40:00Z
mlb-823867,823867,2026-05-18,SCHEDULED,Atlanta Braves,ATL,Miami Marlins,MIA,0,0,loanDepot park,2026-05-18T22:40:00Z,2026-05-18T22:40:00Z
mlb-824277,824277,2026-05-18,SCHEDULED,Cleveland Guardians,CLE,Detroit Tigers,DET,0,0,Comerica Park,2026-05-18T22:40:00Z,2026-05-18T22:40:00Z
mlb-822734,822734,2026-05-18,SCHEDULED,New York Mets,NYM,Washington Nationals,WSH,0,0,Nationals Park,2026-05-18T22:45:00Z,2026-05-18T22:45:00Z
mlb-823549,823549,2026-05-18,SCHEDULED,Toronto Blue Jays,TOR,New York Yankees,NYY,0,0,Yankee Stadium,2026-05-18T23:05:00Z,2026-05-18T23:05:00Z
mlb-824114,824114,2026-05-18,SCHEDULED,Boston Red Sox,BOS,Kansas City Royals,KC,0,0,Kauffman Stadium,2026-05-18T23:10:00Z,2026-05-18T23:10:00Z
mlb-823705,823705,2026-05-18,SCHEDULED,Houston Astros,HOU,Minnesota Twins,MIN,0,0,Target Field,2026-05-18T23:40:00Z,2026-05-18T23:40:00Z
mlb-824680,824680,2026-05-18,SCHEDULED,Milwaukee Brewers,MIL,Chicago Cubs,CHC,0,0,Wrigley Field,2026-05-18T23:40:00Z,2026-05-18T23:40:00Z
mlb-824357,824357,2026-05-18,SCHEDULED,Texas Rangers,TEX,Colorado Rockies,COL,0,0,Coors Field,2026-05-19T00:40:00Z,2026-05-19T00:40:00Z
mlb-824035,824035,2026-05-18,SCHEDULED,Athletics,ATH,Los Angeles Angels,LAA,0,0,Angel Stadium,2026-05-19T01:38:00Z,2026-05-19T01:38:00Z
mlb-823137,823137,2026-05-18,SCHEDULED,Chicago White Sox,CWS,Seattle Mariners,SEA,0,0,T-Mobile Park,2026-05-19T01:40:00Z,2026-05-19T01:40:00Z
mlb-823301,823301,2026-05-18,SCHEDULED,Los Angeles Dodgers,LAD,San Diego Padres,SD,0,0,Petco Park,2026-05-19T01:40:00Z,2026-05-19T01:40:00Z
mlb-825087,825087,2026-05-18,SCHEDULED,San Francisco Giants,SF,Arizona Diamondbacks,ARI,0,0,Chase Field,2026-05-19T01:40:00Z,2026-05-19T01:40:00Z
mlb-823865,823865,2026-05-19,SCHEDULED,Atlanta Braves,ATL,Miami Marlins,MIA,0,0,loanDepot park,2026-05-19T20:10:00Z,2026-05-19T20:10:00Z
mlb-822979,822979,2026-05-19,SCHEDULED,Baltimore Orioles,BAL,Tampa Bay Rays,TB,0,0,Tropicana Field,2026-05-19T22:40:00Z,2026-05-19T22:40:00Z
mlb-823464,823464,2026-05-19,SCHEDULED,Cincinnati Reds,CIN,Philadelphia Phillies,PHI,0,0,Citizens Bank Park,2026-05-19T22:40:00Z,2026-05-19T22:40:00Z
mlb-824276,824276,2026-05-19,SCHEDULED,Cleveland Guardians,CLE,Detroit Tigers,DET,0,0,Comerica Park,2026-05-19T22:40:00Z,2026-05-19T22:40:00Z
mlb-822736,822736,2026-05-19,SCHEDULED,New York Mets,NYM,Washington Nationals,WSH,0,0,Nationals Park,2026-05-19T22:45:00Z,2026-05-19T22:45:00Z
mlb-823548,823548,2026-05-19,SCHEDULED,Toronto Blue Jays,TOR,New York Yankees,NYY,0,0,Yankee Stadium,2026-05-19T23:05:00Z,2026-05-19T23:05:00Z
mlb-823704,823704,2026-05-19,SCHEDULED,Houston Astros,HOU,Minnesota Twins,MIN,0,0,Target Field,2026-05-19T23:40:00Z,2026-05-19T23:40:00Z
mlb-824112,824112,2026-05-19,SCHEDULED,Boston Red Sox,BOS,Kansas City Royals,KC,0,0,Kauffman Stadium,2026-05-19T23:40:00Z,2026-05-19T23:40:00Z
mlb-824677,824677,2026-05-19,SCHEDULED,Milwaukee Brewers,MIL,Chicago Cubs,CHC,0,0,Wrigley Field,2026-05-19T23:40:00Z,2026-05-19T23:40:00Z
mlb-823059,823059,2026-05-19,SCHEDULED,Pittsburgh Pirates,PIT,St. Louis Cardinals,STL,0,0,Busch Stadium,2026-05-19T23:45:00Z,2026-05-19T23:45:00Z
mlb-824356,824356,2026-05-19,SCHEDULED,Texas Rangers,TEX,Colorado Rockies,COL,0,0,Coors Field,2026-05-20T00:40:00Z,2026-05-20T00:40:00Z
mlb-824033,824033,2026-05-19,SCHEDULED,Athletics,ATH,Los Angeles Angels,LAA,0,0,Angel Stadium,2026-05-20T01:38:00Z,2026-05-20T01:38:00Z
mlb-823136,823136,2026-05-19,SCHEDULED,Chicago White Sox,CWS,Seattle Mariners,SEA,0,0,T-Mobile Park,2026-05-20T01:40:00Z,2026-05-20T01:40:00Z
mlb-823302,823302,2026-05-19,SCHEDULED,Los Angeles Dodgers,LAD,San Diego Padres,SD,0,0,Petco Park,2026-05-20T01:40:00Z,2026-05-20T01:40:00Z
mlb-825086,825086,2026-05-19,SCHEDULED,San Francisco Giants,SF,Arizona Diamondbacks,ARI,0,0,Chase Field,2026-05-20T01:40:00Z,2026-05-20T01:40:00Z
mlb-823462,823462,2026-05-20,SCHEDULED,Cincinnati Reds,CIN,Philadelphia Phillies,PHI,0,0,Citizens Bank Park,2026-05-20T17:05:00Z,2026-05-20T17:05:00Z
mlb-822977,822977,2026-05-20,SCHEDULED,Baltimore Orioles,BAL,Tampa Bay Rays,TB,0,0,Tropicana Field,2026-05-20T17:10:00Z,2026-05-20T17:10:00Z
mlb-823703,823703,2026-05-20,SCHEDULED,Houston Astros,HOU,Minnesota Twins,MIN,0,0,Target Field,2026-05-20T17:40:00Z,2026-05-20T17:40:00Z
mlb-824355,824355,2026-05-20,SCHEDULED,Texas Rangers,TEX,Colorado Rockies,COL,0,0,Coors Field,2026-05-20T19:10:00Z,2026-05-20T19:10:00Z
mlb-825084,825084,2026-05-20,SCHEDULED,San Francisco Giants,SF,Arizona Diamondbacks,ARI,0,0,Chase Field,2026-05-20T19:40:00Z,2026-05-20T19:40:00Z
mlb-823134,823134,2026-05-20,SCHEDULED,Chicago White Sox,CWS,Seattle Mariners,SEA,0,0,T-Mobile Park,2026-05-20T20:10:00Z,2026-05-20T20:10:00Z
mlb-823866,823866,2026-05-20,SCHEDULED,Atlanta Braves,ATL,Miami Marlins,MIA,0,0,loanDepot park,2026-05-20T22:40:00Z,2026-05-20T22:40:00Z
mlb-824273,824273,2026-05-20,SCHEDULED,Cleveland Guardians,CLE,Detroit Tigers,DET,0,0,Comerica Park,2026-05-20T22:40:00Z,2026-05-20T22:40:00Z
mlb-822735,822735,2026-05-20,SCHEDULED,New York Mets,NYM,Washington Nationals,WSH,0,0,Nationals Park,2026-05-20T22:45:00Z,2026-05-20T22:45:00Z
mlb-823547,823547,2026-05-20,SCHEDULED,Toronto Blue Jays,TOR,New York Yankees,NYY,0,0,Yankee Stadium,2026-05-20T23:05:00Z,2026-05-20T23:05:00Z
mlb-824111,824111,2026-05-20,SCHEDULED,Boston Red Sox,BOS,Kansas City Royals,KC,0,0,Kauffman Stadium,2026-05-20T23:40:00Z,2026-05-20T23:40:00Z
mlb-824678,824678,2026-05-20,SCHEDULED,Milwaukee Brewers,MIL,Chicago Cubs,CHC,0,0,Wrigley Field,2026-05-20T23:40:00Z,2026-05-20T23:40:00Z
mlb-823057,823057,2026-05-20,SCHEDULED,Pittsburgh Pirates,PIT,St. Louis Cardinals,STL,0,0,Busch Stadium,2026-05-20T23:45:00Z,2026-05-20T23:45:00Z
mlb-823299,823299,2026-05-20,SCHEDULED,Los Angeles Dodgers,LAD,San Diego Padres,SD,0,0,Petco Park,2026-05-21T00:40:00Z,2026-05-21T00:40:00Z
mlb-824032,824032,2026-05-20,SCHEDULED,Athletics,ATH,Los Angeles Angels,LAA,0,0,Angel Stadium,2026-05-21T01:38:00Z,2026-05-21T01:38:00Z
mlb-824274,824274,2026-05-21,SCHEDULED,Cleveland Guardians,CLE,Detroit Tigers,DET,0,0,Comerica Park,2026-05-21T17:10:00Z,2026-05-21T17:10:00Z
mlb-823056,823056,2026-05-21,SCHEDULED,Pittsburgh Pirates,PIT,St. Louis Cardinals,STL,0,0,Busch Stadium,2026-05-21T17:15:00Z,2026-05-21T17:15:00Z
mlb-822733,822733,2026-05-21,SCHEDULED,New York Mets,NYM,Washington Nationals,WSH,0,0,Nationals Park,2026-05-21T20:05:00Z,2026-05-21T20:05:00Z
mlb-823864,823864,2026-05-21,SCHEDULED,Atlanta Braves,ATL,Miami Marlins,MIA,0,0,loanDepot park,2026-05-21T22:40:00Z,2026-05-21T22:40:00Z
mlb-823545,823545,2026-05-21,SCHEDULED,Toronto Blue Jays,TOR,New York Yankees,NYY,0,0,Yankee Stadium,2026-05-21T23:05:00Z,2026-05-21T23:05:00Z
mlb-824031,824031,2026-05-21,SCHEDULED,Athletics,ATH,Los Angeles Angels,LAA,0,0,Angel Stadium,2026-05-22T01:38:00Z,2026-05-22T01:38:00Z
mlb-825083,825083,2026-05-21,SCHEDULED,Colorado Rockies,COL,Arizona Diamondbacks,ARI,0,0,Chase Field,2026-05-22T01:40:00Z,2026-05-22T01:40:00Z
mlb-824679,824679,2026-05-22,SCHEDULED,Houston Astros,HOU,Chicago Cubs,CHC,0,0,Wrigley Field,2026-05-22T18:20:00Z,2026-05-22T18:20:00Z
mlb-823461,823461,2026-05-22,SCHEDULED,Cleveland Guardians,CLE,Philadelphia Phillies,PHI,0,0,Citizens Bank Park,2026-05-22T22:40:00Z,2026-05-22T22:40:00Z
mlb-824518,824518,2026-05-22,SCHEDULED,St. Louis Cardinals,STL,Cincinnati Reds,CIN,0,0,Great American Ball Park,2026-05-22T22:40:00Z,2026-05-22T22:40:00Z
mlb-823546,823546,2026-05-22,SCHEDULED,Tampa Bay Rays,TB,New York Yankees,NYY,0,0,Yankee Stadium,2026-05-22T23:05:00Z,2026-05-22T23:05:00Z
mlb-822816,822816,2026-05-22,SCHEDULED,Pittsburgh Pirates,PIT,Toronto Blue Jays,TOR,0,0,Rogers Centre,2026-05-22T23:07:00Z,2026-05-22T23:07:00Z
mlb-823863,823863,2026-05-22,SCHEDULED,New York Mets,NYM,Miami Marlins,MIA,0,0,loanDepot park,2026-05-22T23:10:00Z,2026-05-22T23:10:00Z
mlb-824761,824761,2026-05-22,SCHEDULED,Minnesota Twins,MIN,Boston Red Sox,BOS,0,0,Fenway Park,2026-05-22T23:10:00Z,2026-05-22T23:10:00Z
mlb-824842,824842,2026-05-22,SCHEDULED,Detroit Tigers,DET,Baltimore Orioles,BAL,0,0,Oriole Park at Camden Yards,2026-05-22T23:15:00Z,2026-05-22T23:15:00Z
mlb-824922,824922,2026-05-22,SCHEDULED,Washington Nationals,WSH,Atlanta Braves,ATL,0,0,Truist Park,2026-05-22T23:15:00Z,2026-05-22T23:15:00Z
mlb-823788,823788,2026-05-22,SCHEDULED,Los Angeles Dodgers,LAD,Milwaukee Brewers,MIL,0,0,American Family Field,2026-05-22T23:40:00Z,2026-05-22T23:40:00Z
mlb-824110,824110,2026-05-22,SCHEDULED,Seattle Mariners,SEA,Kansas City Royals,KC,0,0,Kauffman Stadium,2026-05-22T23:40:00Z,2026-05-22T23:40:00Z
mlb-824029,824029,2026-05-22,SCHEDULED,Texas Rangers,TEX,Los Angeles Angels,LAA,0,0,Angel Stadium,2026-05-23T01:38:00Z,2026-05-23T01:38:00Z
mlb-823298,823298,2026-05-22,SCHEDULED,Athletics,ATH,San Diego Padres,SD,0,0,Petco Park,2026-05-23T01:40:00Z,2026-05-23T01:40:00Z
mlb-825082,825082,2026-05-22,SCHEDULED,Colorado Rockies,COL,Arizona Diamondbacks,ARI,0,0,Chase Field,2026-05-23T01:40:00Z,2026-05-23T01:40:00Z
mlb-823223,823223,2026-05-22,SCHEDULED,Chicago White Sox,CWS,San Francisco Giants,SF,0,0,Oracle Park,2026-05-23T02:15:00Z,2026-05-23T02:15:00Z
mlb-823543,823543,2026-05-23,SCHEDULED,Tampa Bay Rays,TB,New York Yankees,NYY,0,0,Yankee Stadium,2026-05-23T17:35:00Z,2026-05-23T17:35:00Z
mlb-824674,824674,2026-05-23,SCHEDULED,Houston Astros,HOU,Chicago Cubs,CHC,0,0,Wrigley Field,2026-05-23T18:20:00Z,2026-05-23T18:20:00Z
mlb-822814,822814,2026-05-23,SCHEDULED,Pittsburgh Pirates,PIT,Toronto Blue Jays,TOR,0,0,Rogers Centre,2026-05-23T19:07:00Z,2026-05-23T19:07:00Z
mlb-823222,823222,2026-05-23,SCHEDULED,Chicago White Sox,CWS,San Francisco Giants,SF,0,0,Oracle Park,2026-05-23T20:05:00Z,2026-05-23T20:05:00Z
mlb-823458,823458,2026-05-23,SCHEDULED,Cleveland Guardians,CLE,Philadelphia Phillies,PHI,0,0,Citizens Bank Park,2026-05-23T20:05:00Z,2026-05-23T20:05:00Z
mlb-824840,824840,2026-05-23,SCHEDULED,Detroit Tigers,DET,Baltimore Orioles,BAL,0,0,Oriole Park at Camden Yards,2026-05-23T20:05:00Z,2026-05-23T20:05:00Z
mlb-823862,823862,2026-05-23,SCHEDULED,New York Mets,NYM,Miami Marlins,MIA,0,0,loanDepot park,2026-05-23T20:10:00Z,2026-05-23T20:10:00Z
mlb-824109,824109,2026-05-23,SCHEDULED,Seattle Mariners,SEA,Kansas City Royals,KC,0,0,Kauffman Stadium,2026-05-23T20:10:00Z,2026-05-23T20:10:00Z
mlb-824760,824760,2026-05-23,SCHEDULED,Minnesota Twins,MIN,Boston Red Sox,BOS,0,0,Fenway Park,2026-05-23T20:10:00Z,2026-05-23T20:10:00Z
mlb-824920,824920,2026-05-23,SCHEDULED,Washington Nationals,WSH,Atlanta Braves,ATL,0,0,Truist Park,2026-05-23T20:10:00Z,2026-05-23T20:10:00Z
mlb-823787,823787,2026-05-23,SCHEDULED,Los Angeles Dodgers,LAD,Milwaukee Brewers,MIL,0,0,American Family Field,2026-05-23T23:15:00Z,2026-05-23T23:15:00Z
mlb-824516,824516,2026-05-23,SCHEDULED,St. Louis Cardinals,STL,Cincinnati Reds,CIN,0,0,Great American Ball Park,2026-05-23T23:15:00Z,2026-05-23T23:15:00Z
mlb-823300,823300,2026-05-23,SCHEDULED,Athletics,ATH,San Diego Padres,SD,0,0,Petco Park,2026-05-24T01:40:00Z,2026-05-24T01:40:00Z
mlb-824030,824030,2026-05-23,SCHEDULED,Texas Rangers,TEX,Los Angeles Angels,LAA,0,0,Angel Stadium,2026-05-24T02:05:00Z,2026-05-24T02:05:00Z
mlb-825080,825080,2026-05-23,SCHEDULED,Colorado Rockies,COL,Arizona Diamondbacks,ARI,0,0,Chase Field,2026-05-24T02:10:00Z,2026-05-24T02:10:00Z
mlb-822813,822813,2026-05-24,SCHEDULED,Pittsburgh Pirates,PIT,Toronto Blue Jays,TOR,0,0,Rogers Centre,2026-05-24T16:15:00Z,2026-05-24T16:15:00Z
mlb-823459,823459,2026-05-24,SCHEDULED,Cleveland Guardians,CLE,Philadelphia Phillies,PHI,0,0,Citizens Bank Park,2026-05-24T17:35:00Z,2026-05-24T17:35:00Z
mlb-823544,823544,2026-05-24,SCHEDULED,Tampa Bay Rays,TB,New York Yankees,NYY,0,0,Yankee Stadium,2026-05-24T17:35:00Z,2026-05-24T17:35:00Z
mlb-824759,824759,2026-05-24,SCHEDULED,Minnesota Twins,MIN,Boston Red Sox,BOS,0,0,Fenway Park,2026-05-24T17:35:00Z,2026-05-24T17:35:00Z
mlb-824839,824839,2026-05-24,SCHEDULED,Detroit Tigers,DET,Baltimore Orioles,BAL,0,0,Oriole Park at Camden Yards,2026-05-24T17:35:00Z,2026-05-24T17:35:00Z
mlb-823861,823861,2026-05-24,SCHEDULED,New York Mets,NYM,Miami Marlins,MIA,0,0,loanDepot park,2026-05-24T17:40:00Z,2026-05-24T17:40:00Z
mlb-824514,824514,2026-05-24,SCHEDULED,St. Louis Cardinals,STL,Cincinnati Reds,CIN,0,0,Great American Ball Park,2026-05-24T17:40:00Z,2026-05-24T17:40:00Z
mlb-823786,823786,2026-05-24,SCHEDULED,Los Angeles Dodgers,LAD,Milwaukee Brewers,MIL,0,0,American Family Field,2026-05-24T18:10:00Z,2026-05-24T18:10:00Z
mlb-824108,824108,2026-05-24,SCHEDULED,Seattle Mariners,SEA,Kansas City Royals,KC,0,0,Kauffman Stadium,2026-05-24T18:10:00Z,2026-05-24T18:10:00Z
mlb-824676,824676,2026-05-24,SCHEDULED,Houston Astros,HOU,Chicago Cubs,CHC,0,0,Wrigley Field,2026-05-24T18:20:00Z,2026-05-24T18:20:00Z
mlb-823220,823220,2026-05-24,SCHEDULED,Chicago White Sox,CWS,San Francisco Giants,SF,0,0,Oracle Park,2026-05-24T20:05:00Z,2026-05-24T20:05:00Z
mlb-823297,823297,2026-05-24,SCHEDULED,Athletics,ATH,San Diego Padres,SD,0,0,Petco Park,2026-05-24T20:10:00Z,2026-05-24T20:10:00Z
mlb-824921,824921,2026-05-24,SCHEDULED,Washington Nationals,WSH,Atlanta Braves,ATL,0,0,Truist Park,2026-05-24T20:10:00Z,2026-05-24T20:10:00Z
mlb-825081,825081,2026-05-24,SCHEDULED,Colorado Rockies,COL,Arizona Diamondbacks,ARI,0,0,Chase Field,2026-05-24T20:10:00Z,2026-05-24T20:10:00Z
mlb-824028,824028,2026-05-24,SCHEDULED,Texas Rangers,TEX,Los Angeles Angels,LAA,0,0,Angel Stadium,2026-05-24T23:20:00Z,2026-05-24T23:20:00Z
mlb-823380,823380,2026-05-25,SCHEDULED,Chicago Cubs,CHC,Pittsburgh Pirates,PIT,0,0,PNC Park,2026-05-25T17:35:00Z,2026-05-25T17:35:00Z
mlb-824838,824838,2026-05-25,SCHEDULED,Tampa Bay Rays,TB,Baltimore Orioles,BAL,0,0,Oriole Park at Camden Yards,2026-05-25T17:35:00Z,2026-05-25T17:35:00Z
mlb-823784,823784,2026-05-25,SCHEDULED,St. Louis Cardinals,STL,Milwaukee Brewers,MIL,0,0,American Family Field,2026-05-25T18:10:00Z,2026-05-25T18:10:00Z
mlb-824598,824598,2026-05-25,SCHEDULED,Minnesota Twins,MIN,Chicago White Sox,CWS,0,0,Rate Field,2026-05-25T18:10:00Z,2026-05-25T18:10:00Z
mlb-824107,824107,2026-05-25,SCHEDULED,New York Yankees,NYY,Kansas City Royals,KC,0,0,Kauffman Stadium,2026-05-25T19:40:00Z,2026-05-25T19:40:00Z
mlb-823625,823625,2026-05-25,SCHEDULED,Cincinnati Reds,CIN,New York Mets,NYM,0,0,Citi Field,2026-05-25T20:10:00Z,2026-05-25T20:10:00Z
mlb-823219,823219,2026-05-25,SCHEDULED,Arizona Diamondbacks,ARI,San Francisco Giants,SF,0,0,Oracle Park,2026-05-25T21:05:00Z,2026-05-25T21:05:00Z
mlb-824437,824437,2026-05-25,SCHEDULED,Washington Nationals,WSH,Cleveland Guardians,CLE,0,0,Progressive Field,2026-05-25T22:10:00Z,2026-05-25T22:10:00Z
mlb-823296,823296,2026-05-25,SCHEDULED,Philadelphia Phillies,PHI,San Diego Padres,SD,0,0,Petco Park,2026-05-25T22:40:00Z,2026-05-25T22:40:00Z
mlb-822899,822899,2026-05-25,SCHEDULED,Houston Astros,HOU,Texas Rangers,TEX,0,0,Globe Life Field,2026-05-25T23:05:00Z,2026-05-25T23:05:00Z
mlb-822812,822812,2026-05-25,SCHEDULED,Miami Marlins,MIA,Toronto Blue Jays,TOR,0,0,Rogers Centre,2026-05-25T23:07:00Z,2026-05-25T23:07:00Z
mlb-823948,823948,2026-05-25,SCHEDULED,Colorado Rockies,COL,Los Angeles Dodgers,LAD,0,0,UNIQLO Field at Dodger Stadium,2026-05-26T01:10:00Z,2026-05-26T01:10:00Z
mlb-825005,825005,2026-05-25,SCHEDULED,Seattle Mariners,SEA,Athletics,ATH,0,0,Sutter Health Park,2026-05-26T01:40:00Z,2026-05-26T01:40:00Z
mlb-824434,824434,2026-05-26,SCHEDULED,Washington Nationals,WSH,Cleveland Guardians,CLE,0,0,Progressive Field,2026-05-26T22:10:00Z,2026-05-26T22:10:00Z
mlb-824837,824837,2026-05-26,SCHEDULED,Tampa Bay Rays,TB,Baltimore Orioles,BAL,0,0,Oriole Park at Camden Yards,2026-05-26T22:35:00Z,2026-05-26T22:35:00Z
mlb-823379,823379,2026-05-26,SCHEDULED,Chicago Cubs,CHC,Pittsburgh Pirates,PIT,0,0,PNC Park,2026-05-26T22:40:00Z,2026-05-26T22:40:00Z
mlb-824275,824275,2026-05-26,SCHEDULED,Los Angeles Angels,LAA,Detroit Tigers,DET,0,0,Comerica Park,2026-05-26T22:40:00Z,2026-05-26T22:40:00Z
mlb-824758,824758,2026-05-26,SCHEDULED,Atlanta Braves,ATL,Boston Red Sox,BOS,0,0,Fenway Park,2026-05-26T22:45:00Z,2026-05-26T22:45:00Z
mlb-822811,822811,2026-05-26,SCHEDULED,Miami Marlins,MIA,Toronto Blue Jays,TOR,0,0,Rogers Centre,2026-05-26T23:07:00Z,2026-05-26T23:07:00Z
mlb-823624,823624,2026-05-26,SCHEDULED,Cincinnati Reds,CIN,New York Mets,NYM,0,0,Citi Field,2026-05-26T23:10:00Z,2026-05-26T23:10:00Z
mlb-823785,823785,2026-05-26,SCHEDULED,St. Louis Cardinals,STL,Milwaukee Brewers,MIL,0,0,American Family Field,2026-05-26T23:40:00Z,2026-05-26T23:40:00Z
mlb-824106,824106,2026-05-26,SCHEDULED,New York Yankees,NYY,Kansas City Royals,KC,0,0,Kauffman Stadium,2026-05-26T23:40:00Z,2026-05-26T23:40:00Z
mlb-824597,824597,2026-05-26,SCHEDULED,Minnesota Twins,MIN,Chicago White Sox,CWS,0,0,Rate Field,2026-05-26T23:40:00Z,2026-05-26T23:40:00Z
mlb-822898,822898,2026-05-26,SCHEDULED,Houston Astros,HOU,Texas Rangers,TEX,0,0,Globe Life Field,2026-05-27T00:05:00Z,2026-05-27T00:05:00Z
mlb-823294,823294,2026-05-26,SCHEDULED,Philadelphia Phillies,PHI,San Diego Padres,SD,0,0,Petco Park,2026-05-27T01:40:00Z,2026-05-27T01:40:00Z
mlb-825004,825004,2026-05-26,SCHEDULED,Seattle Mariners,SEA,Athletics,ATH,0,0,Sutter Health Park,2026-05-27T01:40:00Z,2026-05-27T01:40:00Z
mlb-823216,823216,2026-05-26,SCHEDULED,Arizona Diamondbacks,ARI,San Francisco Giants,SF,0,0,Oracle Park,2026-05-27T01:45:00Z,2026-05-27T01:45:00Z
mlb-823949,823949,2026-05-26,SCHEDULED,Colorado Rockies,COL,Los Angeles Dodgers,LAD,0,0,UNIQLO Field at Dodger Stadium,2026-05-27T02:10:00Z,2026-05-27T02:10:00Z
mlb-822809,822809,2026-05-27,SCHEDULED,Miami Marlins,MIA,Toronto Blue Jays,TOR,0,0,Rogers Centre,2026-05-27T17:07:00Z,2026-05-27T17:07:00Z
mlb-824432,824432,2026-05-27,SCHEDULED,Washington Nationals,WSH,Cleveland Guardians,CLE,0,0,Progressive Field,2026-05-27T17:10:00Z,2026-05-27T17:10:00Z
mlb-823783,823783,2026-05-27,SCHEDULED,St. Louis Cardinals,STL,Milwaukee Brewers,MIL,0,0,American Family Field,2026-05-27T17:40:00Z,2026-05-27T17:40:00Z
mlb-825003,825003,2026-05-27,SCHEDULED,Seattle Mariners,SEA,Athletics,ATH,0,0,Sutter Health Park,2026-05-27T19:05:00Z,2026-05-27T19:05:00Z
mlb-823217,823217,2026-05-27,SCHEDULED,Arizona Diamondbacks,ARI,San Francisco Giants,SF,0,0,Oracle Park,2026-05-27T19:45:00Z,2026-05-27T19:45:00Z
mlb-823295,823295,2026-05-27,SCHEDULED,Philadelphia Phillies,PHI,San Diego Padres,SD,0,0,Petco Park,2026-05-27T20:10:00Z,2026-05-27T20:10:00Z
mlb-824836,824836,2026-05-27,SCHEDULED,Tampa Bay Rays,TB,Baltimore Orioles,BAL,0,0,Oriole Park at Camden Yards,2026-05-27T22:35:00Z,2026-05-27T22:35:00Z
mlb-823376,823376,2026-05-27,SCHEDULED,Chicago Cubs,CHC,Pittsburgh Pirates,PIT,0,0,PNC Park,2026-05-27T22:40:00Z,2026-05-27T22:40:00Z
mlb-824270,824270,2026-05-27,SCHEDULED,Los Angeles Angels,LAA,Detroit Tigers,DET,0,0,Comerica Park,2026-05-27T22:40:00Z,2026-05-27T22:40:00Z
mlb-824756,824756,2026-05-27,SCHEDULED,Atlanta Braves,ATL,Boston Red Sox,BOS,0,0,Fenway Park,2026-05-27T22:45:00Z,2026-05-27T22:45:00Z
mlb-823626,823626,2026-05-27,SCHEDULED,Cincinnati Reds,CIN,New York Mets,NYM,0,0,Citi Field,2026-05-27T23:10:00Z,2026-05-27T23:10:00Z
mlb-824104,824104,2026-05-27,SCHEDULED,New York Yankees,NYY,Kansas City Royals,KC,0,0,Kauffman Stadium,2026-05-27T23:40:00Z,2026-05-27T23:40:00Z
mlb-824596,824596,2026-05-27,SCHEDULED,Minnesota Twins,MIN,Chicago White Sox,CWS,0,0,Rate Field,2026-05-27T23:40:00Z,2026-05-27T23:40:00Z
mlb-822897,822897,2026-05-27,SCHEDULED,Houston Astros,HOU,Texas Rangers,TEX,0,0,Globe Life Field,2026-05-28T00:05:00Z,2026-05-28T00:05:00Z
mlb-823947,823947,2026-05-27,SCHEDULED,Colorado Rockies,COL,Los Angeles Dodgers,LAD,0,0,UNIQLO Field at Dodger Stadium,2026-05-28T02:10:00Z,2026-05-28T02:10:00Z
mlb-824272,824272,2026-05-28,SCHEDULED,Los Angeles Angels,LAA,Detroit Tigers,DET,0,0,Comerica Park,2026-05-28T17:10:00Z,2026-05-28T17:10:00Z
mlb-824595,824595,2026-05-28,SCHEDULED,Minnesota Twins,MIN,Chicago White Sox,CWS,0,0,Rate Field,2026-05-28T18:10:00Z,2026-05-28T18:10:00Z
mlb-824757,824757,2026-05-28,SCHEDULED,Atlanta Braves,ATL,Boston Red Sox,BOS,0,0,Fenway Park,2026-05-28T20:10:00Z,2026-05-28T20:10:00Z
mlb-824834,824834,2026-05-28,SCHEDULED,Toronto Blue Jays,TOR,Baltimore Orioles,BAL,0,0,Oriole Park at Camden Yards,2026-05-28T22:35:00Z,2026-05-28T22:35:00Z
mlb-823378,823378,2026-05-28,SCHEDULED,Chicago Cubs,CHC,Pittsburgh Pirates,PIT,0,0,PNC Park,2026-05-28T22:40:00Z,2026-05-28T22:40:00Z
mlb-822896,822896,2026-05-28,SCHEDULED,Houston Astros,HOU,Texas Rangers,TEX,0,0,Globe Life Field,2026-05-29T00:05:00Z,2026-05-29T00:05:00Z
mlb-824515,824515,2026-05-29,SCHEDULED,Atlanta Braves,ATL,Cincinnati Reds,CIN,0,0,Great American Ball Park,2026-05-29T22:40:00Z,2026-05-29T22:40:00Z
mlb-822732,822732,2026-05-29,SCHEDULED,San Diego Padres,SD,Washington Nationals,WSH,0,0,Nationals Park,2026-05-29T22:45:00Z,2026-05-29T22:45:00Z
mlb-823377,823377,2026-05-29,SCHEDULED,Minnesota Twins,MIN,Pittsburgh Pirates,PIT,0,0,PNC Park,2026-05-29T22:45:00Z,2026-05-29T22:45:00Z
mlb-824835,824835,2026-05-29,SCHEDULED,Toronto Blue Jays,TOR,Baltimore Orioles,BAL,0,0,Oriole Park at Camden Yards,2026-05-29T23:05:00Z,2026-05-29T23:05:00Z
mlb-822978,822978,2026-05-29,SCHEDULED,Los Angeles Angels,LAA,Tampa Bay Rays,TB,0,0,Tropicana Field,2026-05-29T23:10:00Z,2026-05-29T23:10:00Z
mlb-823623,823623,2026-05-29,SCHEDULED,Miami Marlins,MIA,New York Mets,NYM,0,0,Citi Field,2026-05-29T23:10:00Z,2026-05-29T23:10:00Z
mlb-824433,824433,2026-05-29,SCHEDULED,Boston Red Sox,BOS,Cleveland Guardians,CLE,0,0,Progressive Field,2026-05-29T23:10:00Z,2026-05-29T23:10:00Z
mlb-823055,823055,2026-05-29,SCHEDULED,Chicago Cubs,CHC,St. Louis Cardinals,STL,0,0,Busch Stadium,2026-05-29T23:15:00Z,2026-05-29T23:15:00Z
mlb-824594,824594,2026-05-29,SCHEDULED,Detroit Tigers,DET,Chicago White Sox,CWS,0,0,Rate Field,2026-05-29T23:40:00Z,2026-05-29T23:40:00Z
mlb-822894,822894,2026-05-29,SCHEDULED,Kansas City Royals,KC,Texas Rangers,TEX,0,0,Globe Life Field,2026-05-30T00:05:00Z,2026-05-30T00:05:00Z
mlb-824191,824191,2026-05-29,SCHEDULED,Milwaukee Brewers,MIL,Houston Astros,HOU,0,0,Daikin Park,2026-05-30T00:10:00Z,2026-05-30T00:10:00Z
mlb-824353,824353,2026-05-29,SCHEDULED,San Francisco Giants,SF,Colorado Rockies,COL,0,0,Coors Field,2026-05-30T00:40:00Z,2026-05-30T00:40:00Z
mlb-825002,825002,2026-05-29,SCHEDULED,New York Yankees,NYY,Athletics,ATH,0,0,Sutter Health Park,2026-05-30T01:40:00Z,2026-05-30T01:40:00Z
mlb-823135,823135,2026-05-29,SCHEDULED,Arizona Diamondbacks,ARI,Seattle Mariners,SEA,0,0,T-Mobile Park,2026-05-30T02:10:00Z,2026-05-30T02:10:00Z
mlb-823946,823946,2026-05-29,SCHEDULED,Philadelphia Phillies,PHI,Los Angeles Dodgers,LAD,0,0,UNIQLO Field at Dodger Stadium,2026-05-30T02:15:00Z,2026-05-30T02:15:00Z
mlb-824593,824593,2026-05-30,SCHEDULED,Detroit Tigers,DET,Chicago White Sox,CWS,0,0,Rate Field,2026-05-30T18:10:00Z,2026-05-30T18:10:00Z
mlb-822731,822731,2026-05-30,SCHEDULED,San Diego Padres,SD,Washington Nationals,WSH,0,0,Nationals Park,2026-05-30T20:05:00Z,2026-05-30T20:05:00Z
mlb-822893,822893,2026-05-30,SCHEDULED,Kansas City Royals,KC,Texas Rangers,TEX,0,0,Globe Life Field,2026-05-30T20:05:00Z,2026-05-30T20:05:00Z
mlb-823375,823375,2026-05-30,SCHEDULED,Minnesota Twins,MIN,Pittsburgh Pirates,PIT,0,0,PNC Park,2026-05-30T20:05:00Z,2026-05-30T20:05:00Z
mlb-824833,824833,2026-05-30,SCHEDULED,Toronto Blue Jays,TOR,Baltimore Orioles,BAL,0,0,Oriole Park at Camden Yards,2026-05-30T20:05:00Z,2026-05-30T20:05:00Z
mlb-822975,822975,2026-05-30,SCHEDULED,Los Angeles Angels,LAA,Tampa Bay Rays,TB,0,0,Tropicana Field,2026-05-30T20:10:00Z,2026-05-30T20:10:00Z
mlb-823622,823622,2026-05-30,SCHEDULED,Miami Marlins,MIA,New York Mets,NYM,0,0,Citi Field,2026-05-30T20:10:00Z,2026-05-30T20:10:00Z
mlb-824190,824190,2026-05-30,SCHEDULED,Milwaukee Brewers,MIL,Houston Astros,HOU,0,0,Daikin Park,2026-05-30T20:10:00Z,2026-05-30T20:10:00Z
mlb-824431,824431,2026-05-30,SCHEDULED,Boston Red Sox,BOS,Cleveland Guardians,CLE,0,0,Progressive Field,2026-05-30T20:10:00Z,2026-05-30T20:10:00Z
mlb-823054,823054,2026-05-30,SCHEDULED,Chicago Cubs,CHC,St. Louis Cardinals,STL,0,0,Busch Stadium,2026-05-30T23:15:00Z,2026-05-30T23:15:00Z
mlb-824513,824513,2026-05-30,SCHEDULED,Atlanta Braves,ATL,Cincinnati Reds,CIN,0,0,Great American Ball Park,2026-05-30T23:15:00Z,2026-05-30T23:15:00Z
mlb-824352,824352,2026-05-30,SCHEDULED,San Francisco Giants,SF,Colorado Rockies,COL,0,0,Coors Field,2026-05-31T01:10:00Z,2026-05-31T01:10:00Z
mlb-825000,825000,2026-05-30,SCHEDULED,New York Yankees,NYY,Athletics,ATH,0,0,Sutter Health Park,2026-05-31T02:05:00Z,2026-05-31T02:05:00Z
mlb-823132,823132,2026-05-30,SCHEDULED,Arizona Diamondbacks,ARI,Seattle Mariners,SEA,0,0,T-Mobile Park,2026-05-31T02:10:00Z,2026-05-31T02:10:00Z
mlb-823945,823945,2026-05-30,SCHEDULED,Philadelphia Phillies,PHI,Los Angeles Dodgers,LAD,0,0,UNIQLO Field at Dodger Stadium,2026-05-31T02:10:00Z,2026-05-31T02:10:00Z
mlb-824832,824832,2026-05-31,SCHEDULED,Toronto Blue Jays,TOR,Baltimore Orioles,BAL,0,0,Oriole Park at Camden Yards,2026-05-31T16:15:00Z,2026-05-31T16:15:00Z
mlb-822729,822729,2026-05-31,SCHEDULED,San Diego Padres,SD,Washington Nationals,WSH,0,0,Nationals Park,2026-05-31T17:35:00Z,2026-05-31T17:35:00Z
mlb-823373,823373,2026-05-31,SCHEDULED,Minnesota Twins,MIN,Pittsburgh Pirates,PIT,0,0,PNC Park,2026-05-31T17:35:00Z,2026-05-31T17:35:00Z
mlb-822976,822976,2026-05-31,SCHEDULED,Los Angeles Angels,LAA,Tampa Bay Rays,TB,0,0,Tropicana Field,2026-05-31T17:40:00Z,2026-05-31T17:40:00Z
mlb-823621,823621,2026-05-31,SCHEDULED,Miami Marlins,MIA,New York Mets,NYM,0,0,Citi Field,2026-05-31T17:40:00Z,2026-05-31T17:40:00Z
mlb-824430,824430,2026-05-31,SCHEDULED,Boston Red Sox,BOS,Cleveland Guardians,CLE,0,0,Progressive Field,2026-05-31T17:40:00Z,2026-05-31T17:40:00Z
mlb-824512,824512,2026-05-31,SCHEDULED,Atlanta Braves,ATL,Cincinnati Reds,CIN,0,0,Great American Ball Park,2026-05-31T17:40:00Z,2026-05-31T17:40:00Z
mlb-824187,824187,2026-05-31,SCHEDULED,Milwaukee Brewers,MIL,Houston Astros,HOU,0,0,Daikin Park,2026-05-31T18:10:00Z,2026-05-31T18:10:00Z
mlb-824592,824592,2026-05-31,SCHEDULED,Detroit Tigers,DET,Chicago White Sox,CWS,0,0,Rate Field,2026-05-31T18:10:00Z,2026-05-31T18:10:00Z
mlb-822895,822895,2026-05-31,SCHEDULED,Kansas City Royals,KC,Texas Rangers,TEX,0,0,Globe Life Field,2026-05-31T18:35:00Z,2026-05-31T18:35:00Z
mlb-824354,824354,2026-05-31,SCHEDULED,San Francisco Giants,SF,Colorado Rockies,COL,0,0,Coors Field,2026-05-31T19:10:00Z,2026-05-31T19:10:00Z
mlb-825001,825001,2026-05-31,SCHEDULED,New York Yankees,NYY,Athletics,ATH,0,0,Sutter Health Park,2026-05-31T20:05:00Z,2026-05-31T20:05:00Z
mlb-823133,823133,2026-05-31,SCHEDULED,Arizona Diamondbacks,ARI,Seattle Mariners,SEA,0,0,T-Mobile Park,2026-05-31T20:10:00Z,2026-05-31T20:10:00Z
mlb-823944,823944,2026-05-31,SCHEDULED,Philadelphia Phillies,PHI,Los Angeles Dodgers,LAD,0,0,UNIQLO Field at Dodger Stadium,2026-05-31T20:10:00Z,2026-05-31T20:10:00Z
mlb-823053,823053,2026-05-31,SCHEDULED,Chicago Cubs,CHC,St. Louis Cardinals,STL,0,0,Busch Stadium,2026-05-31T23:20:00Z,2026-05-31T23:20:00Z
mlb-822974,822974,2026-06-01,SCHEDULED,Detroit Tigers,DET,Tampa Bay Rays,TB,0,0,Tropicana Field,2026-06-01T22:40:00Z,2026-06-01T22:40:00Z
mlb-822730,822730,2026-06-01,SCHEDULED,Miami Marlins,MIA,Washington Nationals,WSH,0,0,Nationals Park,2026-06-01T22:45:00Z,2026-06-01T22:45:00Z
mlb-824510,824510,2026-06-01,SCHEDULED,Kansas City Royals,KC,Cincinnati Reds,CIN,0,0,Great American Ball Park,2026-06-01T23:10:00Z,2026-06-01T23:10:00Z
mlb-823702,823702,2026-06-01,SCHEDULED,Chicago White Sox,CWS,Minnesota Twins,MIN,0,0,Target Field,2026-06-01T23:40:00Z,2026-06-01T23:40:00Z
mlb-823781,823781,2026-06-01,SCHEDULED,San Francisco Giants,SF,Milwaukee Brewers,MIL,0,0,American Family Field,2026-06-01T23:40:00Z,2026-06-01T23:40:00Z
mlb-823050,823050,2026-06-01,SCHEDULED,Texas Rangers,TEX,St. Louis Cardinals,STL,0,0,Busch Stadium,2026-06-01T23:45:00Z,2026-06-01T23:45:00Z
mlb-824027,824027,2026-06-01,SCHEDULED,Colorado Rockies,COL,Los Angeles Angels,LAA,0,0,Angel Stadium,2026-06-02T01:38:00Z,2026-06-02T01:38:00Z
mlb-823131,823131,2026-06-01,SCHEDULED,New York Mets,NYM,Seattle Mariners,SEA,0,0,T-Mobile Park,2026-06-02T01:40:00Z,2026-06-02T01:40:00Z
mlb-825078,825078,2026-06-01,SCHEDULED,Los Angeles Dodgers,LAD,Arizona Diamondbacks,ARI,0,0,Chase Field,2026-06-02T01:40:00Z,2026-06-02T01:40:00Z
mlb-822971,822971,2026-06-02,SCHEDULED,Detroit Tigers,DET,Tampa Bay Rays,TB,0,0,Tropicana Field,2026-06-02T22:40:00Z,2026-06-02T22:40:00Z
mlb-823460,823460,2026-06-02,SCHEDULED,San Diego Padres,SD,Philadelphia Phillies,PHI,0,0,Citizens Bank Park,2026-06-02T22:40:00Z,2026-06-02T22:40:00Z
mlb-822728,822728,2026-06-02,SCHEDULED,Miami Marlins,MIA,Washington Nationals,WSH,0,0,Nationals Park,2026-06-02T22:45:00Z,2026-06-02T22:45:00Z
mlb-824754,824754,2026-06-02,SCHEDULED,Baltimore Orioles,BAL,Boston Red Sox,BOS,0,0,Fenway Park,2026-06-02T22:45:00Z,2026-06-02T22:45:00Z
mlb-823541,823541,2026-06-02,SCHEDULED,Cleveland Guardians,CLE,New York Yankees,NYY,0,0,Yankee Stadium,2026-06-02T23:05:00Z,2026-06-02T23:05:00Z
mlb-824511,824511,2026-06-02,SCHEDULED,Kansas City Royals,KC,Cincinnati Reds,CIN,0,0,Great American Ball Park,2026-06-02T23:10:00Z,2026-06-02T23:10:00Z
mlb-824918,824918,2026-06-02,SCHEDULED,Toronto Blue Jays,TOR,Atlanta Braves,ATL,0,0,Truist Park,2026-06-02T23:15:00Z,2026-06-02T23:15:00Z
mlb-823700,823700,2026-06-02,SCHEDULED,Chicago White Sox,CWS,Minnesota Twins,MIN,0,0,Target Field,2026-06-02T23:40:00Z,2026-06-02T23:40:00Z
mlb-823782,823782,2026-06-02,SCHEDULED,San Francisco Giants,SF,Milwaukee Brewers,MIL,0,0,American Family Field,2026-06-02T23:40:00Z,2026-06-02T23:40:00Z
mlb-823052,823052,2026-06-02,SCHEDULED,Texas Rangers,TEX,St. Louis Cardinals,STL,0,0,Busch Stadium,2026-06-02T23:45:00Z,2026-06-02T23:45:00Z
mlb-824675,824675,2026-06-02,SCHEDULED,Athletics,ATH,Chicago Cubs,CHC,0,0,Wrigley Field,2026-06-03T00:05:00Z,2026-06-03T00:05:00Z
mlb-824189,824189,2026-06-02,SCHEDULED,Pittsburgh Pirates,PIT,Houston Astros,HOU,0,0,Daikin Park,2026-06-03T00:10:00Z,2026-06-03T00:10:00Z
mlb-824026,824026,2026-06-02,SCHEDULED,Colorado Rockies,COL,Los Angeles Angels,LAA,0,0,Angel Stadium,2026-06-03T01:38:00Z,2026-06-03T01:38:00Z
mlb-823129,823129,2026-06-02,SCHEDULED,New York Mets,NYM,Seattle Mariners,SEA,0,0,T-Mobile Park,2026-06-03T01:40:00Z,2026-06-03T01:40:00Z
mlb-825079,825079,2026-06-02,SCHEDULED,Los Angeles Dodgers,LAD,Arizona Diamondbacks,ARI,0,0,Chase Field,2026-06-03T01:40:00Z,2026-06-03T01:40:00Z
mlb-822727,822727,2026-06-03,SCHEDULED,Miami Marlins,MIA,Washington Nationals,WSH,0,0,Nationals Park,2026-06-03T17:05:00Z,2026-06-03T17:05:00Z
mlb-822973,822973,2026-06-03,SCHEDULED,Detroit Tigers,DET,Tampa Bay Rays,TB,0,0,Tropicana Field,2026-06-03T17:10:00Z,2026-06-03T17:10:00Z
mlb-823701,823701,2026-06-03,SCHEDULED,Chicago White Sox,CWS,Minnesota Twins,MIN,0,0,Target Field,2026-06-03T17:40:00Z,2026-06-03T17:40:00Z
mlb-823130,823130,2026-06-03,SCHEDULED,New York Mets,NYM,Seattle Mariners,SEA,0,0,T-Mobile Park,2026-06-03T19:40:00Z,2026-06-03T19:40:00Z
mlb-823456,823456,2026-06-03,SCHEDULED,San Diego Padres,SD,Philadelphia Phillies,PHI,0,0,Citizens Bank Park,2026-06-03T22:40:00Z,2026-06-03T22:40:00Z
mlb-824755,824755,2026-06-03,SCHEDULED,Baltimore Orioles,BAL,Boston Red Sox,BOS,0,0,Fenway Park,2026-06-03T22:45:00Z,2026-06-03T22:45:00Z
mlb-823540,823540,2026-06-03,SCHEDULED,Cleveland Guardians,CLE,New York Yankees,NYY,0,0,Yankee Stadium,2026-06-03T23:05:00Z,2026-06-03T23:05:00Z
mlb-824509,824509,2026-06-03,SCHEDULED,Kansas City Royals,KC,Cincinnati Reds,CIN,0,0,Great American Ball Park,2026-06-03T23:10:00Z,2026-06-03T23:10:00Z
mlb-824917,824917,2026-06-03,SCHEDULED,Toronto Blue Jays,TOR,Atlanta Braves,ATL,0,0,Truist Park,2026-06-03T23:15:00Z,2026-06-03T23:15:00Z
mlb-823780,823780,2026-06-03,SCHEDULED,San Francisco Giants,SF,Milwaukee Brewers,MIL,0,0,American Family Field,2026-06-03T23:40:00Z,2026-06-03T23:40:00Z
mlb-823051,823051,2026-06-03,SCHEDULED,Texas Rangers,TEX,St. Louis Cardinals,STL,0,0,Busch Stadium,2026-06-03T23:45:00Z,2026-06-03T23:45:00Z
mlb-824671,824671,2026-06-03,SCHEDULED,Athletics,ATH,Chicago Cubs,CHC,0,0,Wrigley Field,2026-06-04T00:05:00Z,2026-06-04T00:05:00Z
mlb-824188,824188,2026-06-03,SCHEDULED,Pittsburgh Pirates,PIT,Houston Astros,HOU,0,0,Daikin Park,2026-06-04T00:10:00Z,2026-06-04T00:10:00Z
mlb-824024,824024,2026-06-03,SCHEDULED,Colorado Rockies,COL,Los Angeles Angels,LAA,0,0,Angel Stadium,2026-06-04T01:38:00Z,2026-06-04T01:38:00Z
mlb-825077,825077,2026-06-03,SCHEDULED,Los Angeles Dodgers,LAD,Arizona Diamondbacks,ARI,0,0,Chase Field,2026-06-04T01:40:00Z,2026-06-04T01:40:00Z
mlb-823457,823457,2026-06-04,SCHEDULED,San Diego Padres,SD,Philadelphia Phillies,PHI,0,0,Citizens Bank Park,2026-06-04T17:05:00Z,2026-06-04T17:05:00Z
mlb-823542,823542,2026-06-04,SCHEDULED,Cleveland Guardians,CLE,New York Yankees,NYY,0,0,Yankee Stadium,2026-06-04T17:35:00Z,2026-06-04T17:35:00Z
mlb-824753,824753,2026-06-04,SCHEDULED,Baltimore Orioles,BAL,Boston Red Sox,BOS,0,0,Fenway Park,2026-06-04T17:35:00Z,2026-06-04T17:35:00Z
mlb-823779,823779,2026-06-04,SCHEDULED,San Francisco Giants,SF,Milwaukee Brewers,MIL,0,0,American Family Field,2026-06-04T18:10:00Z,2026-06-04T18:10:00Z
mlb-824919,824919,2026-06-04,SCHEDULED,Toronto Blue Jays,TOR,Atlanta Braves,ATL,0,0,Truist Park,2026-06-04T23:15:00Z,2026-06-04T23:15:00Z
mlb-823698,823698,2026-06-04,SCHEDULED,Kansas City Royals,KC,Minnesota Twins,MIN,0,0,Target Field,2026-06-04T23:40:00Z,2026-06-04T23:40:00Z
mlb-824672,824672,2026-06-04,SCHEDULED,Athletics,ATH,Chicago Cubs,CHC,0,0,Wrigley Field,2026-06-05T00:05:00Z,2026-06-05T00:05:00Z
mlb-824185,824185,2026-06-04,SCHEDULED,Pittsburgh Pirates,PIT,Houston Astros,HOU,0,0,Daikin Park,2026-06-05T00:10:00Z,2026-06-05T00:10:00Z
mlb-825076,825076,2026-06-04,SCHEDULED,Los Angeles Dodgers,LAD,Arizona Diamondbacks,ARI,0,0,Chase Field,2026-06-05T01:40:00Z,2026-06-05T01:40:00Z
mlb-824673,824673,2026-06-05,SCHEDULED,San Francisco Giants,SF,Chicago Cubs,CHC,0,0,Wrigley Field,2026-06-05T18:20:00Z,2026-06-05T18:20:00Z
mlb-823455,823455,2026-06-05,SCHEDULED,Chicago White Sox,CWS,Philadelphia Phillies,PHI,0,0,Citizens Bank Park,2026-06-05T22:40:00Z,2026-06-05T22:40:00Z
mlb-824271,824271,2026-06-05,SCHEDULED,Seattle Mariners,SEA,Detroit Tigers,DET,0,0,Comerica Park,2026-06-05T22:40:00Z,2026-06-05T22:40:00Z
mlb-823538,823538,2026-06-05,SCHEDULED,Boston Red Sox,BOS,New York Yankees,NYY,0,0,Yankee Stadium,2026-06-05T23:05:00Z,2026-06-05T23:05:00Z
mlb-822810,822810,2026-06-05,SCHEDULED,Baltimore Orioles,BAL,Toronto Blue Jays,TOR,0,0,Rogers Centre,2026-06-05T23:07:00Z,2026-06-05T23:07:00Z
mlb-823860,823860,2026-06-05,SCHEDULED,Tampa Bay Rays,TB,Miami Marlins,MIA,0,0,loanDepot park,2026-06-05T23:10:00Z,2026-06-05T23:10:00Z
mlb-824914,824914,2026-06-05,SCHEDULED,Pittsburgh Pirates,PIT,Atlanta Braves,ATL,0,0,Truist Park,2026-06-05T23:15:00Z,2026-06-05T23:15:00Z
mlb-824186,824186,2026-06-05,SCHEDULED,Athletics,ATH,Houston Astros,HOU,0,0,Daikin Park,2026-06-06T00:10:00Z,2026-06-06T00:10:00Z
mlb-822892,822892,2026-06-05,SCHEDULED,Cleveland Guardians,CLE,Texas Rangers,TEX,0,0,Globe Life Field,2026-06-06T00:15:00Z,2026-06-06T00:15:00Z
mlb-823049,823049,2026-06-05,SCHEDULED,Cincinnati Reds,CIN,St. Louis Cardinals,STL,0,0,Busch Stadium,2026-06-06T00:15:00Z,2026-06-06T00:15:00Z
mlb-823699,823699,2026-06-05,SCHEDULED,Kansas City Royals,KC,Minnesota Twins,MIN,0,0,Target Field,2026-06-06T00:15:00Z,2026-06-06T00:15:00Z
mlb-824350,824350,2026-06-05,SCHEDULED,Milwaukee Brewers,MIL,Colorado Rockies,COL,0,0,Coors Field,2026-06-06T00:40:00Z,2026-06-06T00:40:00Z
mlb-823293,823293,2026-06-05,SCHEDULED,New York Mets,NYM,San Diego Padres,SD,0,0,Petco Park,2026-06-06T01:40:00Z,2026-06-06T01:40:00Z
mlb-825073,825073,2026-06-05,SCHEDULED,Washington Nationals,WSH,Arizona Diamondbacks,ARI,0,0,Chase Field,2026-06-06T01:40:00Z,2026-06-06T01:40:00Z
mlb-823943,823943,2026-06-05,SCHEDULED,Los Angeles Angels,LAA,Los Angeles Dodgers,LAD,0,0,UNIQLO Field at Dodger Stadium,2026-06-06T02:10:00Z,2026-06-06T02:10:00Z
mlb-824269,824269,2026-06-06,SCHEDULED,Seattle Mariners,SEA,Detroit Tigers,DET,0,0,Comerica Park,2026-06-06T17:10:00Z,2026-06-06T17:10:00Z
mlb-823697,823697,2026-06-06,SCHEDULED,Kansas City Royals,KC,Minnesota Twins,MIN,0,0,Target Field,2026-06-06T18:10:00Z,2026-06-06T18:10:00Z
mlb-823048,823048,2026-06-06,SCHEDULED,Cincinnati Reds,CIN,St. Louis Cardinals,STL,0,0,Busch Stadium,2026-06-06T18:15:00Z,2026-06-06T18:15:00Z
mlb-824669,824669,2026-06-06,SCHEDULED,San Francisco Giants,SF,Chicago Cubs,CHC,0,0,Wrigley Field,2026-06-06T18:20:00Z,2026-06-06T18:20:00Z
mlb-822808,822808,2026-06-06,SCHEDULED,Baltimore Orioles,BAL,Toronto Blue Jays,TOR,0,0,Rogers Centre,2026-06-06T19:07:00Z,2026-06-06T19:07:00Z
mlb-823454,823454,2026-06-06,SCHEDULED,Chicago White Sox,CWS,Philadelphia Phillies,PHI,0,0,Citizens Bank Park,2026-06-06T20:05:00Z,2026-06-06T20:05:00Z
mlb-823859,823859,2026-06-06,SCHEDULED,Tampa Bay Rays,TB,Miami Marlins,MIA,0,0,loanDepot park,2026-06-06T20:10:00Z,2026-06-06T20:10:00Z
mlb-824184,824184,2026-06-06,SCHEDULED,Athletics,ATH,Houston Astros,HOU,0,0,Daikin Park,2026-06-06T20:10:00Z,2026-06-06T20:10:00Z
mlb-824915,824915,2026-06-06,SCHEDULED,Pittsburgh Pirates,PIT,Atlanta Braves,ATL,0,0,Truist Park,2026-06-06T20:10:00Z,2026-06-06T20:10:00Z
mlb-825075,825075,2026-06-06,SCHEDULED,Washington Nationals,WSH,Arizona Diamondbacks,ARI,0,0,Chase Field,2026-06-06T20:10:00Z,2026-06-06T20:10:00Z
mlb-822891,822891,2026-06-06,SCHEDULED,Cleveland Guardians,CLE,Texas Rangers,TEX,0,0,Globe Life Field,2026-06-06T23:35:00Z,2026-06-06T23:35:00Z
mlb-823539,823539,2026-06-06,SCHEDULED,Boston Red Sox,BOS,New York Yankees,NYY,0,0,Yankee Stadium,2026-06-06T23:35:00Z,2026-06-06T23:35:00Z
mlb-824351,824351,2026-06-06,SCHEDULED,Milwaukee Brewers,MIL,Colorado Rockies,COL,0,0,Coors Field,2026-06-07T01:10:00Z,2026-06-07T01:10:00Z
mlb-823292,823292,2026-06-06,SCHEDULED,New York Mets,NYM,San Diego Padres,SD,0,0,Petco Park,2026-06-07T02:10:00Z,2026-06-07T02:10:00Z
mlb-823942,823942,2026-06-06,SCHEDULED,Los Angeles Angels,LAA,Los Angeles Dodgers,LAD,0,0,UNIQLO Field at Dodger Stadium,2026-06-07T02:10:00Z,2026-06-07T02:10:00Z
mlb-823453,823453,2026-06-07,SCHEDULED,Chicago White Sox,CWS,Philadelphia Phillies,PHI,0,0,Citizens Bank Park,2026-06-07T17:35:00Z,2026-06-07T17:35:00Z
mlb-823537,823537,2026-06-07,SCHEDULED,Boston Red Sox,BOS,New York Yankees,NYY,0,0,Yankee Stadium,2026-06-07T17:35:00Z,2026-06-07T17:35:00Z
mlb-824916,824916,2026-06-07,SCHEDULED,Pittsburgh Pirates,PIT,Atlanta Braves,ATL,0,0,Truist Park,2026-06-07T17:35:00Z,2026-06-07T17:35:00Z
mlb-822807,822807,2026-06-07,SCHEDULED,Baltimore Orioles,BAL,Toronto Blue Jays,TOR,0,0,Rogers Centre,2026-06-07T17:37:00Z,2026-06-07T17:37:00Z
mlb-823857,823857,2026-06-07,SCHEDULED,Tampa Bay Rays,TB,Miami Marlins,MIA,0,0,loanDepot park,2026-06-07T17:40:00Z,2026-06-07T17:40:00Z
mlb-824268,824268,2026-06-07,SCHEDULED,Seattle Mariners,SEA,Detroit Tigers,DET,0,0,Comerica Park,2026-06-07T17:40:00Z,2026-06-07T17:40:00Z
mlb-823696,823696,2026-06-07,SCHEDULED,Kansas City Royals,KC,Minnesota Twins,MIN,0,0,Target Field,2026-06-07T18:10:00Z,2026-06-07T18:10:00Z
mlb-824183,824183,2026-06-07,SCHEDULED,Athletics,ATH,Houston Astros,HOU,0,0,Daikin Park,2026-06-07T18:10:00Z,2026-06-07T18:10:00Z
mlb-823047,823047,2026-06-07,SCHEDULED,Cincinnati Reds,CIN,St. Louis Cardinals,STL,0,0,Busch Stadium,2026-06-07T18:15:00Z,2026-06-07T18:15:00Z
mlb-822890,822890,2026-06-07,SCHEDULED,Cleveland Guardians,CLE,Texas Rangers,TEX,0,0,Globe Life Field,2026-06-07T18:35:00Z,2026-06-07T18:35:00Z
mlb-824349,824349,2026-06-07,SCHEDULED,Milwaukee Brewers,MIL,Colorado Rockies,COL,0,0,Coors Field,2026-06-07T19:10:00Z,2026-06-07T19:10:00Z
mlb-825074,825074,2026-06-07,SCHEDULED,Washington Nationals,WSH,Arizona Diamondbacks,ARI,0,0,Chase Field,2026-06-07T19:15:00Z,2026-06-07T19:15:00Z
mlb-823291,823291,2026-06-07,SCHEDULED,New York Mets,NYM,San Diego Padres,SD,0,0,Petco Park,2026-06-07T20:10:00Z,2026-06-07T20:10:00Z
mlb-823941,823941,2026-06-07,SCHEDULED,Los Angeles Angels,LAA,Los Angeles Dodgers,LAD,0,0,UNIQLO Field at Dodger Stadium,2026-06-07T20:10:00Z,2026-06-07T20:10:00Z
mlb-824670,824670,2026-06-07,SCHEDULED,San Francisco Giants,SF,Chicago Cubs,CHC,0,0,Wrigley Field,2026-06-08T00:30:00Z,2026-06-08T00:30:00Z
mlb-824829,824829,2026-06-08,SCHEDULED,Seattle Mariners,SEA,Baltimore Orioles,BAL,0,0,Oriole Park at Camden Yards,2026-06-08T22:35:00Z,2026-06-08T22:35:00Z
mlb-822972,822972,2026-06-08,SCHEDULED,Boston Red Sox,BOS,Tampa Bay Rays,TB,0,0,Tropicana Field,2026-06-08T22:40:00Z,2026-06-08T22:40:00Z
mlb-824427,824427,2026-06-08,SCHEDULED,New York Yankees,NYY,Cleveland Guardians,CLE,0,0,Progressive Field,2026-06-08T22:40:00Z,2026-06-08T22:40:00Z
mlb-822806,822806,2026-06-08,SCHEDULED,Philadelphia Phillies,PHI,Toronto Blue Jays,TOR,0,0,Rogers Centre,2026-06-08T23:07:00Z,2026-06-08T23:07:00Z
mlb-824025,824025,2026-06-08,SCHEDULED,Houston Astros,HOU,Los Angeles Angels,LAA,0,0,Angel Stadium,2026-06-09T01:38:00Z,2026-06-09T01:38:00Z
mlb-823289,823289,2026-06-08,SCHEDULED,Cincinnati Reds,CIN,San Diego Padres,SD,0,0,Petco Park,2026-06-09T01:40:00Z,2026-06-09T01:40:00Z
mlb-823218,823218,2026-06-08,SCHEDULED,Washington Nationals,WSH,San Francisco Giants,SF,0,0,Oracle Park,2026-06-09T01:45:00Z,2026-06-09T01:45:00Z
mlb-824998,824998,2026-06-08,SCHEDULED,Milwaukee Brewers,MIL,Athletics,ATH,0,0,Las Vegas Ballpark,2026-06-09T02:05:00Z,2026-06-09T02:05:00Z
mlb-824830,824830,2026-06-09,SCHEDULED,Seattle Mariners,SEA,Baltimore Orioles,BAL,0,0,Oriole Park at Camden Yards,2026-06-09T22:35:00Z,2026-06-09T22:35:00Z
mlb-822969,822969,2026-06-09,SCHEDULED,Boston Red Sox,BOS,Tampa Bay Rays,TB,0,0,Tropicana Field,2026-06-09T22:40:00Z,2026-06-09T22:40:00Z
mlb-823374,823374,2026-06-09,SCHEDULED,Los Angeles Dodgers,LAD,Pittsburgh Pirates,PIT,0,0,PNC Park,2026-06-09T22:40:00Z,2026-06-09T22:40:00Z
mlb-823858,823858,2026-06-09,SCHEDULED,Arizona Diamondbacks,ARI,Miami Marlins,MIA,0,0,loanDepot park,2026-06-09T22:40:00Z,2026-06-09T22:40:00Z
mlb-824267,824267,2026-06-09,SCHEDULED,Minnesota Twins,MIN,Detroit Tigers,DET,0,0,Comerica Park,2026-06-09T22:40:00Z,2026-06-09T22:40:00Z
mlb-824429,824429,2026-06-09,SCHEDULED,New York Yankees,NYY,Cleveland Guardians,CLE,0,0,Progressive Field,2026-06-09T22:40:00Z,2026-06-09T22:40:00Z
mlb-822805,822805,2026-06-09,SCHEDULED,Philadelphia Phillies,PHI,Toronto Blue Jays,TOR,0,0,Rogers Centre,2026-06-09T23:07:00Z,2026-06-09T23:07:00Z
mlb-823620,823620,2026-06-09,SCHEDULED,St. Louis Cardinals,STL,New York Mets,NYM,0,0,Citi Field,2026-06-09T23:10:00Z,2026-06-09T23:10:00Z
mlb-824105,824105,2026-06-09,SCHEDULED,Texas Rangers,TEX,Kansas City Royals,KC,0,0,Kauffman Stadium,2026-06-09T23:40:00Z,2026-06-09T23:40:00Z
mlb-824591,824591,2026-06-09,SCHEDULED,Atlanta Braves,ATL,Chicago White Sox,CWS,0,0,Rate Field,2026-06-09T23:40:00Z,2026-06-09T23:40:00Z
mlb-824347,824347,2026-06-09,SCHEDULED,Chicago Cubs,CHC,Colorado Rockies,COL,0,0,Coors Field,2026-06-10T00:40:00Z,2026-06-10T00:40:00Z
mlb-824023,824023,2026-06-09,SCHEDULED,Houston Astros,HOU,Los Angeles Angels,LAA,0,0,Angel Stadium,2026-06-10T01:38:00Z,2026-06-10T01:38:00Z
mlb-823290,823290,2026-06-09,SCHEDULED,Cincinnati Reds,CIN,San Diego Padres,SD,0,0,Petco Park,2026-06-10T01:40:00Z,2026-06-10T01:40:00Z
mlb-823214,823214,2026-06-09,SCHEDULED,Washington Nationals,WSH,San Francisco Giants,SF,0,0,Oracle Park,2026-06-10T01:45:00Z,2026-06-10T01:45:00Z
mlb-824999,824999,2026-06-09,SCHEDULED,Milwaukee Brewers,MIL,Athletics,ATH,0,0,Las Vegas Ballpark,2026-06-10T02:05:00Z,2026-06-10T02:05:00Z
mlb-822970,822970,2026-06-10,SCHEDULED,Boston Red Sox,BOS,Tampa Bay Rays,TB,0,0,Tropicana Field,2026-06-10T17:10:00Z,2026-06-10T17:10:00Z
mlb-824428,824428,2026-06-10,SCHEDULED,New York Yankees,NYY,Cleveland Guardians,CLE,0,0,Progressive Field,2026-06-10T17:10:00Z,2026-06-10T17:10:00Z
mlb-823215,823215,2026-06-10,SCHEDULED,Washington Nationals,WSH,San Francisco Giants,SF,0,0,Oracle Park,2026-06-10T19:45:00Z,2026-06-10T19:45:00Z
mlb-823287,823287,2026-06-10,SCHEDULED,Cincinnati Reds,CIN,San Diego Padres,SD,0,0,Petco Park,2026-06-10T20:10:00Z,2026-06-10T20:10:00Z
mlb-824831,824831,2026-06-10,SCHEDULED,Seattle Mariners,SEA,Baltimore Orioles,BAL,0,0,Oriole Park at Camden Yards,2026-06-10T22:35:00Z,2026-06-10T22:35:00Z
mlb-823372,823372,2026-06-10,SCHEDULED,Los Angeles Dodgers,LAD,Pittsburgh Pirates,PIT,0,0,PNC Park,2026-06-10T22:40:00Z,2026-06-10T22:40:00Z
mlb-823856,823856,2026-06-10,SCHEDULED,Arizona Diamondbacks,ARI,Miami Marlins,MIA,0,0,loanDepot park,2026-06-10T22:40:00Z,2026-06-10T22:40:00Z
mlb-824266,824266,2026-06-10,SCHEDULED,Minnesota Twins,MIN,Detroit Tigers,DET,0,0,Comerica Park,2026-06-10T22:40:00Z,2026-06-10T22:40:00Z
mlb-822804,822804,2026-06-10,SCHEDULED,Philadelphia Phillies,PHI,Toronto Blue Jays,TOR,0,0,Rogers Centre,2026-06-10T23:07:00Z,2026-06-10T23:07:00Z
mlb-823618,823618,2026-06-10,SCHEDULED,St. Louis Cardinals,STL,New York Mets,NYM,0,0,Citi Field,2026-06-10T23:10:00Z,2026-06-10T23:10:00Z
mlb-824103,824103,2026-06-10,SCHEDULED,Texas Rangers,TEX,Kansas City Royals,KC,0,0,Kauffman Stadium,2026-06-10T23:40:00Z,2026-06-10T23:40:00Z
mlb-824590,824590,2026-06-10,SCHEDULED,Atlanta Braves,ATL,Chicago White Sox,CWS,0,0,Rate Field,2026-06-10T23:40:00Z,2026-06-10T23:40:00Z
mlb-824348,824348,2026-06-10,SCHEDULED,Chicago Cubs,CHC,Colorado Rockies,COL,0,0,Coors Field,2026-06-11T00:40:00Z,2026-06-11T00:40:00Z
mlb-824996,824996,2026-06-10,SCHEDULED,Milwaukee Brewers,MIL,Athletics,ATH,0,0,Las Vegas Ballpark,2026-06-11T01:05:00Z,2026-06-11T01:05:00Z
mlb-824022,824022,2026-06-10,SCHEDULED,Houston Astros,HOU,Los Angeles Angels,LAA,0,0,Angel Stadium,2026-06-11T01:38:00Z,2026-06-11T01:38:00Z
mlb-823619,823619,2026-06-11,SCHEDULED,St. Louis Cardinals,STL,New York Mets,NYM,0,0,Citi Field,2026-06-11T17:10:00Z,2026-06-11T17:10:00Z
mlb-823855,823855,2026-06-11,SCHEDULED,Arizona Diamondbacks,ARI,Miami Marlins,MIA,0,0,loanDepot park,2026-06-11T17:10:00Z,2026-06-11T17:10:00Z
mlb-824265,824265,2026-06-11,SCHEDULED,Minnesota Twins,MIN,Detroit Tigers,DET,0,0,Comerica Park,2026-06-11T17:10:00Z,2026-06-11T17:10:00Z
mlb-824101,824101,2026-06-11,SCHEDULED,Texas Rangers,TEX,Kansas City Royals,KC,0,0,Kauffman Stadium,2026-06-11T18:10:00Z,2026-06-11T18:10:00Z
mlb-824346,824346,2026-06-11,SCHEDULED,Chicago Cubs,CHC,Colorado Rockies,COL,0,0,Coors Field,2026-06-11T19:10:00Z,2026-06-11T19:10:00Z
mlb-823371,823371,2026-06-11,SCHEDULED,Los Angeles Dodgers,LAD,Pittsburgh Pirates,PIT,0,0,PNC Park,2026-06-11T22:40:00Z,2026-06-11T22:40:00Z
mlb-824827,824827,2026-06-11,SCHEDULED,Seattle Mariners,SEA,Baltimore Orioles,BAL,0,0,Oriole Park at Camden Yards,2026-06-11T23:05:00Z,2026-06-11T23:05:00Z
mlb-824589,824589,2026-06-11,SCHEDULED,Atlanta Braves,ATL,Chicago White Sox,CWS,0,0,Rate Field,2026-06-11T23:40:00Z,2026-06-11T23:40:00Z
mlb-823370,823370,2026-06-12,SCHEDULED,Miami Marlins,MIA,Pittsburgh Pirates,PIT,0,0,PNC Park,2026-06-12T22:40:00Z,2026-06-12T22:40:00Z
mlb-822726,822726,2026-06-12,SCHEDULED,Seattle Mariners,SEA,Washington Nationals,WSH,0,0,Nationals Park,2026-06-12T22:45:00Z,2026-06-12T22:45:00Z
mlb-824826,824826,2026-06-12,SCHEDULED,San Diego Padres,SD,Baltimore Orioles,BAL,0,0,Oriole Park at Camden Yards,2026-06-12T23:05:00Z,2026-06-12T23:05:00Z
mlb-824425,824425,2026-06-12,SCHEDULED,Detroit Tigers,DET,Cleveland Guardians,CLE,0,0,Progressive Field,2026-06-12T23:10:00Z,2026-06-12T23:10:00Z
mlb-824752,824752,2026-06-12,SCHEDULED,Texas Rangers,TEX,Boston Red Sox,BOS,0,0,Fenway Park,2026-06-12T23:10:00Z,2026-06-12T23:10:00Z
mlb-823617,823617,2026-06-12,SCHEDULED,Atlanta Braves,ATL,New York Mets,NYM,0,0,Citi Field,2026-06-12T23:15:00Z,2026-06-12T23:15:00Z
mlb-824507,824507,2026-06-12,SCHEDULED,Arizona Diamondbacks,ARI,Cincinnati Reds,CIN,0,0,Great American Ball Park,2026-06-12T23:15:00Z,2026-06-12T23:15:00Z
mlb-822803,822803,2026-06-12,SCHEDULED,New York Yankees,NYY,Toronto Blue Jays,TOR,0,0,Rogers Centre,2026-06-12T23:37:00Z,2026-06-12T23:37:00Z
mlb-823778,823778,2026-06-12,SCHEDULED,Philadelphia Phillies,PHI,Milwaukee Brewers,MIL,0,0,American Family Field,2026-06-12T23:40:00Z,2026-06-12T23:40:00Z
mlb-824588,824588,2026-06-12,SCHEDULED,Los Angeles Dodgers,LAD,Chicago White Sox,CWS,0,0,Rate Field,2026-06-12T23:40:00Z,2026-06-12T23:40:00Z
mlb-823695,823695,2026-06-12,SCHEDULED,St. Louis Cardinals,STL,Minnesota Twins,MIN,0,0,Target Field,2026-06-13T00:10:00Z,2026-06-13T00:10:00Z
mlb-824102,824102,2026-06-12,SCHEDULED,Houston Astros,HOU,Kansas City Royals,KC,0,0,Kauffman Stadium,2026-06-13T00:10:00Z,2026-06-13T00:10:00Z
mlb-824020,824020,2026-06-12,SCHEDULED,Tampa Bay Rays,TB,Los Angeles Angels,LAA,0,0,Angel Stadium,2026-06-13T01:38:00Z,2026-06-13T01:38:00Z
mlb-824997,824997,2026-06-12,SCHEDULED,Colorado Rockies,COL,Athletics,ATH,0,0,Las Vegas Ballpark,2026-06-13T02:05:00Z,2026-06-13T02:05:00Z
mlb-823211,823211,2026-06-12,SCHEDULED,Chicago Cubs,CHC,San Francisco Giants,SF,0,0,Oracle Park,2026-06-13T02:15:00Z,2026-06-13T02:15:00Z
mlb-823694,823694,2026-06-13,SCHEDULED,St. Louis Cardinals,STL,Minnesota Twins,MIN,0,0,Target Field,2026-06-13T18:10:00Z,2026-06-13T18:10:00Z
mlb-822802,822802,2026-06-13,SCHEDULED,New York Yankees,NYY,Toronto Blue Jays,TOR,0,0,Rogers Centre,2026-06-13T19:07:00Z,2026-06-13T19:07:00Z
mlb-822725,822725,2026-06-13,SCHEDULED,Seattle Mariners,SEA,Washington Nationals,WSH,0,0,Nationals Park,2026-06-13T20:05:00Z,2026-06-13T20:05:00Z
mlb-823369,823369,2026-06-13,SCHEDULED,Miami Marlins,MIA,Pittsburgh Pirates,PIT,0,0,PNC Park,2026-06-13T20:05:00Z,2026-06-13T20:05:00Z
mlb-824828,824828,2026-06-13,SCHEDULED,San Diego Padres,SD,Baltimore Orioles,BAL,0,0,Oriole Park at Camden Yards,2026-06-13T20:05:00Z,2026-06-13T20:05:00Z
mlb-823616,823616,2026-06-13,SCHEDULED,Atlanta Braves,ATL,New York Mets,NYM,0,0,Citi Field,2026-06-13T20:10:00Z,2026-06-13T20:10:00Z
mlb-824426,824426,2026-06-13,SCHEDULED,Detroit Tigers,DET,Cleveland Guardians,CLE,0,0,Progressive Field,2026-06-13T20:10:00Z,2026-06-13T20:10:00Z
mlb-824508,824508,2026-06-13,SCHEDULED,Arizona Diamondbacks,ARI,Cincinnati Reds,CIN,0,0,Great American Ball Park,2026-06-13T20:10:00Z,2026-06-13T20:10:00Z
mlb-824587,824587,2026-06-13,SCHEDULED,Los Angeles Dodgers,LAD,Chicago White Sox,CWS,0,0,Rate Field,2026-06-13T20:10:00Z,2026-06-13T20:10:00Z
mlb-824749,824749,2026-06-13,SCHEDULED,Texas Rangers,TEX,Boston Red Sox,BOS,0,0,Fenway Park,2026-06-13T20:10:00Z,2026-06-13T20:10:00Z
mlb-823776,823776,2026-06-13,SCHEDULED,Philadelphia Phillies,PHI,Milwaukee Brewers,MIL,0,0,American Family Field,2026-06-13T23:15:00Z,2026-06-13T23:15:00Z
mlb-824100,824100,2026-06-13,SCHEDULED,Houston Astros,HOU,Kansas City Royals,KC,0,0,Kauffman Stadium,2026-06-13T23:15:00Z,2026-06-13T23:15:00Z
mlb-823213,823213,2026-06-13,SCHEDULED,Chicago Cubs,CHC,San Francisco Giants,SF,0,0,Oracle Park,2026-06-14T02:05:00Z,2026-06-14T02:05:00Z
mlb-824995,824995,2026-06-13,SCHEDULED,Colorado Rockies,COL,Athletics,ATH,0,0,Las Vegas Ballpark,2026-06-14T02:05:00Z,2026-06-14T02:05:00Z
mlb-824019,824019,2026-06-13,SCHEDULED,Tampa Bay Rays,TB,Los Angeles Angels,LAA,0,0,Angel Stadium,2026-06-14T02:07:00Z,2026-06-14T02:07:00Z
mlb-823368,823368,2026-06-14,SCHEDULED,Miami Marlins,MIA,Pittsburgh Pirates,PIT,0,0,PNC Park,2026-06-14T16:15:00Z,2026-06-14T16:15:00Z
mlb-822722,822722,2026-06-14,SCHEDULED,Seattle Mariners,SEA,Washington Nationals,WSH,0,0,Nationals Park,2026-06-14T17:35:00Z,2026-06-14T17:35:00Z
mlb-824823,824823,2026-06-14,SCHEDULED,San Diego Padres,SD,Baltimore Orioles,BAL,0,0,Oriole Park at Camden Yards,2026-06-14T17:35:00Z,2026-06-14T17:35:00Z
mlb-822801,822801,2026-06-14,SCHEDULED,New York Yankees,NYY,Toronto Blue Jays,TOR,0,0,Rogers Centre,2026-06-14T17:37:00Z,2026-06-14T17:37:00Z
mlb-823615,823615,2026-06-14,SCHEDULED,Atlanta Braves,ATL,New York Mets,NYM,0,0,Citi Field,2026-06-14T17:40:00Z,2026-06-14T17:40:00Z
mlb-824424,824424,2026-06-14,SCHEDULED,Detroit Tigers,DET,Cleveland Guardians,CLE,0,0,Progressive Field,2026-06-14T17:40:00Z,2026-06-14T17:40:00Z
mlb-824506,824506,2026-06-14,SCHEDULED,Arizona Diamondbacks,ARI,Cincinnati Reds,CIN,0,0,Great American Ball Park,2026-06-14T17:40:00Z,2026-06-14T17:40:00Z
mlb-823693,823693,2026-06-14,SCHEDULED,St. Louis Cardinals,STL,Minnesota Twins,MIN,0,0,Target Field,2026-06-14T18:10:00Z,2026-06-14T18:10:00Z
mlb-823777,823777,2026-06-14,SCHEDULED,Philadelphia Phillies,PHI,Milwaukee Brewers,MIL,0,0,American Family Field,2026-06-14T18:10:00Z,2026-06-14T18:10:00Z
mlb-824099,824099,2026-06-14,SCHEDULED,Houston Astros,HOU,Kansas City Royals,KC,0,0,Kauffman Stadium,2026-06-14T18:10:00Z,2026-06-14T18:10:00Z
mlb-824586,824586,2026-06-14,SCHEDULED,Los Angeles Dodgers,LAD,Chicago White Sox,CWS,0,0,Rate Field,2026-06-14T18:10:00Z,2026-06-14T18:10:00Z
mlb-824994,824994,2026-06-14,SCHEDULED,Colorado Rockies,COL,Athletics,ATH,0,0,Las Vegas Ballpark,2026-06-14T19:05:00Z,2026-06-14T19:05:00Z
mlb-823212,823212,2026-06-14,SCHEDULED,Chicago Cubs,CHC,San Francisco Giants,SF,0,0,Oracle Park,2026-06-14T19:10:00Z,2026-06-14T19:10:00Z
mlb-824021,824021,2026-06-14,SCHEDULED,Tampa Bay Rays,TB,Los Angeles Angels,LAA,0,0,Angel Stadium,2026-06-14T20:07:00Z,2026-06-14T20:07:00Z
mlb-824751,824751,2026-06-14,SCHEDULED,Texas Rangers,TEX,Boston Red Sox,BOS,0,0,Fenway Park,2026-06-14T23:20:00Z,2026-06-14T23:20:00Z
mlb-823452,823452,2026-06-15,SCHEDULED,Miami Marlins,MIA,Philadelphia Phillies,PHI,0,0,Citizens Bank Park,2026-06-15T22:40:00Z,2026-06-15T22:40:00Z
mlb-822724,822724,2026-06-15,SCHEDULED,Kansas City Royals,KC,Washington Nationals,WSH,0,0,Nationals Park,2026-06-15T22:45:00Z,2026-06-15T22:45:00Z
mlb-824505,824505,2026-06-15,SCHEDULED,New York Mets,NYM,Cincinnati Reds,CIN,0,0,Great American Ball Park,2026-06-15T23:10:00Z,2026-06-15T23:10:00Z
mlb-823046,823046,2026-06-15,SCHEDULED,San Diego Padres,SD,St. Louis Cardinals,STL,0,0,Busch Stadium,2026-06-15T23:45:00Z,2026-06-15T23:45:00Z
mlb-822887,822887,2026-06-15,SCHEDULED,Minnesota Twins,MIN,Texas Rangers,TEX,0,0,Globe Life Field,2026-06-16T00:05:00Z,2026-06-16T00:05:00Z
mlb-824666,824666,2026-06-15,SCHEDULED,Colorado Rockies,COL,Chicago Cubs,CHC,0,0,Wrigley Field,2026-06-16T00:05:00Z,2026-06-16T00:05:00Z
mlb-824181,824181,2026-06-15,SCHEDULED,Detroit Tigers,DET,Houston Astros,HOU,0,0,Daikin Park,2026-06-16T00:10:00Z,2026-06-16T00:10:00Z
mlb-824993,824993,2026-06-15,SCHEDULED,Pittsburgh Pirates,PIT,Athletics,ATH,0,0,Sutter Health Park,2026-06-16T01:40:00Z,2026-06-16T01:40:00Z
mlb-825071,825071,2026-06-15,SCHEDULED,Los Angeles Angels,LAA,Arizona Diamondbacks,ARI,0,0,Chase Field,2026-06-16T01:40:00Z,2026-06-16T01:40:00Z
mlb-823938,823938,2026-06-15,SCHEDULED,Tampa Bay Rays,TB,Los Angeles Dodgers,LAD,0,0,UNIQLO Field at Dodger Stadium,2026-06-16T02:10:00Z,2026-06-16T02:10:00Z
mlb-823451,823451,2026-06-16,SCHEDULED,Miami Marlins,MIA,Philadelphia Phillies,PHI,0,0,Citizens Bank Park,2026-06-16T22:40:00Z,2026-06-16T22:40:00Z
mlb-822723,822723,2026-06-16,SCHEDULED,Kansas City Royals,KC,Washington Nationals,WSH,0,0,Nationals Park,2026-06-16T22:45:00Z,2026-06-16T22:45:00Z
mlb-824750,824750,2026-06-16,SCHEDULED,Toronto Blue Jays,TOR,Boston Red Sox,BOS,0,0,Fenway Park,2026-06-16T22:45:00Z,2026-06-16T22:45:00Z
mlb-823535,823535,2026-06-16,SCHEDULED,Chicago White Sox,CWS,New York Yankees,NYY,0,0,Yankee Stadium,2026-06-16T23:05:00Z,2026-06-16T23:05:00Z
mlb-824504,824504,2026-06-16,SCHEDULED,New York Mets,NYM,Cincinnati Reds,CIN,0,0,Great American Ball Park,2026-06-16T23:10:00Z,2026-06-16T23:10:00Z
mlb-824912,824912,2026-06-16,SCHEDULED,San Francisco Giants,SF,Atlanta Braves,ATL,0,0,Truist Park,2026-06-16T23:15:00Z,2026-06-16T23:15:00Z
mlb-823775,823775,2026-06-16,SCHEDULED,Cleveland Guardians,CLE,Milwaukee Brewers,MIL,0,0,American Family Field,2026-06-16T23:40:00Z,2026-06-16T23:40:00Z
mlb-823045,823045,2026-06-16,SCHEDULED,San Diego Padres,SD,St. Louis Cardinals,STL,0,0,Busch Stadium,2026-06-16T23:45:00Z,2026-06-16T23:45:00Z
mlb-822888,822888,2026-06-16,SCHEDULED,Minnesota Twins,MIN,Texas Rangers,TEX,0,0,Globe Life Field,2026-06-17T00:05:00Z,2026-06-17T00:05:00Z
mlb-824667,824667,2026-06-16,SCHEDULED,Colorado Rockies,COL,Chicago Cubs,CHC,0,0,Wrigley Field,2026-06-17T00:05:00Z,2026-06-17T00:05:00Z
mlb-824182,824182,2026-06-16,SCHEDULED,Detroit Tigers,DET,Houston Astros,HOU,0,0,Daikin Park,2026-06-17T00:10:00Z,2026-06-17T00:10:00Z
mlb-823128,823128,2026-06-16,SCHEDULED,Baltimore Orioles,BAL,Seattle Mariners,SEA,0,0,T-Mobile Park,2026-06-17T01:40:00Z,2026-06-17T01:40:00Z
mlb-824991,824991,2026-06-16,SCHEDULED,Pittsburgh Pirates,PIT,Athletics,ATH,0,0,Sutter Health Park,2026-06-17T01:40:00Z,2026-06-17T01:40:00Z
mlb-825070,825070,2026-06-16,SCHEDULED,Los Angeles Angels,LAA,Arizona Diamondbacks,ARI,0,0,Chase Field,2026-06-17T01:40:00Z,2026-06-17T01:40:00Z
mlb-823939,823939,2026-06-16,SCHEDULED,Tampa Bay Rays,TB,Los Angeles Dodgers,LAD,0,0,UNIQLO Field at Dodger Stadium,2026-06-17T02:10:00Z,2026-06-17T02:10:00Z
mlb-824503,824503,2026-06-17,SCHEDULED,New York Mets,NYM,Cincinnati Reds,CIN,0,0,Great American Ball Park,2026-06-17T16:40:00Z,2026-06-17T16:40:00Z
mlb-822721,822721,2026-06-17,SCHEDULED,Kansas City Royals,KC,Washington Nationals,WSH,0,0,Nationals Park,2026-06-17T17:05:00Z,2026-06-17T17:05:00Z
mlb-823450,823450,2026-06-17,SCHEDULED,Miami Marlins,MIA,Philadelphia Phillies,PHI,0,0,Citizens Bank Park,2026-06-17T17:05:00Z,2026-06-17T17:05:00Z
mlb-824178,824178,2026-06-17,SCHEDULED,Detroit Tigers,DET,Houston Astros,HOU,0,0,Daikin Park,2026-06-17T18:10:00Z,2026-06-17T18:10:00Z
mlb-823044,823044,2026-06-17,SCHEDULED,San Diego Padres,SD,St. Louis Cardinals,STL,0,0,Busch Stadium,2026-06-17T18:15:00Z,2026-06-17T18:15:00Z
mlb-823940,823940,2026-06-17,SCHEDULED,Tampa Bay Rays,TB,Los Angeles Dodgers,LAD,0,0,UNIQLO Field at Dodger Stadium,2026-06-17T19:10:00Z,2026-06-17T19:10:00Z
mlb-825072,825072,2026-06-17,SCHEDULED,Los Angeles Angels,LAA,Arizona Diamondbacks,ARI,0,0,Chase Field,2026-06-17T19:40:00Z,2026-06-17T19:40:00Z
mlb-824746,824746,2026-06-17,SCHEDULED,Toronto Blue Jays,TOR,Boston Red Sox,BOS,0,0,Fenway Park,2026-06-17T22:45:00Z,2026-06-17T22:45:00Z
mlb-823536,823536,2026-06-17,SCHEDULED,Chicago White Sox,CWS,New York Yankees,NYY,0,0,Yankee Stadium,2026-06-17T23:05:00Z,2026-06-17T23:05:00Z
mlb-824913,824913,2026-06-17,SCHEDULED,San Francisco Giants,SF,Atlanta Braves,ATL,0,0,Truist Park,2026-06-17T23:15:00Z,2026-06-17T23:15:00Z
mlb-823774,823774,2026-06-17,SCHEDULED,Cleveland Guardians,CLE,Milwaukee Brewers,MIL,0,0,American Family Field,2026-06-17T23:40:00Z,2026-06-17T23:40:00Z
mlb-824668,824668,2026-06-17,SCHEDULED,Colorado Rockies,COL,Chicago Cubs,CHC,0,0,Wrigley Field,2026-06-18T00:05:00Z,2026-06-18T00:05:00Z
mlb-823127,823127,2026-06-17,SCHEDULED,Baltimore Orioles,BAL,Seattle Mariners,SEA,0,0,T-Mobile Park,2026-06-18T01:40:00Z,2026-06-18T01:40:00Z
mlb-824992,824992,2026-06-17,SCHEDULED,Pittsburgh Pirates,PIT,Athletics,ATH,0,0,Sutter Health Park,2026-06-18T01:40:00Z,2026-06-18T01:40:00Z
mlb-824748,824748,2026-06-18,SCHEDULED,Toronto Blue Jays,TOR,Boston Red Sox,BOS,0,0,Fenway Park,2026-06-18T17:35:00Z,2026-06-18T17:35:00Z
mlb-823772,823772,2026-06-18,SCHEDULED,Cleveland Guardians,CLE,Milwaukee Brewers,MIL,0,0,American Family Field,2026-06-18T18:10:00Z,2026-06-18T18:10:00Z
mlb-822889,822889,2026-06-18,SCHEDULED,Minnesota Twins,MIN,Texas Rangers,TEX,0,0,Globe Life Field,2026-06-18T18:35:00Z,2026-06-18T18:35:00Z
mlb-823125,823125,2026-06-18,SCHEDULED,Baltimore Orioles,BAL,Seattle Mariners,SEA,0,0,T-Mobile Park,2026-06-18T20:10:00Z,2026-06-18T20:10:00Z
mlb-823448,823448,2026-06-18,SCHEDULED,New York Mets,NYM,Philadelphia Phillies,PHI,0,0,Citizens Bank Park,2026-06-18T22:40:00Z,2026-06-18T22:40:00Z
mlb-823533,823533,2026-06-18,SCHEDULED,Chicago White Sox,CWS,New York Yankees,NYY,0,0,Yankee Stadium,2026-06-18T23:05:00Z,2026-06-18T23:05:00Z
mlb-824911,824911,2026-06-18,SCHEDULED,San Francisco Giants,SF,Atlanta Braves,ATL,0,0,Truist Park,2026-06-18T23:15:00Z,2026-06-18T23:15:00Z
mlb-824098,824098,2026-06-18,SCHEDULED,St. Louis Cardinals,STL,Kansas City Royals,KC,0,0,Kauffman Stadium,2026-06-18T23:40:00Z,2026-06-18T23:40:00Z
mlb-824989,824989,2026-06-18,SCHEDULED,Los Angeles Angels,LAA,Athletics,ATH,0,0,Sutter Health Park,2026-06-19T01:40:00Z,2026-06-19T01:40:00Z
mlb-824663,824663,2026-06-19,SCHEDULED,Toronto Blue Jays,TOR,Chicago Cubs,CHC,0,0,Wrigley Field,2026-06-19T18:20:00Z,2026-06-19T18:20:00Z
mlb-824264,824264,2026-06-19,SCHEDULED,Chicago White Sox,CWS,Detroit Tigers,DET,0,0,Comerica Park,2026-06-19T22:40:00Z,2026-06-19T22:40:00Z
mlb-823534,823534,2026-06-19,SCHEDULED,Cincinnati Reds,CIN,New York Yankees,NYY,0,0,Yankee Stadium,2026-06-19T23:05:00Z,2026-06-19T23:05:00Z
mlb-822966,822966,2026-06-19,SCHEDULED,Washington Nationals,WSH,Tampa Bay Rays,TB,0,0,Tropicana Field,2026-06-19T23:10:00Z,2026-06-19T23:10:00Z
mlb-823853,823853,2026-06-19,SCHEDULED,San Francisco Giants,SF,Miami Marlins,MIA,0,0,loanDepot park,2026-06-19T23:10:00Z,2026-06-19T23:10:00Z
mlb-824910,824910,2026-06-19,SCHEDULED,Milwaukee Brewers,MIL,Atlanta Braves,ATL,0,0,Truist Park,2026-06-19T23:15:00Z,2026-06-19T23:15:00Z
mlb-822886,822886,2026-06-19,SCHEDULED,San Diego Padres,SD,Texas Rangers,TEX,0,0,Globe Life Field,2026-06-20T00:05:00Z,2026-06-20T00:05:00Z
mlb-824179,824179,2026-06-19,SCHEDULED,Cleveland Guardians,CLE,Houston Astros,HOU,0,0,Daikin Park,2026-06-20T00:10:00Z,2026-06-20T00:10:00Z
mlb-824097,824097,2026-06-19,SCHEDULED,St. Louis Cardinals,STL,Kansas City Royals,KC,0,0,Kauffman Stadium,2026-06-20T00:15:00Z,2026-06-20T00:15:00Z
mlb-824345,824345,2026-06-19,SCHEDULED,Pittsburgh Pirates,PIT,Colorado Rockies,COL,0,0,Coors Field,2026-06-20T00:40:00Z,2026-06-20T00:40:00Z
mlb-824990,824990,2026-06-19,SCHEDULED,Los Angeles Angels,LAA,Athletics,ATH,0,0,Sutter Health Park,2026-06-20T01:40:00Z,2026-06-20T01:40:00Z
mlb-825069,825069,2026-06-19,SCHEDULED,Minnesota Twins,MIN,Arizona Diamondbacks,ARI,0,0,Chase Field,2026-06-20T01:45:00Z,2026-06-20T01:45:00Z
mlb-823124,823124,2026-06-19,SCHEDULED,Boston Red Sox,BOS,Seattle Mariners,SEA,0,0,T-Mobile Park,2026-06-20T02:10:00Z,2026-06-20T02:10:00Z
mlb-823936,823936,2026-06-19,SCHEDULED,Baltimore Orioles,BAL,Los Angeles Dodgers,LAD,0,0,UNIQLO Field at Dodger Stadium,2026-06-20T02:10:00Z,2026-06-20T02:10:00Z
mlb-824263,824263,2026-06-20,SCHEDULED,Chicago White Sox,CWS,Detroit Tigers,DET,0,0,Comerica Park,2026-06-20T17:10:00Z,2026-06-20T17:10:00Z
mlb-823532,823532,2026-06-20,SCHEDULED,Cincinnati Reds,CIN,New York Yankees,NYY,0,0,Yankee Stadium,2026-06-20T17:35:00Z,2026-06-20T17:35:00Z
mlb-824665,824665,2026-06-20,SCHEDULED,Toronto Blue Jays,TOR,Chicago Cubs,CHC,0,0,Wrigley Field,2026-06-20T18:20:00Z,2026-06-20T18:20:00Z
mlb-822885,822885,2026-06-20,SCHEDULED,San Diego Padres,SD,Texas Rangers,TEX,0,0,Globe Life Field,2026-06-20T20:05:00Z,2026-06-20T20:05:00Z
mlb-822967,822967,2026-06-20,SCHEDULED,Washington Nationals,WSH,Tampa Bay Rays,TB,0,0,Tropicana Field,2026-06-20T20:10:00Z,2026-06-20T20:10:00Z
mlb-823854,823854,2026-06-20,SCHEDULED,San Francisco Giants,SF,Miami Marlins,MIA,0,0,loanDepot park,2026-06-20T20:10:00Z,2026-06-20T20:10:00Z
mlb-824909,824909,2026-06-20,SCHEDULED,Milwaukee Brewers,MIL,Atlanta Braves,ATL,0,0,Truist Park,2026-06-20T20:10:00Z,2026-06-20T20:10:00Z
mlb-823447,823447,2026-06-20,SCHEDULED,New York Mets,NYM,Philadelphia Phillies,PHI,0,0,Citizens Bank Park,2026-06-20T23:15:00Z,2026-06-20T23:15:00Z
mlb-824180,824180,2026-06-20,SCHEDULED,Cleveland Guardians,CLE,Houston Astros,HOU,0,0,Daikin Park,2026-06-20T23:15:00Z,2026-06-20T23:15:00Z
mlb-824342,824342,2026-06-20,SCHEDULED,Pittsburgh Pirates,PIT,Colorado Rockies,COL,0,0,Coors Field,2026-06-21T01:10:00Z,2026-06-21T01:10:00Z
mlb-824988,824988,2026-06-20,SCHEDULED,Los Angeles Angels,LAA,Athletics,ATH,0,0,Sutter Health Park,2026-06-21T02:05:00Z,2026-06-21T02:05:00Z
mlb-823126,823126,2026-06-20,SCHEDULED,Boston Red Sox,BOS,Seattle Mariners,SEA,0,0,T-Mobile Park,2026-06-21T02:10:00Z,2026-06-21T02:10:00Z
mlb-823937,823937,2026-06-20,SCHEDULED,Baltimore Orioles,BAL,Los Angeles Dodgers,LAD,0,0,UNIQLO Field at Dodger Stadium,2026-06-21T02:10:00Z,2026-06-21T02:10:00Z
mlb-825068,825068,2026-06-20,SCHEDULED,Minnesota Twins,MIN,Arizona Diamondbacks,ARI,0,0,Chase Field,2026-06-21T02:10:00Z,2026-06-21T02:10:00Z
mlb-823531,823531,2026-06-21,SCHEDULED,Cincinnati Reds,CIN,New York Yankees,NYY,0,0,Yankee Stadium,2026-06-21T17:35:00Z,2026-06-21T17:35:00Z
mlb-824908,824908,2026-06-21,SCHEDULED,Milwaukee Brewers,MIL,Atlanta Braves,ATL,0,0,Truist Park,2026-06-21T17:35:00Z,2026-06-21T17:35:00Z
mlb-822968,822968,2026-06-21,SCHEDULED,Washington Nationals,WSH,Tampa Bay Rays,TB,0,0,Tropicana Field,2026-06-21T17:40:00Z,2026-06-21T17:40:00Z
mlb-823852,823852,2026-06-21,SCHEDULED,San Francisco Giants,SF,Miami Marlins,MIA,0,0,loanDepot park,2026-06-21T17:40:00Z,2026-06-21T17:40:00Z
mlb-824260,824260,2026-06-21,SCHEDULED,Chicago White Sox,CWS,Detroit Tigers,DET,0,0,Comerica Park,2026-06-21T17:40:00Z,2026-06-21T17:40:00Z
mlb-824095,824095,2026-06-21,SCHEDULED,St. Louis Cardinals,STL,Kansas City Royals,KC,0,0,Kauffman Stadium,2026-06-21T18:10:00Z,2026-06-21T18:10:00Z
mlb-824177,824177,2026-06-21,SCHEDULED,Cleveland Guardians,CLE,Houston Astros,HOU,0,0,Daikin Park,2026-06-21T18:10:00Z,2026-06-21T18:10:00Z
mlb-824664,824664,2026-06-21,SCHEDULED,Toronto Blue Jays,TOR,Chicago Cubs,CHC,0,0,Wrigley Field,2026-06-21T18:20:00Z,2026-06-21T18:20:00Z
mlb-822883,822883,2026-06-21,SCHEDULED,San Diego Padres,SD,Texas Rangers,TEX,0,0,Globe Life Field,2026-06-21T18:35:00Z,2026-06-21T18:35:00Z
mlb-824343,824343,2026-06-21,SCHEDULED,Pittsburgh Pirates,PIT,Colorado Rockies,COL,0,0,Coors Field,2026-06-21T19:10:00Z,2026-06-21T19:10:00Z
mlb-825067,825067,2026-06-21,SCHEDULED,Minnesota Twins,MIN,Arizona Diamondbacks,ARI,0,0,Chase Field,2026-06-21T19:15:00Z,2026-06-21T19:15:00Z
mlb-824987,824987,2026-06-21,SCHEDULED,Los Angeles Angels,LAA,Athletics,ATH,0,0,Sutter Health Park,2026-06-21T20:05:00Z,2026-06-21T20:05:00Z
mlb-823123,823123,2026-06-21,SCHEDULED,Boston Red Sox,BOS,Seattle Mariners,SEA,0,0,T-Mobile Park,2026-06-21T20:10:00Z,2026-06-21T20:10:00Z
mlb-823934,823934,2026-06-21,SCHEDULED,Baltimore Orioles,BAL,Los Angeles Dodgers,LAD,0,0,UNIQLO Field at Dodger Stadium,2026-06-21T20:10:00Z,2026-06-21T20:10:00Z
mlb-823449,823449,2026-06-21,SCHEDULED,New York Mets,NYM,Philadelphia Phillies,PHI,0,0,Citizens Bank Park,2026-06-21T23:20:00Z,2026-06-21T23:20:00Z
mlb-822964,822964,2026-06-22,SCHEDULED,Kansas City Royals,KC,Tampa Bay Rays,TB,0,0,Tropicana Field,2026-06-22T22:40:00Z,2026-06-22T22:40:00Z
mlb-823851,823851,2026-06-22,SCHEDULED,Texas Rangers,TEX,Miami Marlins,MIA,0,0,loanDepot park,2026-06-22T22:40:00Z,2026-06-22T22:40:00Z
mlb-824261,824261,2026-06-22,SCHEDULED,New York Yankees,NYY,Detroit Tigers,DET,0,0,Comerica Park,2026-06-22T22:40:00Z,2026-06-22T22:40:00Z
mlb-822720,822720,2026-06-22,SCHEDULED,Philadelphia Phillies,PHI,Washington Nationals,WSH,0,0,Nationals Park,2026-06-22T22:45:00Z,2026-06-22T22:45:00Z
mlb-822800,822800,2026-06-22,SCHEDULED,Houston Astros,HOU,Toronto Blue Jays,TOR,0,0,Rogers Centre,2026-06-22T23:07:00Z,2026-06-22T23:07:00Z
mlb-823613,823613,2026-06-22,SCHEDULED,Chicago Cubs,CHC,New York Mets,NYM,0,0,Citi Field,2026-06-22T23:10:00Z,2026-06-22T23:10:00Z
mlb-824502,824502,2026-06-22,SCHEDULED,Milwaukee Brewers,MIL,Cincinnati Reds,CIN,0,0,Great American Ball Park,2026-06-22T23:10:00Z,2026-06-22T23:10:00Z
mlb-823692,823692,2026-06-22,SCHEDULED,Los Angeles Dodgers,LAD,Minnesota Twins,MIN,0,0,Target Field,2026-06-22T23:40:00Z,2026-06-22T23:40:00Z
mlb-824585,824585,2026-06-22,SCHEDULED,Cleveland Guardians,CLE,Chicago White Sox,CWS,0,0,Rate Field,2026-06-22T23:40:00Z,2026-06-22T23:40:00Z
mlb-823040,823040,2026-06-22,SCHEDULED,Arizona Diamondbacks,ARI,St. Louis Cardinals,STL,0,0,Busch Stadium,2026-06-22T23:45:00Z,2026-06-22T23:45:00Z
mlb-824344,824344,2026-06-22,SCHEDULED,Boston Red Sox,BOS,Colorado Rockies,COL,0,0,Coors Field,2026-06-23T00:40:00Z,2026-06-23T00:40:00Z
mlb-824016,824016,2026-06-22,SCHEDULED,Baltimore Orioles,BAL,Los Angeles Angels,LAA,0,0,Angel Stadium,2026-06-23T01:38:00Z,2026-06-23T01:38:00Z
mlb-823288,823288,2026-06-22,SCHEDULED,Atlanta Braves,ATL,San Diego Padres,SD,0,0,Petco Park,2026-06-23T02:10:00Z,2026-06-23T02:10:00Z
mlb-822799,822799,2026-06-23,SCHEDULED,Houston Astros,HOU,Toronto Blue Jays,TOR,0,0,Rogers Centre,2026-06-23T20:07:00Z,2026-06-23T20:07:00Z
mlb-822963,822963,2026-06-23,SCHEDULED,Kansas City Royals,KC,Tampa Bay Rays,TB,0,0,Tropicana Field,2026-06-23T22:40:00Z,2026-06-23T22:40:00Z
mlb-823365,823365,2026-06-23,SCHEDULED,Seattle Mariners,SEA,Pittsburgh Pirates,PIT,0,0,PNC Park,2026-06-23T22:40:00Z,2026-06-23T22:40:00Z
mlb-823849,823849,2026-06-23,SCHEDULED,Texas Rangers,TEX,Miami Marlins,MIA,0,0,loanDepot park,2026-06-23T22:40:00Z,2026-06-23T22:40:00Z
mlb-824262,824262,2026-06-23,SCHEDULED,New York Yankees,NYY,Detroit Tigers,DET,0,0,Comerica Park,2026-06-23T22:40:00Z,2026-06-23T22:40:00Z
mlb-822718,822718,2026-06-23,SCHEDULED,Philadelphia Phillies,PHI,Washington Nationals,WSH,0,0,Nationals Park,2026-06-23T22:45:00Z,2026-06-23T22:45:00Z
mlb-823614,823614,2026-06-23,SCHEDULED,Chicago Cubs,CHC,New York Mets,NYM,0,0,Citi Field,2026-06-23T23:10:00Z,2026-06-23T23:10:00Z
mlb-824501,824501,2026-06-23,SCHEDULED,Milwaukee Brewers,MIL,Cincinnati Reds,CIN,0,0,Great American Ball Park,2026-06-23T23:10:00Z,2026-06-23T23:10:00Z
mlb-823690,823690,2026-06-23,SCHEDULED,Los Angeles Dodgers,LAD,Minnesota Twins,MIN,0,0,Target Field,2026-06-23T23:40:00Z,2026-06-23T23:40:00Z
mlb-824584,824584,2026-06-23,SCHEDULED,Cleveland Guardians,CLE,Chicago White Sox,CWS,0,0,Rate Field,2026-06-23T23:40:00Z,2026-06-23T23:40:00Z
mlb-823043,823043,2026-06-23,SCHEDULED,Arizona Diamondbacks,ARI,St. Louis Cardinals,STL,0,0,Busch Stadium,2026-06-23T23:45:00Z,2026-06-23T23:45:00Z
mlb-824340,824340,2026-06-23,SCHEDULED,Boston Red Sox,BOS,Colorado Rockies,COL,0,0,Coors Field,2026-06-24T00:40:00Z,2026-06-24T00:40:00Z
mlb-824017,824017,2026-06-23,SCHEDULED,Baltimore Orioles,BAL,Los Angeles Angels,LAA,0,0,Angel Stadium,2026-06-24T01:38:00Z,2026-06-24T01:38:00Z
mlb-823286,823286,2026-06-23,SCHEDULED,Atlanta Braves,ATL,San Diego Padres,SD,0,0,Petco Park,2026-06-24T01:40:00Z,2026-06-24T01:40:00Z
mlb-823210,823210,2026-06-23,SCHEDULED,Athletics,ATH,San Francisco Giants,SF,0,0,Oracle Park,2026-06-24T01:45:00Z,2026-06-24T01:45:00Z
mlb-823850,823850,2026-06-24,SCHEDULED,Texas Rangers,TEX,Miami Marlins,MIA,0,0,loanDepot park,2026-06-24T16:10:00Z,2026-06-24T16:10:00Z
mlb-824583,824583,2026-06-24,SCHEDULED,Cleveland Guardians,CLE,Chicago White Sox,CWS,0,0,Rate Field,2026-06-24T18:10:00Z,2026-06-24T18:10:00Z
mlb-824341,824341,2026-06-24,SCHEDULED,Boston Red Sox,BOS,Colorado Rockies,COL,0,0,Coors Field,2026-06-24T19:10:00Z,2026-06-24T19:10:00Z
mlb-824018,824018,2026-06-24,SCHEDULED,Baltimore Orioles,BAL,Los Angeles Angels,LAA,0,0,Angel Stadium,2026-06-24T20:07:00Z,2026-06-24T20:07:00Z
mlb-822965,822965,2026-06-24,SCHEDULED,Kansas City Royals,KC,Tampa Bay Rays,TB,0,0,Tropicana Field,2026-06-24T22:40:00Z,2026-06-24T22:40:00Z
mlb-823367,823367,2026-06-24,SCHEDULED,Seattle Mariners,SEA,Pittsburgh Pirates,PIT,0,0,PNC Park,2026-06-24T22:40:00Z,2026-06-24T22:40:00Z
mlb-824259,824259,2026-06-24,SCHEDULED,New York Yankees,NYY,Detroit Tigers,DET,0,0,Comerica Park,2026-06-24T22:40:00Z,2026-06-24T22:40:00Z
mlb-822719,822719,2026-06-24,SCHEDULED,Philadelphia Phillies,PHI,Washington Nationals,WSH,0,0,Nationals Park,2026-06-24T22:45:00Z,2026-06-24T22:45:00Z
mlb-822798,822798,2026-06-24,SCHEDULED,Houston Astros,HOU,Toronto Blue Jays,TOR,0,0,Rogers Centre,2026-06-24T23:07:00Z,2026-06-24T23:07:00Z
mlb-823611,823611,2026-06-24,SCHEDULED,Chicago Cubs,CHC,New York Mets,NYM,0,0,Citi Field,2026-06-24T23:10:00Z,2026-06-24T23:10:00Z
mlb-824500,824500,2026-06-24,SCHEDULED,Milwaukee Brewers,MIL,Cincinnati Reds,CIN,0,0,Great American Ball Park,2026-06-24T23:10:00Z,2026-06-24T23:10:00Z
mlb-823691,823691,2026-06-24,SCHEDULED,Los Angeles Dodgers,LAD,Minnesota Twins,MIN,0,0,Target Field,2026-06-24T23:40:00Z,2026-06-24T23:40:00Z
mlb-823041,823041,2026-06-24,SCHEDULED,Arizona Diamondbacks,ARI,St. Louis Cardinals,STL,0,0,Busch Stadium,2026-06-24T23:45:00Z,2026-06-24T23:45:00Z
mlb-823284,823284,2026-06-24,SCHEDULED,Atlanta Braves,ATL,San Diego Padres,SD,0,0,Petco Park,2026-06-25T00:40:00Z,2026-06-25T00:40:00Z
mlb-823208,823208,2026-06-24,SCHEDULED,Athletics,ATH,San Francisco Giants,SF,0,0,Oracle Park,2026-06-25T01:45:00Z,2026-06-25T01:45:00Z
mlb-822961,822961,2026-06-25,SCHEDULED,Kansas City Royals,KC,Tampa Bay Rays,TB,0,0,Tropicana Field,2026-06-25T16:10:00Z,2026-06-25T16:10:00Z
mlb-823366,823366,2026-06-25,SCHEDULED,Seattle Mariners,SEA,Pittsburgh Pirates,PIT,0,0,PNC Park,2026-06-25T16:35:00Z,2026-06-25T16:35:00Z
mlb-823209,823209,2026-06-25,SCHEDULED,Athletics,ATH,San Francisco Giants,SF,0,0,Oracle Park,2026-06-25T19:45:00Z,2026-06-25T19:45:00Z
mlb-824258,824258,2026-06-25,SCHEDULED,Houston Astros,HOU,Detroit Tigers,DET,0,0,Comerica Park,2026-06-25T22:40:00Z,2026-06-25T22:40:00Z
mlb-822717,822717,2026-06-25,SCHEDULED,Philadelphia Phillies,PHI,Washington Nationals,WSH,0,0,Nationals Park,2026-06-25T22:45:00Z,2026-06-25T22:45:00Z
mlb-822797,822797,2026-06-25,SCHEDULED,Texas Rangers,TEX,Toronto Blue Jays,TOR,0,0,Rogers Centre,2026-06-25T23:07:00Z,2026-06-25T23:07:00Z
mlb-823612,823612,2026-06-25,SCHEDULED,Chicago Cubs,CHC,New York Mets,NYM,0,0,Citi Field,2026-06-25T23:10:00Z,2026-06-25T23:10:00Z
mlb-824747,824747,2026-06-25,SCHEDULED,New York Yankees,NYY,Boston Red Sox,BOS,0,0,Fenway Park,2026-06-25T23:10:00Z,2026-06-25T23:10:00Z
mlb-823042,823042,2026-06-25,SCHEDULED,Arizona Diamondbacks,ARI,St. Louis Cardinals,STL,0,0,Busch Stadium,2026-06-25T23:45:00Z,2026-06-25T23:45:00Z
mlb-823363,823363,2026-06-26,SCHEDULED,Cincinnati Reds,CIN,Pittsburgh Pirates,PIT,0,0,PNC Park,2026-06-26T22:40:00Z,2026-06-26T22:40:00Z
mlb-824255,824255,2026-06-26,SCHEDULED,Houston Astros,HOU,Detroit Tigers,DET,0,0,Comerica Park,2026-06-26T22:40:00Z,2026-06-26T22:40:00Z
mlb-824824,824824,2026-06-26,SCHEDULED,Washington Nationals,WSH,Baltimore Orioles,BAL,0,0,Oriole Park at Camden Yards,2026-06-26T23:05:00Z,2026-06-26T23:05:00Z
mlb-822796,822796,2026-06-26,SCHEDULED,Texas Rangers,TEX,Toronto Blue Jays,TOR,0,0,Rogers Centre,2026-06-26T23:07:00Z,2026-06-26T23:07:00Z
mlb-822962,822962,2026-06-26,SCHEDULED,Arizona Diamondbacks,ARI,Tampa Bay Rays,TB,0,0,Tropicana Field,2026-06-26T23:10:00Z,2026-06-26T23:10:00Z
mlb-823610,823610,2026-06-26,SCHEDULED,Philadelphia Phillies,PHI,New York Mets,NYM,0,0,Citi Field,2026-06-26T23:10:00Z,2026-06-26T23:10:00Z
mlb-824423,824423,2026-06-26,SCHEDULED,Seattle Mariners,SEA,Cleveland Guardians,CLE,0,0,Progressive Field,2026-06-26T23:10:00Z,2026-06-26T23:10:00Z
mlb-824743,824743,2026-06-26,SCHEDULED,New York Yankees,NYY,Boston Red Sox,BOS,0,0,Fenway Park,2026-06-26T23:10:00Z,2026-06-26T23:10:00Z
mlb-824582,824582,2026-06-26,SCHEDULED,Kansas City Royals,KC,Chicago White Sox,CWS,0,0,Rate Field,2026-06-26T23:40:00Z,2026-06-26T23:40:00Z
mlb-823773,823773,2026-06-26,SCHEDULED,Chicago Cubs,CHC,Milwaukee Brewers,MIL,0,0,American Family Field,2026-06-26T23:45:00Z,2026-06-26T23:45:00Z
mlb-823688,823688,2026-06-26,SCHEDULED,Colorado Rockies,COL,Minnesota Twins,MIN,0,0,Target Field,2026-06-27T00:10:00Z,2026-06-27T00:10:00Z
mlb-823039,823039,2026-06-26,SCHEDULED,Miami Marlins,MIA,St. Louis Cardinals,STL,0,0,Busch Stadium,2026-06-27T00:15:00Z,2026-06-27T00:15:00Z
mlb-824014,824014,2026-06-26,SCHEDULED,Athletics,ATH,Los Angeles Angels,LAA,0,0,Angel Stadium,2026-06-27T01:38:00Z,2026-06-27T01:38:00Z
mlb-823285,823285,2026-06-26,SCHEDULED,Los Angeles Dodgers,LAD,San Diego Padres,SD,0,0,Petco Park,2026-06-27T01:45:00Z,2026-06-27T01:45:00Z
mlb-823206,823206,2026-06-26,SCHEDULED,Atlanta Braves,ATL,San Francisco Giants,SF,0,0,Oracle Park,2026-06-27T02:15:00Z,2026-06-27T02:15:00Z
mlb-824257,824257,2026-06-27,SCHEDULED,Houston Astros,HOU,Detroit Tigers,DET,0,0,Comerica Park,2026-06-27T17:10:00Z,2026-06-27T17:10:00Z
mlb-824745,824745,2026-06-27,SCHEDULED,New York Yankees,NYY,Boston Red Sox,BOS,0,0,Fenway Park,2026-06-27T17:10:00Z,2026-06-27T17:10:00Z
mlb-822794,822794,2026-06-27,SCHEDULED,Texas Rangers,TEX,Toronto Blue Jays,TOR,0,0,Rogers Centre,2026-06-27T19:07:00Z,2026-06-27T19:07:00Z
mlb-823364,823364,2026-06-27,SCHEDULED,Cincinnati Reds,CIN,Pittsburgh Pirates,PIT,0,0,PNC Park,2026-06-27T20:05:00Z,2026-06-27T20:05:00Z
mlb-823609,823609,2026-06-27,SCHEDULED,Philadelphia Phillies,PHI,New York Mets,NYM,0,0,Citi Field,2026-06-27T20:10:00Z,2026-06-27T20:10:00Z
mlb-824581,824581,2026-06-27,SCHEDULED,Kansas City Royals,KC,Chicago White Sox,CWS,0,0,Rate Field,2026-06-27T20:10:00Z,2026-06-27T20:10:00Z
mlb-822960,822960,2026-06-27,SCHEDULED,Arizona Diamondbacks,ARI,Tampa Bay Rays,TB,0,0,Tropicana Field,2026-06-27T22:10:00Z,2026-06-27T22:10:00Z
mlb-824825,824825,2026-06-27,SCHEDULED,Washington Nationals,WSH,Baltimore Orioles,BAL,0,0,Oriole Park at Camden Yards,2026-06-27T23:05:00Z,2026-06-27T23:05:00Z
mlb-823689,823689,2026-06-27,SCHEDULED,Colorado Rockies,COL,Minnesota Twins,MIN,0,0,Target Field,2026-06-27T23:10:00Z,2026-06-27T23:10:00Z
mlb-823770,823770,2026-06-27,SCHEDULED,Chicago Cubs,CHC,Milwaukee Brewers,MIL,0,0,American Family Field,2026-06-27T23:10:00Z,2026-06-27T23:10:00Z
mlb-824421,824421,2026-06-27,SCHEDULED,Seattle Mariners,SEA,Cleveland Guardians,CLE,0,0,Progressive Field,2026-06-27T23:10:00Z,2026-06-27T23:10:00Z
mlb-823038,823038,2026-06-27,SCHEDULED,Miami Marlins,MIA,St. Louis Cardinals,STL,0,0,Busch Stadium,2026-06-27T23:15:00Z,2026-06-27T23:15:00Z
mlb-823283,823283,2026-06-27,SCHEDULED,Los Angeles Dodgers,LAD,San Diego Padres,SD,0,0,Petco Park,2026-06-28T00:40:00Z,2026-06-28T00:40:00Z
mlb-823207,823207,2026-06-27,SCHEDULED,Atlanta Braves,ATL,San Francisco Giants,SF,0,0,Oracle Park,2026-06-28T01:05:00Z,2026-06-28T01:05:00Z
mlb-824015,824015,2026-06-27,SCHEDULED,Athletics,ATH,Los Angeles Angels,LAA,0,0,Angel Stadium,2026-06-28T01:38:00Z,2026-06-28T01:38:00Z
mlb-823362,823362,2026-06-28,SCHEDULED,Cincinnati Reds,CIN,Pittsburgh Pirates,PIT,0,0,PNC Park,2026-06-28T17:35:00Z,2026-06-28T17:35:00Z
mlb-824821,824821,2026-06-28,SCHEDULED,Washington Nationals,WSH,Baltimore Orioles,BAL,0,0,Oriole Park at Camden Yards,2026-06-28T17:35:00Z,2026-06-28T17:35:00Z
mlb-822795,822795,2026-06-28,SCHEDULED,Texas Rangers,TEX,Toronto Blue Jays,TOR,0,0,Rogers Centre,2026-06-28T17:37:00Z,2026-06-28T17:37:00Z
mlb-822959,822959,2026-06-28,SCHEDULED,Arizona Diamondbacks,ARI,Tampa Bay Rays,TB,0,0,Tropicana Field,2026-06-28T17:40:00Z,2026-06-28T17:40:00Z
mlb-823608,823608,2026-06-28,SCHEDULED,Philadelphia Phillies,PHI,New York Mets,NYM,0,0,Citi Field,2026-06-28T17:40:00Z,2026-06-28T17:40:00Z
mlb-824256,824256,2026-06-28,SCHEDULED,Houston Astros,HOU,Detroit Tigers,DET,0,0,Comerica Park,2026-06-28T17:40:00Z,2026-06-28T17:40:00Z
mlb-824422,824422,2026-06-28,SCHEDULED,Seattle Mariners,SEA,Cleveland Guardians,CLE,0,0,Progressive Field,2026-06-28T17:40:00Z,2026-06-28T17:40:00Z
mlb-823686,823686,2026-06-28,SCHEDULED,Colorado Rockies,COL,Minnesota Twins,MIN,0,0,Target Field,2026-06-28T18:10:00Z,2026-06-28T18:10:00Z
mlb-823769,823769,2026-06-28,SCHEDULED,Chicago Cubs,CHC,Milwaukee Brewers,MIL,0,0,American Family Field,2026-06-28T18:10:00Z,2026-06-28T18:10:00Z
mlb-824580,824580,2026-06-28,SCHEDULED,Kansas City Royals,KC,Chicago White Sox,CWS,0,0,Rate Field,2026-06-28T18:10:00Z,2026-06-28T18:10:00Z
mlb-823037,823037,2026-06-28,SCHEDULED,Miami Marlins,MIA,St. Louis Cardinals,STL,0,0,Busch Stadium,2026-06-28T18:15:00Z,2026-06-28T18:15:00Z
mlb-824011,824011,2026-06-28,SCHEDULED,Athletics,ATH,Los Angeles Angels,LAA,0,0,Angel Stadium,2026-06-28T19:15:00Z,2026-06-28T19:15:00Z
mlb-823204,823204,2026-06-28,SCHEDULED,Atlanta Braves,ATL,San Francisco Giants,SF,0,0,Oracle Park,2026-06-28T20:05:00Z,2026-06-28T20:05:00Z
mlb-823281,823281,2026-06-28,SCHEDULED,Los Angeles Dodgers,LAD,San Diego Padres,SD,0,0,Petco Park,2026-06-28T20:10:00Z,2026-06-28T20:10:00Z
mlb-824744,824744,2026-06-28,SCHEDULED,New York Yankees,NYY,Boston Red Sox,BOS,0,0,Fenway Park,2026-06-28T23:20:00Z,2026-06-28T23:20:00Z
mlb-824822,824822,2026-06-29,SCHEDULED,Chicago White Sox,CWS,Baltimore Orioles,BAL,0,0,Oriole Park at Camden Yards,2026-06-29T22:35:00Z,2026-06-29T22:35:00Z
mlb-823444,823444,2026-06-29,SCHEDULED,Pittsburgh Pirates,PIT,Philadelphia Phillies,PHI,0,0,Citizens Bank Park,2026-06-29T22:40:00Z,2026-06-29T22:40:00Z
mlb-823529,823529,2026-06-29,SCHEDULED,Detroit Tigers,DET,New York Yankees,NYY,0,0,Yankee Stadium,2026-06-29T23:05:00Z,2026-06-29T23:05:00Z
mlb-822792,822792,2026-06-29,SCHEDULED,New York Mets,NYM,Toronto Blue Jays,TOR,0,0,Rogers Centre,2026-06-29T23:07:00Z,2026-06-29T23:07:00Z
mlb-824420,824420,2026-06-29,SCHEDULED,Texas Rangers,TEX,Cleveland Guardians,CLE,0,0,Progressive Field,2026-06-29T23:10:00Z,2026-06-29T23:10:00Z
mlb-824741,824741,2026-06-29,SCHEDULED,Washington Nationals,WSH,Boston Red Sox,BOS,0,0,Fenway Park,2026-06-29T23:10:00Z,2026-06-29T23:10:00Z
mlb-823771,823771,2026-06-29,SCHEDULED,Cincinnati Reds,CIN,Milwaukee Brewers,MIL,0,0,American Family Field,2026-06-29T23:40:00Z,2026-06-29T23:40:00Z
mlb-824662,824662,2026-06-29,SCHEDULED,San Diego Padres,SD,Chicago Cubs,CHC,0,0,Wrigley Field,2026-06-30T00:05:00Z,2026-06-30T00:05:00Z
mlb-824176,824176,2026-06-29,SCHEDULED,Minnesota Twins,MIN,Houston Astros,HOU,0,0,Daikin Park,2026-06-30T00:10:00Z,2026-06-30T00:10:00Z
mlb-824339,824339,2026-06-29,SCHEDULED,Miami Marlins,MIA,Colorado Rockies,COL,0,0,Coors Field,2026-06-30T00:40:00Z,2026-06-30T00:40:00Z
mlb-823121,823121,2026-06-29,SCHEDULED,Los Angeles Angels,LAA,Seattle Mariners,SEA,0,0,T-Mobile Park,2026-06-30T01:40:00Z,2026-06-30T01:40:00Z
mlb-824986,824986,2026-06-29,SCHEDULED,Los Angeles Dodgers,LAD,Athletics,ATH,0,0,Sutter Health Park,2026-06-30T01:40:00Z,2026-06-30T01:40:00Z
mlb-825065,825065,2026-06-29,SCHEDULED,San Francisco Giants,SF,Arizona Diamondbacks,ARI,0,0,Chase Field,2026-06-30T01:40:00Z,2026-06-30T01:40:00Z
mlb-824819,824819,2026-06-30,SCHEDULED,Chicago White Sox,CWS,Baltimore Orioles,BAL,0,0,Oriole Park at Camden Yards,2026-06-30T22:35:00Z,2026-06-30T22:35:00Z
mlb-823445,823445,2026-06-30,SCHEDULED,Pittsburgh Pirates,PIT,Philadelphia Phillies,PHI,0,0,Citizens Bank Park,2026-06-30T22:40:00Z,2026-06-30T22:40:00Z
mlb-824418,824418,2026-06-30,SCHEDULED,Texas Rangers,TEX,Cleveland Guardians,CLE,0,0,Progressive Field,2026-06-30T22:40:00Z,2026-06-30T22:40:00Z
mlb-823528,823528,2026-06-30,SCHEDULED,Detroit Tigers,DET,New York Yankees,NYY,0,0,Yankee Stadium,2026-06-30T23:05:00Z,2026-06-30T23:05:00Z
mlb-822793,822793,2026-06-30,SCHEDULED,New York Mets,NYM,Toronto Blue Jays,TOR,0,0,Rogers Centre,2026-06-30T23:07:00Z,2026-06-30T23:07:00Z
mlb-824742,824742,2026-06-30,SCHEDULED,Washington Nationals,WSH,Boston Red Sox,BOS,0,0,Fenway Park,2026-06-30T23:10:00Z,2026-06-30T23:10:00Z
mlb-824907,824907,2026-06-30,SCHEDULED,St. Louis Cardinals,STL,Atlanta Braves,ATL,0,0,Truist Park,2026-06-30T23:15:00Z,2026-06-30T23:15:00Z
mlb-823768,823768,2026-06-30,SCHEDULED,Cincinnati Reds,CIN,Milwaukee Brewers,MIL,0,0,American Family Field,2026-06-30T23:40:00Z,2026-06-30T23:40:00Z
mlb-824096,824096,2026-06-30,SCHEDULED,Tampa Bay Rays,TB,Kansas City Royals,KC,0,0,Kauffman Stadium,2026-06-30T23:40:00Z,2026-06-30T23:40:00Z
mlb-824661,824661,2026-06-30,SCHEDULED,San Diego Padres,SD,Chicago Cubs,CHC,0,0,Wrigley Field,2026-07-01T00:05:00Z,2026-07-01T00:05:00Z
mlb-824175,824175,2026-06-30,SCHEDULED,Minnesota Twins,MIN,Houston Astros,HOU,0,0,Daikin Park,2026-07-01T00:10:00Z,2026-07-01T00:10:00Z
mlb-824338,824338,2026-06-30,SCHEDULED,Miami Marlins,MIA,Colorado Rockies,COL,0,0,Coors Field,2026-07-01T00:40:00Z,2026-07-01T00:40:00Z
mlb-823122,823122,2026-06-30,SCHEDULED,Los Angeles Angels,LAA,Seattle Mariners,SEA,0,0,T-Mobile Park,2026-07-01T01:40:00Z,2026-07-01T01:40:00Z
mlb-824984,824984,2026-06-30,SCHEDULED,Los Angeles Dodgers,LAD,Athletics,ATH,0,0,Sutter Health Park,2026-07-01T01:40:00Z,2026-07-01T01:40:00Z
mlb-825066,825066,2026-06-30,SCHEDULED,San Francisco Giants,SF,Arizona Diamondbacks,ARI,0,0,Chase Field,2026-07-01T01:40:00Z,2026-07-01T01:40:00Z
mlb-824818,824818,2026-07-01,SCHEDULED,Chicago White Sox,CWS,Baltimore Orioles,BAL,0,0,Oriole Park at Camden Yards,2026-07-01T16:35:00Z,2026-07-01T16:35:00Z
mlb-824419,824419,2026-07-01,SCHEDULED,Texas Rangers,TEX,Cleveland Guardians,CLE,0,0,Progressive Field,2026-07-01T17:10:00Z,2026-07-01T17:10:00Z
mlb-823530,823530,2026-07-01,SCHEDULED,Detroit Tigers,DET,New York Yankees,NYY,0,0,Yankee Stadium,2026-07-01T17:35:00Z,2026-07-01T17:35:00Z
mlb-824740,824740,2026-07-01,SCHEDULED,Washington Nationals,WSH,Boston Red Sox,BOS,0,0,Fenway Park,2026-07-01T17:35:00Z,2026-07-01T17:35:00Z
mlb-824660,824660,2026-07-01,SCHEDULED,San Diego Padres,SD,Chicago Cubs,CHC,0,0,Wrigley Field,2026-07-01T18:20:00Z,2026-07-01T18:20:00Z
mlb-822791,822791,2026-07-01,SCHEDULED,New York Mets,NYM,Toronto Blue Jays,TOR,0,0,Rogers Centre,2026-07-01T19:07:00Z,2026-07-01T19:07:00Z
mlb-823446,823446,2026-07-01,SCHEDULED,Pittsburgh Pirates,PIT,Philadelphia Phillies,PHI,0,0,Citizens Bank Park,2026-07-01T22:40:00Z,2026-07-01T22:40:00Z
mlb-824905,824905,2026-07-01,SCHEDULED,St. Louis Cardinals,STL,Atlanta Braves,ATL,0,0,Truist Park,2026-07-01T23:15:00Z,2026-07-01T23:15:00Z
mlb-824094,824094,2026-07-01,SCHEDULED,Tampa Bay Rays,TB,Kansas City Royals,KC,0,0,Kauffman Stadium,2026-07-01T23:40:00Z,2026-07-01T23:40:00Z
mlb-823767,823767,2026-07-01,SCHEDULED,Cincinnati Reds,CIN,Milwaukee Brewers,MIL,0,0,American Family Field,2026-07-02T00:10:00Z,2026-07-02T00:10:00Z
mlb-824174,824174,2026-07-01,SCHEDULED,Minnesota Twins,MIN,Houston Astros,HOU,0,0,Daikin Park,2026-07-02T00:10:00Z,2026-07-02T00:10:00Z
mlb-824337,824337,2026-07-01,SCHEDULED,Miami Marlins,MIA,Colorado Rockies,COL,0,0,Coors Field,2026-07-02T00:40:00Z,2026-07-02T00:40:00Z
mlb-824985,824985,2026-07-01,SCHEDULED,Los Angeles Dodgers,LAD,Athletics,ATH,0,0,Sutter Health Park,2026-07-02T01:40:00Z,2026-07-02T01:40:00Z
mlb-825064,825064,2026-07-01,SCHEDULED,San Francisco Giants,SF,Arizona Diamondbacks,ARI,0,0,Chase Field,2026-07-02T01:40:00Z,2026-07-02T01:40:00Z
mlb-823442,823442,2026-07-02,SCHEDULED,Pittsburgh Pirates,PIT,Philadelphia Phillies,PHI,0,0,Citizens Bank Park,2026-07-02T16:35:00Z,2026-07-02T16:35:00Z
mlb-823765,823765,2026-07-02,SCHEDULED,Cincinnati Reds,CIN,Milwaukee Brewers,MIL,0,0,American Family Field,2026-07-02T18:10:00Z,2026-07-02T18:10:00Z
mlb-824335,824335,2026-07-02,SCHEDULED,Miami Marlins,MIA,Colorado Rockies,COL,0,0,Coors Field,2026-07-02T19:10:00Z,2026-07-02T19:10:00Z
mlb-824416,824416,2026-07-02,SCHEDULED,Chicago White Sox,CWS,Cleveland Guardians,CLE,0,0,Progressive Field,2026-07-02T22:40:00Z,2026-07-02T22:40:00Z
mlb-824906,824906,2026-07-02,SCHEDULED,St. Louis Cardinals,STL,Atlanta Braves,ATL,0,0,Truist Park,2026-07-02T23:15:00Z,2026-07-02T23:15:00Z
mlb-824093,824093,2026-07-02,SCHEDULED,Tampa Bay Rays,TB,Kansas City Royals,KC,0,0,Kauffman Stadium,2026-07-02T23:40:00Z,2026-07-02T23:40:00Z
mlb-822884,822884,2026-07-02,SCHEDULED,Detroit Tigers,DET,Texas Rangers,TEX,0,0,Globe Life Field,2026-07-03T00:05:00Z,2026-07-03T00:05:00Z
mlb-823119,823119,2026-07-02,SCHEDULED,Los Angeles Angels,LAA,Seattle Mariners,SEA,0,0,T-Mobile Park,2026-07-03T01:40:00Z,2026-07-03T01:40:00Z
mlb-823935,823935,2026-07-02,SCHEDULED,San Diego Padres,SD,Los Angeles Dodgers,LAD,0,0,UNIQLO Field at Dodger Stadium,2026-07-03T02:10:00Z,2026-07-03T02:10:00Z
mlb-824659,824659,2026-07-03,SCHEDULED,St. Louis Cardinals,STL,Chicago Cubs,CHC,0,0,Wrigley Field,2026-07-03T20:05:00Z,2026-07-03T20:05:00Z
mlb-822714,822714,2026-07-03,SCHEDULED,Pittsburgh Pirates,PIT,Washington Nationals,WSH,0,0,Nationals Park,2026-07-03T22:45:00Z,2026-07-03T22:45:00Z
mlb-823527,823527,2026-07-03,SCHEDULED,Minnesota Twins,MIN,New York Yankees,NYY,0,0,Yankee Stadium,2026-07-03T23:05:00Z,2026-07-03T23:05:00Z
mlb-824417,824417,2026-07-03,SCHEDULED,Chicago White Sox,CWS,Cleveland Guardians,CLE,0,0,Progressive Field,2026-07-03T23:10:00Z,2026-07-03T23:10:00Z
mlb-824498,824498,2026-07-03,SCHEDULED,Baltimore Orioles,BAL,Cincinnati Reds,CIN,0,0,Great American Ball Park,2026-07-03T23:10:00Z,2026-07-03T23:10:00Z
mlb-824904,824904,2026-07-03,SCHEDULED,New York Mets,NYM,Atlanta Braves,ATL,0,0,Truist Park,2026-07-03T23:15:00Z,2026-07-03T23:15:00Z
mlb-824173,824173,2026-07-03,SCHEDULED,Tampa Bay Rays,TB,Houston Astros,HOU,0,0,Daikin Park,2026-07-04T00:10:00Z,2026-07-04T00:10:00Z
mlb-824336,824336,2026-07-03,SCHEDULED,San Francisco Giants,SF,Colorado Rockies,COL,0,0,Coors Field,2026-07-04T00:10:00Z,2026-07-04T00:10:00Z
mlb-824013,824013,2026-07-03,SCHEDULED,Boston Red Sox,BOS,Los Angeles Angels,LAA,0,0,Angel Stadium,2026-07-04T01:38:00Z,2026-07-04T01:38:00Z
mlb-824982,824982,2026-07-03,SCHEDULED,Miami Marlins,MIA,Athletics,ATH,0,0,Sutter Health Park,2026-07-04T01:40:00Z,2026-07-04T01:40:00Z
mlb-825062,825062,2026-07-03,SCHEDULED,Milwaukee Brewers,MIL,Arizona Diamondbacks,ARI,0,0,Chase Field,2026-07-04T01:40:00Z,2026-07-04T01:40:00Z
mlb-823120,823120,2026-07-03,SCHEDULED,Toronto Blue Jays,TOR,Seattle Mariners,SEA,0,0,T-Mobile Park,2026-07-04T02:10:00Z,2026-07-04T02:10:00Z
mlb-823933,823933,2026-07-03,SCHEDULED,San Diego Padres,SD,Los Angeles Dodgers,LAD,0,0,UNIQLO Field at Dodger Stadium,2026-07-04T02:10:00Z,2026-07-04T02:10:00Z
mlb-822716,822716,2026-07-04,SCHEDULED,Pittsburgh Pirates,PIT,Washington Nationals,WSH,0,0,Nationals Park,2026-07-04T15:05:00Z,2026-07-04T15:05:00Z
mlb-823526,823526,2026-07-04,SCHEDULED,Minnesota Twins,MIN,New York Yankees,NYY,0,0,Yankee Stadium,2026-07-04T17:35:00Z,2026-07-04T17:35:00Z
mlb-822882,822882,2026-07-04,SCHEDULED,Detroit Tigers,DET,Texas Rangers,TEX,0,0,Globe Life Field,2026-07-04T20:05:00Z,2026-07-04T20:05:00Z
mlb-823118,823118,2026-07-04,SCHEDULED,Toronto Blue Jays,TOR,Seattle Mariners,SEA,0,0,T-Mobile Park,2026-07-04T20:10:00Z,2026-07-04T20:10:00Z
mlb-824171,824171,2026-07-04,SCHEDULED,Tampa Bay Rays,TB,Houston Astros,HOU,0,0,Daikin Park,2026-07-04T23:10:00Z,2026-07-04T23:10:00Z
mlb-824415,824415,2026-07-04,SCHEDULED,Chicago White Sox,CWS,Cleveland Guardians,CLE,0,0,Progressive Field,2026-07-04T23:10:00Z,2026-07-04T23:10:00Z
mlb-824499,824499,2026-07-04,SCHEDULED,Baltimore Orioles,BAL,Cincinnati Reds,CIN,0,0,Great American Ball Park,2026-07-04T23:10:00Z,2026-07-04T23:10:00Z
mlb-824658,824658,2026-07-04,SCHEDULED,St. Louis Cardinals,STL,Chicago Cubs,CHC,0,0,Wrigley Field,2026-07-05T00:08:00Z,2026-07-05T00:08:00Z
mlb-824903,824903,2026-07-04,SCHEDULED,New York Mets,NYM,Atlanta Braves,ATL,0,0,Truist Park,2026-07-05T00:08:00Z,2026-07-05T00:08:00Z
mlb-824092,824092,2026-07-04,SCHEDULED,Philadelphia Phillies,PHI,Kansas City Royals,KC,0,0,Kauffman Stadium,2026-07-05T00:10:00Z,2026-07-05T00:10:00Z
mlb-824334,824334,2026-07-04,SCHEDULED,San Francisco Giants,SF,Colorado Rockies,COL,0,0,Coors Field,2026-07-05T00:10:00Z,2026-07-05T00:10:00Z
mlb-824012,824012,2026-07-04,SCHEDULED,Boston Red Sox,BOS,Los Angeles Angels,LAA,0,0,Angel Stadium,2026-07-05T01:38:00Z,2026-07-05T01:38:00Z
mlb-824983,824983,2026-07-04,SCHEDULED,Miami Marlins,MIA,Athletics,ATH,0,0,Sutter Health Park,2026-07-05T01:40:00Z,2026-07-05T01:40:00Z
mlb-825063,825063,2026-07-04,SCHEDULED,Milwaukee Brewers,MIL,Arizona Diamondbacks,ARI,0,0,Chase Field,2026-07-05T01:40:00Z,2026-07-05T01:40:00Z
mlb-823932,823932,2026-07-04,SCHEDULED,San Diego Padres,SD,Los Angeles Dodgers,LAD,0,0,UNIQLO Field at Dodger Stadium,2026-07-05T02:10:00Z,2026-07-05T02:10:00Z
mlb-824902,824902,2026-07-05,SCHEDULED,New York Mets,NYM,Atlanta Braves,ATL,0,0,Truist Park,2026-07-05T16:30:00Z,2026-07-05T16:30:00Z
mlb-822715,822715,2026-07-05,SCHEDULED,Pittsburgh Pirates,PIT,Washington Nationals,WSH,0,0,Nationals Park,2026-07-05T17:00:00Z,2026-07-05T17:00:00Z
mlb-824497,824497,2026-07-05,SCHEDULED,Baltimore Orioles,BAL,Cincinnati Reds,CIN,0,0,Great American Ball Park,2026-07-05T17:05:00Z,2026-07-05T17:05:00Z
mlb-823525,823525,2026-07-05,SCHEDULED,Minnesota Twins,MIN,New York Yankees,NYY,0,0,Yankee Stadium,2026-07-05T17:35:00Z,2026-07-05T17:35:00Z
mlb-824413,824413,2026-07-05,SCHEDULED,Chicago White Sox,CWS,Cleveland Guardians,CLE,0,0,Progressive Field,2026-07-05T18:00:00Z,2026-07-05T18:00:00Z
mlb-824656,824656,2026-07-05,SCHEDULED,St. Louis Cardinals,STL,Chicago Cubs,CHC,0,0,Wrigley Field,2026-07-05T18:30:00Z,2026-07-05T18:30:00Z
mlb-824091,824091,2026-07-05,SCHEDULED,Philadelphia Phillies,PHI,Kansas City Royals,KC,0,0,Kauffman Stadium,2026-07-05T19:00:00Z,2026-07-05T19:00:00Z
mlb-822879,822879,2026-07-05,SCHEDULED,Detroit Tigers,DET,Texas Rangers,TEX,0,0,Globe Life Field,2026-07-05T19:30:00Z,2026-07-05T19:30:00Z
mlb-824172,824172,2026-07-05,SCHEDULED,Tampa Bay Rays,TB,Houston Astros,HOU,0,0,Daikin Park,2026-07-05T19:30:00Z,2026-07-05T19:30:00Z
mlb-824333,824333,2026-07-05,SCHEDULED,San Francisco Giants,SF,Colorado Rockies,COL,0,0,Coors Field,2026-07-05T20:00:00Z,2026-07-05T20:00:00Z
mlb-825061,825061,2026-07-05,SCHEDULED,Milwaukee Brewers,MIL,Arizona Diamondbacks,ARI,0,0,Chase Field,2026-07-05T20:10:00Z,2026-07-05T20:10:00Z
mlb-824980,824980,2026-07-05,SCHEDULED,Miami Marlins,MIA,Athletics,ATH,0,0,Sutter Health Park,2026-07-05T20:30:00Z,2026-07-05T20:30:00Z
mlb-823117,823117,2026-07-05,SCHEDULED,Toronto Blue Jays,TOR,Seattle Mariners,SEA,0,0,T-Mobile Park,2026-07-05T21:00:00Z,2026-07-05T21:00:00Z
mlb-823931,823931,2026-07-05,SCHEDULED,San Diego Padres,SD,Los Angeles Dodgers,LAD,0,0,UNIQLO Field at Dodger Stadium,2026-07-05T23:20:00Z,2026-07-05T23:20:00Z
mlb-824010,824010,2026-07-05,SCHEDULED,Boston Red Sox,BOS,Los Angeles Angels,LAA,0,0,Angel Stadium,2026-07-06T01:30:00Z,2026-07-06T01:30:00Z
mlb-824089,824089,2026-07-06,SCHEDULED,Philadelphia Phillies,PHI,Kansas City Royals,KC,0,0,Kauffman Stadium,2026-07-06T18:10:00Z,2026-07-06T18:10:00Z
mlb-822958,822958,2026-07-06,SCHEDULED,New York Yankees,NYY,Tampa Bay Rays,TB,0,0,Tropicana Field,2026-07-06T22:40:00Z,2026-07-06T22:40:00Z
mlb-822712,822712,2026-07-06,SCHEDULED,Houston Astros,HOU,Washington Nationals,WSH,0,0,Nationals Park,2026-07-06T23:05:00Z,2026-07-06T23:05:00Z
mlb-824900,824900,2026-07-06,SCHEDULED,New York Mets,NYM,Atlanta Braves,ATL,0,0,Truist Park,2026-07-06T23:15:00Z,2026-07-06T23:15:00Z
mlb-823036,823036,2026-07-06,SCHEDULED,Milwaukee Brewers,MIL,St. Louis Cardinals,STL,0,0,Busch Stadium,2026-07-06T23:45:00Z,2026-07-06T23:45:00Z
mlb-823282,823282,2026-07-06,SCHEDULED,Arizona Diamondbacks,ARI,San Diego Padres,SD,0,0,Petco Park,2026-07-07T01:40:00Z,2026-07-07T01:40:00Z
mlb-823205,823205,2026-07-06,SCHEDULED,Toronto Blue Jays,TOR,San Francisco Giants,SF,0,0,Oracle Park,2026-07-07T01:45:00Z,2026-07-07T01:45:00Z
mlb-823930,823930,2026-07-06,SCHEDULED,Colorado Rockies,COL,Los Angeles Dodgers,LAD,0,0,UNIQLO Field at Dodger Stadium,2026-07-07T02:10:00Z,2026-07-07T02:10:00Z
mlb-823062,823062,2026-07-07,SCHEDULED,Milwaukee Brewers,MIL,St. Louis Cardinals,STL,0,0,Busch Stadium,2026-07-07T18:15:00Z,2026-07-07T18:15:00Z
mlb-824820,824820,2026-07-07,SCHEDULED,Chicago Cubs,CHC,Baltimore Orioles,BAL,0,0,Oriole Park at Camden Yards,2026-07-07T22:35:00Z,2026-07-07T22:35:00Z
mlb-822956,822956,2026-07-07,SCHEDULED,New York Yankees,NYY,Tampa Bay Rays,TB,0,0,Tropicana Field,2026-07-07T22:40:00Z,2026-07-07T22:40:00Z
mlb-823361,823361,2026-07-07,SCHEDULED,Atlanta Braves,ATL,Pittsburgh Pirates,PIT,0,0,PNC Park,2026-07-07T22:40:00Z,2026-07-07T22:40:00Z
mlb-823847,823847,2026-07-07,SCHEDULED,Seattle Mariners,SEA,Miami Marlins,MIA,0,0,loanDepot park,2026-07-07T22:40:00Z,2026-07-07T22:40:00Z
mlb-824254,824254,2026-07-07,SCHEDULED,Athletics,ATH,Detroit Tigers,DET,0,0,Comerica Park,2026-07-07T22:40:00Z,2026-07-07T22:40:00Z
mlb-822713,822713,2026-07-07,SCHEDULED,Houston Astros,HOU,Washington Nationals,WSH,0,0,Nationals Park,2026-07-07T22:45:00Z,2026-07-07T22:45:00Z
mlb-823607,823607,2026-07-07,SCHEDULED,Kansas City Royals,KC,New York Mets,NYM,0,0,Citi Field,2026-07-07T23:10:00Z,2026-07-07T23:10:00Z
mlb-824495,824495,2026-07-07,SCHEDULED,Philadelphia Phillies,PHI,Cincinnati Reds,CIN,0,0,Great American Ball Park,2026-07-07T23:10:00Z,2026-07-07T23:10:00Z
mlb-823687,823687,2026-07-07,SCHEDULED,Cleveland Guardians,CLE,Minnesota Twins,MIN,0,0,Target Field,2026-07-07T23:40:00Z,2026-07-07T23:40:00Z
mlb-824579,824579,2026-07-07,SCHEDULED,Boston Red Sox,BOS,Chicago White Sox,CWS,0,0,Rate Field,2026-07-07T23:40:00Z,2026-07-07T23:40:00Z
mlb-823035,823035,2026-07-07,SCHEDULED,Milwaukee Brewers,MIL,St. Louis Cardinals,STL,0,0,Busch Stadium,2026-07-07T23:45:00Z,2026-07-07T23:45:00Z
mlb-822881,822881,2026-07-07,SCHEDULED,Los Angeles Angels,LAA,Texas Rangers,TEX,0,0,Globe Life Field,2026-07-08T00:05:00Z,2026-07-08T00:05:00Z
mlb-823280,823280,2026-07-07,SCHEDULED,Arizona Diamondbacks,ARI,San Diego Padres,SD,0,0,Petco Park,2026-07-08T01:40:00Z,2026-07-08T01:40:00Z
mlb-823203,823203,2026-07-07,SCHEDULED,Toronto Blue Jays,TOR,San Francisco Giants,SF,0,0,Oracle Park,2026-07-08T01:45:00Z,2026-07-08T01:45:00Z
mlb-823929,823929,2026-07-07,SCHEDULED,Colorado Rockies,COL,Los Angeles Dodgers,LAD,0,0,UNIQLO Field at Dodger Stadium,2026-07-08T02:10:00Z,2026-07-08T02:10:00Z
mlb-823202,823202,2026-07-08,SCHEDULED,Toronto Blue Jays,TOR,San Francisco Giants,SF,0,0,Oracle Park,2026-07-08T19:45:00Z,2026-07-08T19:45:00Z
mlb-824815,824815,2026-07-08,SCHEDULED,Chicago Cubs,CHC,Baltimore Orioles,BAL,0,0,Oriole Park at Camden Yards,2026-07-08T22:35:00Z,2026-07-08T22:35:00Z
mlb-822957,822957,2026-07-08,SCHEDULED,New York Yankees,NYY,Tampa Bay Rays,TB,0,0,Tropicana Field,2026-07-08T22:40:00Z,2026-07-08T22:40:00Z
mlb-823360,823360,2026-07-08,SCHEDULED,Atlanta Braves,ATL,Pittsburgh Pirates,PIT,0,0,PNC Park,2026-07-08T22:40:00Z,2026-07-08T22:40:00Z
mlb-823848,823848,2026-07-08,SCHEDULED,Seattle Mariners,SEA,Miami Marlins,MIA,0,0,loanDepot park,2026-07-08T22:40:00Z,2026-07-08T22:40:00Z
mlb-824253,824253,2026-07-08,SCHEDULED,Athletics,ATH,Detroit Tigers,DET,0,0,Comerica Park,2026-07-08T22:40:00Z,2026-07-08T22:40:00Z
mlb-822710,822710,2026-07-08,SCHEDULED,Houston Astros,HOU,Washington Nationals,WSH,0,0,Nationals Park,2026-07-08T22:45:00Z,2026-07-08T22:45:00Z
mlb-823605,823605,2026-07-08,SCHEDULED,Kansas City Royals,KC,New York Mets,NYM,0,0,Citi Field,2026-07-08T23:10:00Z,2026-07-08T23:10:00Z
mlb-824496,824496,2026-07-08,SCHEDULED,Philadelphia Phillies,PHI,Cincinnati Reds,CIN,0,0,Great American Ball Park,2026-07-08T23:10:00Z,2026-07-08T23:10:00Z
mlb-823684,823684,2026-07-08,SCHEDULED,Cleveland Guardians,CLE,Minnesota Twins,MIN,0,0,Target Field,2026-07-08T23:40:00Z,2026-07-08T23:40:00Z
mlb-824578,824578,2026-07-08,SCHEDULED,Boston Red Sox,BOS,Chicago White Sox,CWS,0,0,Rate Field,2026-07-08T23:40:00Z,2026-07-08T23:40:00Z
mlb-823032,823032,2026-07-08,SCHEDULED,Milwaukee Brewers,MIL,St. Louis Cardinals,STL,0,0,Busch Stadium,2026-07-08T23:45:00Z,2026-07-08T23:45:00Z
mlb-822880,822880,2026-07-08,SCHEDULED,Los Angeles Angels,LAA,Texas Rangers,TEX,0,0,Globe Life Field,2026-07-09T00:05:00Z,2026-07-09T00:05:00Z
mlb-823279,823279,2026-07-08,SCHEDULED,Arizona Diamondbacks,ARI,San Diego Padres,SD,0,0,Petco Park,2026-07-09T02:10:00Z,2026-07-09T02:10:00Z
mlb-823928,823928,2026-07-08,SCHEDULED,Colorado Rockies,COL,Los Angeles Dodgers,LAD,0,0,UNIQLO Field at Dodger Stadium,2026-07-09T02:10:00Z,2026-07-09T02:10:00Z
mlb-823359,823359,2026-07-09,SCHEDULED,Atlanta Braves,ATL,Pittsburgh Pirates,PIT,0,0,PNC Park,2026-07-09T16:35:00Z,2026-07-09T16:35:00Z
mlb-822954,822954,2026-07-09,SCHEDULED,New York Yankees,NYY,Tampa Bay Rays,TB,0,0,Tropicana Field,2026-07-09T17:10:00Z,2026-07-09T17:10:00Z
mlb-823606,823606,2026-07-09,SCHEDULED,Kansas City Royals,KC,New York Mets,NYM,0,0,Citi Field,2026-07-09T17:10:00Z,2026-07-09T17:10:00Z
mlb-823683,823683,2026-07-09,SCHEDULED,Cleveland Guardians,CLE,Minnesota Twins,MIN,0,0,Target Field,2026-07-09T17:40:00Z,2026-07-09T17:40:00Z
mlb-824577,824577,2026-07-09,SCHEDULED,Boston Red Sox,BOS,Chicago White Sox,CWS,0,0,Rate Field,2026-07-09T18:10:00Z,2026-07-09T18:10:00Z
mlb-824816,824816,2026-07-09,SCHEDULED,Chicago Cubs,CHC,Baltimore Orioles,BAL,0,0,Oriole Park at Camden Yards,2026-07-09T22:35:00Z,2026-07-09T22:35:00Z
mlb-823846,823846,2026-07-09,SCHEDULED,Seattle Mariners,SEA,Miami Marlins,MIA,0,0,loanDepot park,2026-07-09T22:40:00Z,2026-07-09T22:40:00Z
mlb-824251,824251,2026-07-09,SCHEDULED,Athletics,ATH,Detroit Tigers,DET,0,0,Comerica Park,2026-07-09T22:40:00Z,2026-07-09T22:40:00Z
mlb-824494,824494,2026-07-09,SCHEDULED,Philadelphia Phillies,PHI,Cincinnati Reds,CIN,0,0,Great American Ball Park,2026-07-09T23:10:00Z,2026-07-09T23:10:00Z
mlb-823034,823034,2026-07-09,SCHEDULED,Milwaukee Brewers,MIL,St. Louis Cardinals,STL,0,0,Busch Stadium,2026-07-09T23:45:00Z,2026-07-09T23:45:00Z
mlb-822877,822877,2026-07-09,SCHEDULED,Los Angeles Angels,LAA,Texas Rangers,TEX,0,0,Globe Life Field,2026-07-10T00:05:00Z,2026-07-10T00:05:00Z
mlb-823277,823277,2026-07-09,SCHEDULED,Arizona Diamondbacks,ARI,San Diego Padres,SD,0,0,Petco Park,2026-07-10T01:40:00Z,2026-07-10T01:40:00Z
mlb-823201,823201,2026-07-09,SCHEDULED,Colorado Rockies,COL,San Francisco Giants,SF,0,0,Oracle Park,2026-07-10T01:45:00Z,2026-07-10T01:45:00Z
mlb-823357,823357,2026-07-10,SCHEDULED,Milwaukee Brewers,MIL,Pittsburgh Pirates,PIT,0,0,PNC Park,2026-07-10T22:40:00Z,2026-07-10T22:40:00Z
mlb-824252,824252,2026-07-10,SCHEDULED,Philadelphia Phillies,PHI,Detroit Tigers,DET,0,0,Comerica Park,2026-07-10T22:40:00Z,2026-07-10T22:40:00Z
mlb-822709,822709,2026-07-10,SCHEDULED,New York Yankees,NYY,Washington Nationals,WSH,0,0,Nationals Park,2026-07-10T22:45:00Z,2026-07-10T22:45:00Z
mlb-824817,824817,2026-07-10,SCHEDULED,Kansas City Royals,KC,Baltimore Orioles,BAL,0,0,Oriole Park at Camden Yards,2026-07-10T23:05:00Z,2026-07-10T23:05:00Z
mlb-822955,822955,2026-07-10,SCHEDULED,Seattle Mariners,SEA,Tampa Bay Rays,TB,0,0,Tropicana Field,2026-07-10T23:10:00Z,2026-07-10T23:10:00Z
mlb-823604,823604,2026-07-10,SCHEDULED,Boston Red Sox,BOS,New York Mets,NYM,0,0,Citi Field,2026-07-10T23:10:00Z,2026-07-10T23:10:00Z
mlb-823845,823845,2026-07-10,SCHEDULED,Cleveland Guardians,CLE,Miami Marlins,MIA,0,0,loanDepot park,2026-07-10T23:10:00Z,2026-07-10T23:10:00Z
mlb-824493,824493,2026-07-10,SCHEDULED,Chicago Cubs,CHC,Cincinnati Reds,CIN,0,0,Great American Ball Park,2026-07-10T23:10:00Z,2026-07-10T23:10:00Z
mlb-824575,824575,2026-07-10,SCHEDULED,Athletics,ATH,Chicago White Sox,CWS,0,0,Rate Field,2026-07-10T23:40:00Z,2026-07-10T23:40:00Z
mlb-822878,822878,2026-07-10,SCHEDULED,Houston Astros,HOU,Texas Rangers,TEX,0,0,Globe Life Field,2026-07-11T00:05:00Z,2026-07-11T00:05:00Z
mlb-823685,823685,2026-07-10,SCHEDULED,Los Angeles Angels,LAA,Minnesota Twins,MIN,0,0,Target Field,2026-07-11T00:10:00Z,2026-07-11T00:10:00Z
mlb-823033,823033,2026-07-10,SCHEDULED,Atlanta Braves,ATL,St. Louis Cardinals,STL,0,0,Busch Stadium,2026-07-11T00:15:00Z,2026-07-11T00:15:00Z
mlb-823278,823278,2026-07-10,SCHEDULED,Toronto Blue Jays,TOR,San Diego Padres,SD,0,0,Petco Park,2026-07-11T01:40:00Z,2026-07-11T01:40:00Z
mlb-823927,823927,2026-07-10,SCHEDULED,Arizona Diamondbacks,ARI,Los Angeles Dodgers,LAD,0,0,UNIQLO Field at Dodger Stadium,2026-07-11T02:10:00Z,2026-07-11T02:10:00Z
mlb-823200,823200,2026-07-10,SCHEDULED,Colorado Rockies,COL,San Francisco Giants,SF,0,0,Oracle Park,2026-07-11T02:15:00Z,2026-07-11T02:15:00Z
mlb-823682,823682,2026-07-11,SCHEDULED,Los Angeles Angels,LAA,Minnesota Twins,MIN,0,0,Target Field,2026-07-11T18:10:00Z,2026-07-11T18:10:00Z
mlb-822711,822711,2026-07-11,SCHEDULED,New York Yankees,NYY,Washington Nationals,WSH,0,0,Nationals Park,2026-07-11T20:05:00Z,2026-07-11T20:05:00Z
mlb-823198,823198,2026-07-11,SCHEDULED,Colorado Rockies,COL,San Francisco Giants,SF,0,0,Oracle Park,2026-07-11T20:05:00Z,2026-07-11T20:05:00Z
mlb-823356,823356,2026-07-11,SCHEDULED,Milwaukee Brewers,MIL,Pittsburgh Pirates,PIT,0,0,PNC Park,2026-07-11T20:05:00Z,2026-07-11T20:05:00Z
mlb-822953,822953,2026-07-11,SCHEDULED,Seattle Mariners,SEA,Tampa Bay Rays,TB,0,0,Tropicana Field,2026-07-11T20:10:00Z,2026-07-11T20:10:00Z
mlb-823603,823603,2026-07-11,SCHEDULED,Boston Red Sox,BOS,New York Mets,NYM,0,0,Citi Field,2026-07-11T20:10:00Z,2026-07-11T20:10:00Z
mlb-823844,823844,2026-07-11,SCHEDULED,Cleveland Guardians,CLE,Miami Marlins,MIA,0,0,loanDepot park,2026-07-11T20:10:00Z,2026-07-11T20:10:00Z
mlb-824576,824576,2026-07-11,SCHEDULED,Athletics,ATH,Chicago White Sox,CWS,0,0,Rate Field,2026-07-11T20:10:00Z,2026-07-11T20:10:00Z
mlb-824249,824249,2026-07-11,SCHEDULED,Philadelphia Phillies,PHI,Detroit Tigers,DET,0,0,Comerica Park,2026-07-11T22:10:00Z,2026-07-11T22:10:00Z
mlb-822875,822875,2026-07-11,SCHEDULED,Houston Astros,HOU,Texas Rangers,TEX,0,0,Globe Life Field,2026-07-11T23:05:00Z,2026-07-11T23:05:00Z
mlb-824813,824813,2026-07-11,SCHEDULED,Kansas City Royals,KC,Baltimore Orioles,BAL,0,0,Oriole Park at Camden Yards,2026-07-11T23:05:00Z,2026-07-11T23:05:00Z
mlb-824492,824492,2026-07-11,SCHEDULED,Chicago Cubs,CHC,Cincinnati Reds,CIN,0,0,Great American Ball Park,2026-07-11T23:10:00Z,2026-07-11T23:10:00Z
mlb-823030,823030,2026-07-11,SCHEDULED,Atlanta Braves,ATL,St. Louis Cardinals,STL,0,0,Busch Stadium,2026-07-11T23:15:00Z,2026-07-11T23:15:00Z
mlb-823276,823276,2026-07-11,SCHEDULED,Toronto Blue Jays,TOR,San Diego Padres,SD,0,0,Petco Park,2026-07-12T00:40:00Z,2026-07-12T00:40:00Z
mlb-823926,823926,2026-07-11,SCHEDULED,Arizona Diamondbacks,ARI,Los Angeles Dodgers,LAD,0,0,UNIQLO Field at Dodger Stadium,2026-07-12T01:10:00Z,2026-07-12T01:10:00Z
mlb-823358,823358,2026-07-12,SCHEDULED,Milwaukee Brewers,MIL,Pittsburgh Pirates,PIT,0,0,PNC Park,2026-07-12T16:15:00Z,2026-07-12T16:15:00Z
mlb-822708,822708,2026-07-12,SCHEDULED,New York Yankees,NYY,Washington Nationals,WSH,0,0,Nationals Park,2026-07-12T17:35:00Z,2026-07-12T17:35:00Z
mlb-824814,824814,2026-07-12,SCHEDULED,Kansas City Royals,KC,Baltimore Orioles,BAL,0,0,Oriole Park at Camden Yards,2026-07-12T17:35:00Z,2026-07-12T17:35:00Z
mlb-822951,822951,2026-07-12,SCHEDULED,Seattle Mariners,SEA,Tampa Bay Rays,TB,0,0,Tropicana Field,2026-07-12T17:40:00Z,2026-07-12T17:40:00Z
mlb-823602,823602,2026-07-12,SCHEDULED,Boston Red Sox,BOS,New York Mets,NYM,0,0,Citi Field,2026-07-12T17:40:00Z,2026-07-12T17:40:00Z
mlb-823842,823842,2026-07-12,SCHEDULED,Cleveland Guardians,CLE,Miami Marlins,MIA,0,0,loanDepot park,2026-07-12T17:40:00Z,2026-07-12T17:40:00Z
mlb-824250,824250,2026-07-12,SCHEDULED,Philadelphia Phillies,PHI,Detroit Tigers,DET,0,0,Comerica Park,2026-07-12T17:40:00Z,2026-07-12T17:40:00Z
mlb-824491,824491,2026-07-12,SCHEDULED,Chicago Cubs,CHC,Cincinnati Reds,CIN,0,0,Great American Ball Park,2026-07-12T17:40:00Z,2026-07-12T17:40:00Z
mlb-823681,823681,2026-07-12,SCHEDULED,Los Angeles Angels,LAA,Minnesota Twins,MIN,0,0,Target Field,2026-07-12T18:10:00Z,2026-07-12T18:10:00Z
mlb-824574,824574,2026-07-12,SCHEDULED,Athletics,ATH,Chicago White Sox,CWS,0,0,Rate Field,2026-07-12T18:10:00Z,2026-07-12T18:10:00Z
mlb-823029,823029,2026-07-12,SCHEDULED,Atlanta Braves,ATL,St. Louis Cardinals,STL,0,0,Busch Stadium,2026-07-12T18:15:00Z,2026-07-12T18:15:00Z
mlb-822876,822876,2026-07-12,SCHEDULED,Houston Astros,HOU,Texas Rangers,TEX,0,0,Globe Life Field,2026-07-12T18:35:00Z,2026-07-12T18:35:00Z
mlb-823199,823199,2026-07-12,SCHEDULED,Colorado Rockies,COL,San Francisco Giants,SF,0,0,Oracle Park,2026-07-12T20:05:00Z,2026-07-12T20:05:00Z
mlb-823274,823274,2026-07-12,SCHEDULED,Toronto Blue Jays,TOR,San Diego Padres,SD,0,0,Petco Park,2026-07-12T20:10:00Z,2026-07-12T20:10:00Z
mlb-823925,823925,2026-07-12,SCHEDULED,Arizona Diamondbacks,ARI,Los Angeles Dodgers,LAD,0,0,UNIQLO Field at Dodger Stadium,2026-07-12T20:10:00Z,2026-07-12T20:10:00Z
mlb-823440,823440,2026-07-16,SCHEDULED,New York Mets,NYM,Philadelphia Phillies,PHI,0,0,Citizens Bank Park,2026-07-16T23:10:00Z,2026-07-16T23:10:00Z
mlb-824766,824766,2026-07-17,SCHEDULED,Tampa Bay Rays,TB,Boston Red Sox,BOS,0,0,Fenway Park,2026-07-17T17:35:00Z,2026-07-17T17:35:00Z
mlb-823524,823524,2026-07-17,SCHEDULED,Los Angeles Dodgers,LAD,New York Yankees,NYY,0,0,Yankee Stadium,2026-07-17T23:05:00Z,2026-07-17T23:05:00Z
mlb-824414,824414,2026-07-17,SCHEDULED,Pittsburgh Pirates,PIT,Cleveland Guardians,CLE,0,0,Progressive Field,2026-07-17T23:10:00Z,2026-07-17T23:10:00Z
mlb-824737,824737,2026-07-17,SCHEDULED,Tampa Bay Rays,TB,Boston Red Sox,BOS,0,0,Fenway Park,2026-07-17T23:10:00Z,2026-07-17T23:10:00Z
mlb-822789,822789,2026-07-17,SCHEDULED,Chicago White Sox,CWS,Toronto Blue Jays,TOR,0,0,Rogers Centre,2026-07-17T23:15:00Z,2026-07-17T23:15:00Z
mlb-824901,824901,2026-07-17,SCHEDULED,Texas Rangers,TEX,Atlanta Braves,ATL,0,0,Truist Park,2026-07-17T23:15:00Z,2026-07-17T23:15:00Z
mlb-823766,823766,2026-07-17,SCHEDULED,Miami Marlins,MIA,Milwaukee Brewers,MIL,0,0,American Family Field,2026-07-17T23:40:00Z,2026-07-17T23:40:00Z
mlb-824655,824655,2026-07-17,SCHEDULED,Minnesota Twins,MIN,Chicago Cubs,CHC,0,0,Wrigley Field,2026-07-18T00:05:00Z,2026-07-18T00:05:00Z
mlb-824090,824090,2026-07-17,SCHEDULED,San Diego Padres,SD,Kansas City Royals,KC,0,0,Kauffman Stadium,2026-07-18T00:10:00Z,2026-07-18T00:10:00Z
mlb-824170,824170,2026-07-17,SCHEDULED,Baltimore Orioles,BAL,Houston Astros,HOU,0,0,Daikin Park,2026-07-18T00:10:00Z,2026-07-18T00:10:00Z
mlb-824332,824332,2026-07-17,SCHEDULED,Cincinnati Reds,CIN,Colorado Rockies,COL,0,0,Coors Field,2026-07-18T00:40:00Z,2026-07-18T00:40:00Z
mlb-824009,824009,2026-07-17,SCHEDULED,Detroit Tigers,DET,Los Angeles Angels,LAA,0,0,Angel Stadium,2026-07-18T01:38:00Z,2026-07-18T01:38:00Z
mlb-824981,824981,2026-07-17,SCHEDULED,Washington Nationals,WSH,Athletics,ATH,0,0,Sutter Health Park,2026-07-18T01:40:00Z,2026-07-18T01:40:00Z
mlb-825060,825060,2026-07-17,SCHEDULED,St. Louis Cardinals,STL,Arizona Diamondbacks,ARI,0,0,Chase Field,2026-07-18T01:40:00Z,2026-07-18T01:40:00Z
mlb-823115,823115,2026-07-17,SCHEDULED,San Francisco Giants,SF,Seattle Mariners,SEA,0,0,T-Mobile Park,2026-07-18T02:10:00Z,2026-07-18T02:10:00Z
mlb-824657,824657,2026-07-18,SCHEDULED,Minnesota Twins,MIN,Chicago Cubs,CHC,0,0,Wrigley Field,2026-07-18T18:20:00Z,2026-07-18T18:20:00Z
mlb-822790,822790,2026-07-18,SCHEDULED,Chicago White Sox,CWS,Toronto Blue Jays,TOR,0,0,Rogers Centre,2026-07-18T19:07:00Z,2026-07-18T19:07:00Z
mlb-824331,824331,2026-07-18,SCHEDULED,Cincinnati Reds,CIN,Colorado Rockies,COL,0,0,Coors Field,2026-07-18T19:10:00Z,2026-07-18T19:10:00Z
mlb-823441,823441,2026-07-18,SCHEDULED,New York Mets,NYM,Philadelphia Phillies,PHI,0,0,Citizens Bank Park,2026-07-18T20:05:00Z,2026-07-18T20:05:00Z
mlb-823763,823763,2026-07-18,SCHEDULED,Miami Marlins,MIA,Milwaukee Brewers,MIL,0,0,American Family Field,2026-07-18T20:10:00Z,2026-07-18T20:10:00Z
mlb-824088,824088,2026-07-18,SCHEDULED,San Diego Padres,SD,Kansas City Royals,KC,0,0,Kauffman Stadium,2026-07-18T20:10:00Z,2026-07-18T20:10:00Z
mlb-824169,824169,2026-07-18,SCHEDULED,Baltimore Orioles,BAL,Houston Astros,HOU,0,0,Daikin Park,2026-07-18T20:10:00Z,2026-07-18T20:10:00Z
mlb-824412,824412,2026-07-18,SCHEDULED,Pittsburgh Pirates,PIT,Cleveland Guardians,CLE,0,0,Progressive Field,2026-07-18T20:10:00Z,2026-07-18T20:10:00Z
mlb-824738,824738,2026-07-18,SCHEDULED,Tampa Bay Rays,TB,Boston Red Sox,BOS,0,0,Fenway Park,2026-07-18T20:10:00Z,2026-07-18T20:10:00Z
mlb-824899,824899,2026-07-18,SCHEDULED,Texas Rangers,TEX,Atlanta Braves,ATL,0,0,Truist Park,2026-07-18T20:10:00Z,2026-07-18T20:10:00Z
mlb-825059,825059,2026-07-18,SCHEDULED,St. Louis Cardinals,STL,Arizona Diamondbacks,ARI,0,0,Chase Field,2026-07-18T20:10:00Z,2026-07-18T20:10:00Z
mlb-823116,823116,2026-07-18,SCHEDULED,San Francisco Giants,SF,Seattle Mariners,SEA,0,0,T-Mobile Park,2026-07-19T00:08:00Z,2026-07-19T00:08:00Z
mlb-823523,823523,2026-07-18,SCHEDULED,Los Angeles Dodgers,LAD,New York Yankees,NYY,0,0,Yankee Stadium,2026-07-19T00:08:00Z,2026-07-19T00:08:00Z
mlb-824979,824979,2026-07-18,SCHEDULED,Washington Nationals,WSH,Athletics,ATH,0,0,Sutter Health Park,2026-07-19T02:05:00Z,2026-07-19T02:05:00Z
mlb-824008,824008,2026-07-18,SCHEDULED,Detroit Tigers,DET,Los Angeles Angels,LAA,0,0,Angel Stadium,2026-07-19T02:07:00Z,2026-07-19T02:07:00Z
mlb-822786,822786,2026-07-19,SCHEDULED,Chicago White Sox,CWS,Toronto Blue Jays,TOR,0,0,Rogers Centre,2026-07-19T16:15:00Z,2026-07-19T16:15:00Z
mlb-823439,823439,2026-07-19,SCHEDULED,New York Mets,NYM,Philadelphia Phillies,PHI,0,0,Citizens Bank Park,2026-07-19T17:35:00Z,2026-07-19T17:35:00Z
mlb-824739,824739,2026-07-19,SCHEDULED,Tampa Bay Rays,TB,Boston Red Sox,BOS,0,0,Fenway Park,2026-07-19T17:35:00Z,2026-07-19T17:35:00Z
mlb-824897,824897,2026-07-19,SCHEDULED,Texas Rangers,TEX,Atlanta Braves,ATL,0,0,Truist Park,2026-07-19T17:35:00Z,2026-07-19T17:35:00Z
mlb-824411,824411,2026-07-19,SCHEDULED,Pittsburgh Pirates,PIT,Cleveland Guardians,CLE,0,0,Progressive Field,2026-07-19T17:40:00Z,2026-07-19T17:40:00Z
mlb-823764,823764,2026-07-19,SCHEDULED,Miami Marlins,MIA,Milwaukee Brewers,MIL,0,0,American Family Field,2026-07-19T18:10:00Z,2026-07-19T18:10:00Z
mlb-824086,824086,2026-07-19,SCHEDULED,San Diego Padres,SD,Kansas City Royals,KC,0,0,Kauffman Stadium,2026-07-19T18:10:00Z,2026-07-19T18:10:00Z
mlb-824168,824168,2026-07-19,SCHEDULED,Baltimore Orioles,BAL,Houston Astros,HOU,0,0,Daikin Park,2026-07-19T18:10:00Z,2026-07-19T18:10:00Z
mlb-824653,824653,2026-07-19,SCHEDULED,Minnesota Twins,MIN,Chicago Cubs,CHC,0,0,Wrigley Field,2026-07-19T18:20:00Z,2026-07-19T18:20:00Z
mlb-824330,824330,2026-07-19,SCHEDULED,Cincinnati Reds,CIN,Colorado Rockies,COL,0,0,Coors Field,2026-07-19T19:10:00Z,2026-07-19T19:10:00Z
mlb-824978,824978,2026-07-19,SCHEDULED,Washington Nationals,WSH,Athletics,ATH,0,0,Sutter Health Park,2026-07-19T20:05:00Z,2026-07-19T20:05:00Z
mlb-824007,824007,2026-07-19,SCHEDULED,Detroit Tigers,DET,Los Angeles Angels,LAA,0,0,Angel Stadium,2026-07-19T20:07:00Z,2026-07-19T20:07:00Z
mlb-823113,823113,2026-07-19,SCHEDULED,San Francisco Giants,SF,Seattle Mariners,SEA,0,0,T-Mobile Park,2026-07-19T20:10:00Z,2026-07-19T20:10:00Z
mlb-825057,825057,2026-07-19,SCHEDULED,St. Louis Cardinals,STL,Arizona Diamondbacks,ARI,0,0,Chase Field,2026-07-19T20:10:00Z,2026-07-19T20:10:00Z
mlb-823521,823521,2026-07-19,SCHEDULED,Los Angeles Dodgers,LAD,New York Yankees,NYY,0,0,Yankee Stadium,2026-07-19T23:20:00Z,2026-07-19T23:20:00Z
mlb-824410,824410,2026-07-20,SCHEDULED,Minnesota Twins,MIN,Cleveland Guardians,CLE,0,0,Progressive Field,2026-07-20T22:40:00Z,2026-07-20T22:40:00Z
mlb-823522,823522,2026-07-20,SCHEDULED,Pittsburgh Pirates,PIT,New York Yankees,NYY,0,0,Yankee Stadium,2026-07-20T23:05:00Z,2026-07-20T23:05:00Z
mlb-822788,822788,2026-07-20,SCHEDULED,Tampa Bay Rays,TB,Toronto Blue Jays,TOR,0,0,Rogers Centre,2026-07-20T23:07:00Z,2026-07-20T23:07:00Z
mlb-823436,823436,2026-07-20,SCHEDULED,Los Angeles Dodgers,LAD,Philadelphia Phillies,PHI,0,0,Citizens Bank Park,2026-07-20T23:10:00Z,2026-07-20T23:10:00Z
mlb-824736,824736,2026-07-20,SCHEDULED,Baltimore Orioles,BAL,Boston Red Sox,BOS,0,0,Fenway Park,2026-07-20T23:10:00Z,2026-07-20T23:10:00Z
mlb-824898,824898,2026-07-20,SCHEDULED,San Diego Padres,SD,Atlanta Braves,ATL,0,0,Truist Park,2026-07-20T23:15:00Z,2026-07-20T23:15:00Z
mlb-823762,823762,2026-07-20,SCHEDULED,New York Mets,NYM,Milwaukee Brewers,MIL,0,0,American Family Field,2026-07-20T23:40:00Z,2026-07-20T23:40:00Z
mlb-824087,824087,2026-07-20,SCHEDULED,San Francisco Giants,SF,Kansas City Royals,KC,0,0,Kauffman Stadium,2026-07-20T23:40:00Z,2026-07-20T23:40:00Z
mlb-822874,822874,2026-07-20,SCHEDULED,Chicago White Sox,CWS,Texas Rangers,TEX,0,0,Globe Life Field,2026-07-21T00:05:00Z,2026-07-21T00:05:00Z
mlb-824654,824654,2026-07-20,SCHEDULED,Detroit Tigers,DET,Chicago Cubs,CHC,0,0,Wrigley Field,2026-07-21T00:05:00Z,2026-07-21T00:05:00Z
mlb-824167,824167,2026-07-20,SCHEDULED,Miami Marlins,MIA,Houston Astros,HOU,0,0,Daikin Park,2026-07-21T00:10:00Z,2026-07-21T00:10:00Z
mlb-824328,824328,2026-07-20,SCHEDULED,Washington Nationals,WSH,Colorado Rockies,COL,0,0,Coors Field,2026-07-21T00:40:00Z,2026-07-21T00:40:00Z
mlb-823112,823112,2026-07-20,SCHEDULED,Cincinnati Reds,CIN,Seattle Mariners,SEA,0,0,T-Mobile Park,2026-07-21T01:40:00Z,2026-07-21T01:40:00Z
mlb-825058,825058,2026-07-20,SCHEDULED,Athletics,ATH,Arizona Diamondbacks,ARI,0,0,Chase Field,2026-07-21T01:40:00Z,2026-07-21T01:40:00Z
mlb-824006,824006,2026-07-20,SCHEDULED,St. Louis Cardinals,STL,Los Angeles Angels,LAA,0,0,Angel Stadium,2026-07-21T02:10:00Z,2026-07-21T02:10:00Z
mlb-823437,823437,2026-07-21,SCHEDULED,Los Angeles Dodgers,LAD,Philadelphia Phillies,PHI,0,0,Citizens Bank Park,2026-07-21T22:40:00Z,2026-07-21T22:40:00Z
mlb-824409,824409,2026-07-21,SCHEDULED,Minnesota Twins,MIN,Cleveland Guardians,CLE,0,0,Progressive Field,2026-07-21T22:40:00Z,2026-07-21T22:40:00Z
mlb-823519,823519,2026-07-21,SCHEDULED,Pittsburgh Pirates,PIT,New York Yankees,NYY,0,0,Yankee Stadium,2026-07-21T23:05:00Z,2026-07-21T23:05:00Z
mlb-822787,822787,2026-07-21,SCHEDULED,Tampa Bay Rays,TB,Toronto Blue Jays,TOR,0,0,Rogers Centre,2026-07-21T23:07:00Z,2026-07-21T23:07:00Z
mlb-824735,824735,2026-07-21,SCHEDULED,Baltimore Orioles,BAL,Boston Red Sox,BOS,0,0,Fenway Park,2026-07-21T23:10:00Z,2026-07-21T23:10:00Z
mlb-824895,824895,2026-07-21,SCHEDULED,San Diego Padres,SD,Atlanta Braves,ATL,0,0,Truist Park,2026-07-21T23:15:00Z,2026-07-21T23:15:00Z
mlb-823760,823760,2026-07-21,SCHEDULED,New York Mets,NYM,Milwaukee Brewers,MIL,0,0,American Family Field,2026-07-21T23:40:00Z,2026-07-21T23:40:00Z
mlb-824085,824085,2026-07-21,SCHEDULED,San Francisco Giants,SF,Kansas City Royals,KC,0,0,Kauffman Stadium,2026-07-21T23:40:00Z,2026-07-21T23:40:00Z
mlb-822871,822871,2026-07-21,SCHEDULED,Chicago White Sox,CWS,Texas Rangers,TEX,0,0,Globe Life Field,2026-07-22T00:05:00Z,2026-07-22T00:05:00Z
mlb-824652,824652,2026-07-21,SCHEDULED,Detroit Tigers,DET,Chicago Cubs,CHC,0,0,Wrigley Field,2026-07-22T00:05:00Z,2026-07-22T00:05:00Z
mlb-824165,824165,2026-07-21,SCHEDULED,Miami Marlins,MIA,Houston Astros,HOU,0,0,Daikin Park,2026-07-22T00:10:00Z,2026-07-22T00:10:00Z
mlb-824329,824329,2026-07-21,SCHEDULED,Washington Nationals,WSH,Colorado Rockies,COL,0,0,Coors Field,2026-07-22T00:40:00Z,2026-07-22T00:40:00Z
mlb-824005,824005,2026-07-21,SCHEDULED,St. Louis Cardinals,STL,Los Angeles Angels,LAA,0,0,Angel Stadium,2026-07-22T01:38:00Z,2026-07-22T01:38:00Z
mlb-823114,823114,2026-07-21,SCHEDULED,Cincinnati Reds,CIN,Seattle Mariners,SEA,0,0,T-Mobile Park,2026-07-22T01:40:00Z,2026-07-22T01:40:00Z
mlb-825056,825056,2026-07-21,SCHEDULED,Athletics,ATH,Arizona Diamondbacks,ARI,0,0,Chase Field,2026-07-22T01:40:00Z,2026-07-22T01:40:00Z
mlb-823518,823518,2026-07-22,SCHEDULED,Pittsburgh Pirates,PIT,New York Yankees,NYY,0,0,Yankee Stadium,2026-07-22T17:35:00Z,2026-07-22T17:35:00Z
mlb-823761,823761,2026-07-22,SCHEDULED,New York Mets,NYM,Milwaukee Brewers,MIL,0,0,American Family Field,2026-07-22T18:10:00Z,2026-07-22T18:10:00Z
mlb-824083,824083,2026-07-22,SCHEDULED,San Francisco Giants,SF,Kansas City Royals,KC,0,0,Kauffman Stadium,2026-07-22T18:10:00Z,2026-07-22T18:10:00Z
mlb-824327,824327,2026-07-22,SCHEDULED,Washington Nationals,WSH,Colorado Rockies,COL,0,0,Coors Field,2026-07-22T19:10:00Z,2026-07-22T19:10:00Z
mlb-823110,823110,2026-07-22,SCHEDULED,Cincinnati Reds,CIN,Seattle Mariners,SEA,0,0,T-Mobile Park,2026-07-22T19:40:00Z,2026-07-22T19:40:00Z
mlb-825055,825055,2026-07-22,SCHEDULED,Athletics,ATH,Arizona Diamondbacks,ARI,0,0,Chase Field,2026-07-22T19:40:00Z,2026-07-22T19:40:00Z
mlb-824004,824004,2026-07-22,SCHEDULED,St. Louis Cardinals,STL,Los Angeles Angels,LAA,0,0,Angel Stadium,2026-07-22T20:07:00Z,2026-07-22T20:07:00Z
mlb-823438,823438,2026-07-22,SCHEDULED,Los Angeles Dodgers,LAD,Philadelphia Phillies,PHI,0,0,Citizens Bank Park,2026-07-22T22:40:00Z,2026-07-22T22:40:00Z
mlb-824408,824408,2026-07-22,SCHEDULED,Minnesota Twins,MIN,Cleveland Guardians,CLE,0,0,Progressive Field,2026-07-22T22:40:00Z,2026-07-22T22:40:00Z
mlb-822784,822784,2026-07-22,SCHEDULED,Tampa Bay Rays,TB,Toronto Blue Jays,TOR,0,0,Rogers Centre,2026-07-22T23:07:00Z,2026-07-22T23:07:00Z
mlb-824732,824732,2026-07-22,SCHEDULED,Baltimore Orioles,BAL,Boston Red Sox,BOS,0,0,Fenway Park,2026-07-22T23:10:00Z,2026-07-22T23:10:00Z
mlb-824896,824896,2026-07-22,SCHEDULED,San Diego Padres,SD,Atlanta Braves,ATL,0,0,Truist Park,2026-07-22T23:15:00Z,2026-07-22T23:15:00Z
mlb-822873,822873,2026-07-22,SCHEDULED,Chicago White Sox,CWS,Texas Rangers,TEX,0,0,Globe Life Field,2026-07-23T00:05:00Z,2026-07-23T00:05:00Z
mlb-824650,824650,2026-07-22,SCHEDULED,Detroit Tigers,DET,Chicago Cubs,CHC,0,0,Wrigley Field,2026-07-23T00:05:00Z,2026-07-23T00:05:00Z
mlb-824166,824166,2026-07-22,SCHEDULED,Miami Marlins,MIA,Houston Astros,HOU,0,0,Daikin Park,2026-07-23T00:10:00Z,2026-07-23T00:10:00Z
mlb-824893,824893,2026-07-23,SCHEDULED,San Diego Padres,SD,Atlanta Braves,ATL,0,0,Truist Park,2026-07-23T16:15:00Z,2026-07-23T16:15:00Z
mlb-824406,824406,2026-07-23,SCHEDULED,Minnesota Twins,MIN,Cleveland Guardians,CLE,0,0,Progressive Field,2026-07-23T17:10:00Z,2026-07-23T17:10:00Z
mlb-822785,822785,2026-07-23,SCHEDULED,Tampa Bay Rays,TB,Toronto Blue Jays,TOR,0,0,Rogers Centre,2026-07-23T19:07:00Z,2026-07-23T19:07:00Z
mlb-824247,824247,2026-07-23,SCHEDULED,Kansas City Royals,KC,Detroit Tigers,DET,0,0,Comerica Park,2026-07-23T22:40:00Z,2026-07-23T22:40:00Z
mlb-823759,823759,2026-07-24,SCHEDULED,Colorado Rockies,COL,Milwaukee Brewers,MIL,0,0,American Family Field,2026-07-24T20:10:00Z,2026-07-24T20:10:00Z
mlb-823352,823352,2026-07-24,SCHEDULED,Chicago Cubs,CHC,Pittsburgh Pirates,PIT,0,0,PNC Park,2026-07-24T22:40:00Z,2026-07-24T22:40:00Z
mlb-823434,823434,2026-07-24,SCHEDULED,New York Yankees,NYY,Philadelphia Phillies,PHI,0,0,Citizens Bank Park,2026-07-24T22:40:00Z,2026-07-24T22:40:00Z
mlb-824248,824248,2026-07-24,SCHEDULED,Kansas City Royals,KC,Detroit Tigers,DET,0,0,Comerica Park,2026-07-24T22:40:00Z,2026-07-24T22:40:00Z
mlb-822707,822707,2026-07-24,SCHEDULED,Arizona Diamondbacks,ARI,Washington Nationals,WSH,0,0,Nationals Park,2026-07-24T22:45:00Z,2026-07-24T22:45:00Z
mlb-824812,824812,2026-07-24,SCHEDULED,Atlanta Braves,ATL,Baltimore Orioles,BAL,0,0,Oriole Park at Camden Yards,2026-07-24T23:05:00Z,2026-07-24T23:05:00Z
mlb-822952,822952,2026-07-24,SCHEDULED,Cleveland Guardians,CLE,Tampa Bay Rays,TB,0,0,Tropicana Field,2026-07-24T23:10:00Z,2026-07-24T23:10:00Z
mlb-823601,823601,2026-07-24,SCHEDULED,Los Angeles Dodgers,LAD,New York Mets,NYM,0,0,Citi Field,2026-07-24T23:10:00Z,2026-07-24T23:10:00Z
mlb-823843,823843,2026-07-24,SCHEDULED,San Diego Padres,SD,Miami Marlins,MIA,0,0,loanDepot park,2026-07-24T23:10:00Z,2026-07-24T23:10:00Z
mlb-824733,824733,2026-07-24,SCHEDULED,Toronto Blue Jays,TOR,Boston Red Sox,BOS,0,0,Fenway Park,2026-07-24T23:10:00Z,2026-07-24T23:10:00Z
mlb-824573,824573,2026-07-24,SCHEDULED,Houston Astros,HOU,Chicago White Sox,CWS,0,0,Rate Field,2026-07-24T23:40:00Z,2026-07-24T23:40:00Z
mlb-822872,822872,2026-07-24,SCHEDULED,Seattle Mariners,SEA,Texas Rangers,TEX,0,0,Globe Life Field,2026-07-25T00:05:00Z,2026-07-25T00:05:00Z
mlb-823680,823680,2026-07-24,SCHEDULED,Athletics,ATH,Minnesota Twins,MIN,0,0,Target Field,2026-07-25T00:10:00Z,2026-07-25T00:10:00Z
mlb-823031,823031,2026-07-24,SCHEDULED,Cincinnati Reds,CIN,St. Louis Cardinals,STL,0,0,Busch Stadium,2026-07-25T00:15:00Z,2026-07-25T00:15:00Z
mlb-823196,823196,2026-07-24,SCHEDULED,Los Angeles Angels,LAA,San Francisco Giants,SF,0,0,Oracle Park,2026-07-25T02:15:00Z,2026-07-25T02:15:00Z
mlb-824244,824244,2026-07-25,SCHEDULED,Kansas City Royals,KC,Detroit Tigers,DET,0,0,Comerica Park,2026-07-25T17:10:00Z,2026-07-25T17:10:00Z
mlb-822704,822704,2026-07-25,SCHEDULED,Arizona Diamondbacks,ARI,Washington Nationals,WSH,0,0,Nationals Park,2026-07-25T20:05:00Z,2026-07-25T20:05:00Z
mlb-823197,823197,2026-07-25,SCHEDULED,Los Angeles Angels,LAA,San Francisco Giants,SF,0,0,Oracle Park,2026-07-25T20:05:00Z,2026-07-25T20:05:00Z
mlb-823841,823841,2026-07-25,SCHEDULED,San Diego Padres,SD,Miami Marlins,MIA,0,0,loanDepot park,2026-07-25T20:10:00Z,2026-07-25T20:10:00Z
mlb-824734,824734,2026-07-25,SCHEDULED,Toronto Blue Jays,TOR,Boston Red Sox,BOS,0,0,Fenway Park,2026-07-25T20:10:00Z,2026-07-25T20:10:00Z
mlb-823435,823435,2026-07-25,SCHEDULED,New York Yankees,NYY,Philadelphia Phillies,PHI,0,0,Citizens Bank Park,2026-07-25T22:05:00Z,2026-07-25T22:05:00Z
mlb-822948,822948,2026-07-25,SCHEDULED,Cleveland Guardians,CLE,Tampa Bay Rays,TB,0,0,Tropicana Field,2026-07-25T22:10:00Z,2026-07-25T22:10:00Z
mlb-823355,823355,2026-07-25,SCHEDULED,Chicago Cubs,CHC,Pittsburgh Pirates,PIT,0,0,PNC Park,2026-07-25T22:40:00Z,2026-07-25T22:40:00Z
mlb-824811,824811,2026-07-25,SCHEDULED,Atlanta Braves,ATL,Baltimore Orioles,BAL,0,0,Oriole Park at Camden Yards,2026-07-25T23:05:00Z,2026-07-25T23:05:00Z
mlb-823679,823679,2026-07-25,SCHEDULED,Athletics,ATH,Minnesota Twins,MIN,0,0,Target Field,2026-07-25T23:10:00Z,2026-07-25T23:10:00Z
mlb-823758,823758,2026-07-25,SCHEDULED,Colorado Rockies,COL,Milwaukee Brewers,MIL,0,0,American Family Field,2026-07-25T23:10:00Z,2026-07-25T23:10:00Z
mlb-824571,824571,2026-07-25,SCHEDULED,Houston Astros,HOU,Chicago White Sox,CWS,0,0,Rate Field,2026-07-25T23:10:00Z,2026-07-25T23:10:00Z
mlb-822869,822869,2026-07-25,SCHEDULED,Seattle Mariners,SEA,Texas Rangers,TEX,0,0,Globe Life Field,2026-07-25T23:15:00Z,2026-07-25T23:15:00Z
mlb-823027,823027,2026-07-25,SCHEDULED,Cincinnati Reds,CIN,St. Louis Cardinals,STL,0,0,Busch Stadium,2026-07-25T23:15:00Z,2026-07-25T23:15:00Z
mlb-823600,823600,2026-07-25,SCHEDULED,Los Angeles Dodgers,LAD,New York Mets,NYM,0,0,Citi Field,2026-07-25T23:15:00Z,2026-07-25T23:15:00Z
mlb-822950,822950,2026-07-26,SCHEDULED,Cleveland Guardians,CLE,Tampa Bay Rays,TB,0,0,Tropicana Field,2026-07-26T16:15:00Z,2026-07-26T16:15:00Z
mlb-822706,822706,2026-07-26,SCHEDULED,Arizona Diamondbacks,ARI,Washington Nationals,WSH,0,0,Nationals Park,2026-07-26T17:35:00Z,2026-07-26T17:35:00Z
mlb-823354,823354,2026-07-26,SCHEDULED,Chicago Cubs,CHC,Pittsburgh Pirates,PIT,0,0,PNC Park,2026-07-26T17:35:00Z,2026-07-26T17:35:00Z
mlb-824730,824730,2026-07-26,SCHEDULED,Toronto Blue Jays,TOR,Boston Red Sox,BOS,0,0,Fenway Park,2026-07-26T17:35:00Z,2026-07-26T17:35:00Z
mlb-824810,824810,2026-07-26,SCHEDULED,Atlanta Braves,ATL,Baltimore Orioles,BAL,0,0,Oriole Park at Camden Yards,2026-07-26T17:35:00Z,2026-07-26T17:35:00Z
mlb-823599,823599,2026-07-26,SCHEDULED,Los Angeles Dodgers,LAD,New York Mets,NYM,0,0,Citi Field,2026-07-26T17:40:00Z,2026-07-26T17:40:00Z
mlb-823840,823840,2026-07-26,SCHEDULED,San Diego Padres,SD,Miami Marlins,MIA,0,0,loanDepot park,2026-07-26T17:40:00Z,2026-07-26T17:40:00Z
mlb-824246,824246,2026-07-26,SCHEDULED,Kansas City Royals,KC,Detroit Tigers,DET,0,0,Comerica Park,2026-07-26T17:40:00Z,2026-07-26T17:40:00Z
mlb-823678,823678,2026-07-26,SCHEDULED,Athletics,ATH,Minnesota Twins,MIN,0,0,Target Field,2026-07-26T18:10:00Z,2026-07-26T18:10:00Z
mlb-823755,823755,2026-07-26,SCHEDULED,Colorado Rockies,COL,Milwaukee Brewers,MIL,0,0,American Family Field,2026-07-26T18:10:00Z,2026-07-26T18:10:00Z
mlb-824572,824572,2026-07-26,SCHEDULED,Houston Astros,HOU,Chicago White Sox,CWS,0,0,Rate Field,2026-07-26T18:10:00Z,2026-07-26T18:10:00Z
mlb-823028,823028,2026-07-26,SCHEDULED,Cincinnati Reds,CIN,St. Louis Cardinals,STL,0,0,Busch Stadium,2026-07-26T18:15:00Z,2026-07-26T18:15:00Z
mlb-822870,822870,2026-07-26,SCHEDULED,Seattle Mariners,SEA,Texas Rangers,TEX,0,0,Globe Life Field,2026-07-26T18:35:00Z,2026-07-26T18:35:00Z
mlb-823194,823194,2026-07-26,SCHEDULED,Los Angeles Angels,LAA,San Francisco Giants,SF,0,0,Oracle Park,2026-07-26T20:05:00Z,2026-07-26T20:05:00Z
mlb-823433,823433,2026-07-26,SCHEDULED,New York Yankees,NYY,Philadelphia Phillies,PHI,0,0,Citizens Bank Park,2026-07-26T23:20:00Z,2026-07-26T23:20:00Z
mlb-822868,822868,2026-07-27,SCHEDULED,Seattle Mariners,SEA,Texas Rangers,TEX,0,0,Globe Life Field,2026-07-27T18:35:00Z,2026-07-27T18:35:00Z
mlb-823353,823353,2026-07-27,SCHEDULED,Arizona Diamondbacks,ARI,Pittsburgh Pirates,PIT,0,0,PNC Park,2026-07-27T22:40:00Z,2026-07-27T22:40:00Z
mlb-823839,823839,2026-07-27,SCHEDULED,Philadelphia Phillies,PHI,Miami Marlins,MIA,0,0,loanDepot park,2026-07-27T22:40:00Z,2026-07-27T22:40:00Z
mlb-824245,824245,2026-07-27,SCHEDULED,Baltimore Orioles,BAL,Detroit Tigers,DET,0,0,Comerica Park,2026-07-27T22:40:00Z,2026-07-27T22:40:00Z
mlb-822705,822705,2026-07-27,SCHEDULED,Toronto Blue Jays,TOR,Washington Nationals,WSH,0,0,Nationals Park,2026-07-27T22:45:00Z,2026-07-27T22:45:00Z
mlb-823597,823597,2026-07-27,SCHEDULED,Atlanta Braves,ATL,New York Mets,NYM,0,0,Citi Field,2026-07-27T23:10:00Z,2026-07-27T23:10:00Z
mlb-824490,824490,2026-07-27,SCHEDULED,Cleveland Guardians,CLE,Cincinnati Reds,CIN,0,0,Great American Ball Park,2026-07-27T23:10:00Z,2026-07-27T23:10:00Z
mlb-824570,824570,2026-07-27,SCHEDULED,New York Yankees,NYY,Chicago White Sox,CWS,0,0,Rate Field,2026-07-27T23:40:00Z,2026-07-27T23:40:00Z
mlb-823025,823025,2026-07-27,SCHEDULED,Chicago Cubs,CHC,St. Louis Cardinals,STL,0,0,Busch Stadium,2026-07-27T23:45:00Z,2026-07-27T23:45:00Z
mlb-824001,824001,2026-07-27,SCHEDULED,Houston Astros,HOU,Los Angeles Angels,LAA,0,0,Angel Stadium,2026-07-28T01:38:00Z,2026-07-28T01:38:00Z
mlb-824977,824977,2026-07-27,SCHEDULED,Boston Red Sox,BOS,Athletics,ATH,0,0,Sutter Health Park,2026-07-28T01:40:00Z,2026-07-28T01:40:00Z
mlb-823195,823195,2026-07-27,SCHEDULED,Milwaukee Brewers,MIL,San Francisco Giants,SF,0,0,Oracle Park,2026-07-28T01:45:00Z,2026-07-28T01:45:00Z
mlb-822949,822949,2026-07-28,SCHEDULED,Texas Rangers,TEX,Tampa Bay Rays,TB,0,0,Tropicana Field,2026-07-28T22:40:00Z,2026-07-28T22:40:00Z
mlb-823350,823350,2026-07-28,SCHEDULED,Arizona Diamondbacks,ARI,Pittsburgh Pirates,PIT,0,0,PNC Park,2026-07-28T22:40:00Z,2026-07-28T22:40:00Z
mlb-823838,823838,2026-07-28,SCHEDULED,Philadelphia Phillies,PHI,Miami Marlins,MIA,0,0,loanDepot park,2026-07-28T22:40:00Z,2026-07-28T22:40:00Z
mlb-824243,824243,2026-07-28,SCHEDULED,Baltimore Orioles,BAL,Detroit Tigers,DET,0,0,Comerica Park,2026-07-28T22:40:00Z,2026-07-28T22:40:00Z
mlb-822703,822703,2026-07-28,SCHEDULED,Toronto Blue Jays,TOR,Washington Nationals,WSH,0,0,Nationals Park,2026-07-28T22:45:00Z,2026-07-28T22:45:00Z
mlb-823598,823598,2026-07-28,SCHEDULED,Atlanta Braves,ATL,New York Mets,NYM,0,0,Citi Field,2026-07-28T23:10:00Z,2026-07-28T23:10:00Z
mlb-824489,824489,2026-07-28,SCHEDULED,Cleveland Guardians,CLE,Cincinnati Reds,CIN,0,0,Great American Ball Park,2026-07-28T23:10:00Z,2026-07-28T23:10:00Z
mlb-823676,823676,2026-07-28,SCHEDULED,Kansas City Royals,KC,Minnesota Twins,MIN,0,0,Target Field,2026-07-28T23:40:00Z,2026-07-28T23:40:00Z
mlb-824569,824569,2026-07-28,SCHEDULED,New York Yankees,NYY,Chicago White Sox,CWS,0,0,Rate Field,2026-07-28T23:40:00Z,2026-07-28T23:40:00Z
mlb-823026,823026,2026-07-28,SCHEDULED,Chicago Cubs,CHC,St. Louis Cardinals,STL,0,0,Busch Stadium,2026-07-28T23:45:00Z,2026-07-28T23:45:00Z
mlb-824003,824003,2026-07-28,SCHEDULED,Houston Astros,HOU,Los Angeles Angels,LAA,0,0,Angel Stadium,2026-07-29T01:38:00Z,2026-07-29T01:38:00Z
mlb-823275,823275,2026-07-28,SCHEDULED,Colorado Rockies,COL,San Diego Padres,SD,0,0,Petco Park,2026-07-29T01:40:00Z,2026-07-29T01:40:00Z
mlb-824976,824976,2026-07-28,SCHEDULED,Boston Red Sox,BOS,Athletics,ATH,0,0,Sutter Health Park,2026-07-29T01:40:00Z,2026-07-29T01:40:00Z
mlb-823193,823193,2026-07-28,SCHEDULED,Milwaukee Brewers,MIL,San Francisco Giants,SF,0,0,Oracle Park,2026-07-29T01:45:00Z,2026-07-29T01:45:00Z
mlb-823923,823923,2026-07-28,SCHEDULED,Seattle Mariners,SEA,Los Angeles Dodgers,LAD,0,0,UNIQLO Field at Dodger Stadium,2026-07-29T02:10:00Z,2026-07-29T02:10:00Z
mlb-823837,823837,2026-07-29,SCHEDULED,Philadelphia Phillies,PHI,Miami Marlins,MIA,0,0,loanDepot park,2026-07-29T16:10:00Z,2026-07-29T16:10:00Z
mlb-823351,823351,2026-07-29,SCHEDULED,Arizona Diamondbacks,ARI,Pittsburgh Pirates,PIT,0,0,PNC Park,2026-07-29T16:35:00Z,2026-07-29T16:35:00Z
mlb-822702,822702,2026-07-29,SCHEDULED,Toronto Blue Jays,TOR,Washington Nationals,WSH,0,0,Nationals Park,2026-07-29T17:05:00Z,2026-07-29T17:05:00Z
mlb-823596,823596,2026-07-29,SCHEDULED,Atlanta Braves,ATL,New York Mets,NYM,0,0,Citi Field,2026-07-29T17:10:00Z,2026-07-29T17:10:00Z
mlb-824242,824242,2026-07-29,SCHEDULED,Baltimore Orioles,BAL,Detroit Tigers,DET,0,0,Comerica Park,2026-07-29T17:10:00Z,2026-07-29T17:10:00Z
mlb-823192,823192,2026-07-29,SCHEDULED,Milwaukee Brewers,MIL,San Francisco Giants,SF,0,0,Oracle Park,2026-07-29T19:45:00Z,2026-07-29T19:45:00Z
mlb-823273,823273,2026-07-29,SCHEDULED,Colorado Rockies,COL,San Diego Padres,SD,0,0,Petco Park,2026-07-29T20:10:00Z,2026-07-29T20:10:00Z
mlb-822947,822947,2026-07-29,SCHEDULED,Texas Rangers,TEX,Tampa Bay Rays,TB,0,0,Tropicana Field,2026-07-29T22:40:00Z,2026-07-29T22:40:00Z
mlb-824487,824487,2026-07-29,SCHEDULED,Cleveland Guardians,CLE,Cincinnati Reds,CIN,0,0,Great American Ball Park,2026-07-29T23:10:00Z,2026-07-29T23:10:00Z
mlb-823677,823677,2026-07-29,SCHEDULED,Kansas City Royals,KC,Minnesota Twins,MIN,0,0,Target Field,2026-07-29T23:40:00Z,2026-07-29T23:40:00Z
mlb-824567,824567,2026-07-29,SCHEDULED,New York Yankees,NYY,Chicago White Sox,CWS,0,0,Rate Field,2026-07-29T23:40:00Z,2026-07-29T23:40:00Z
mlb-823022,823022,2026-07-29,SCHEDULED,Chicago Cubs,CHC,St. Louis Cardinals,STL,0,0,Busch Stadium,2026-07-29T23:45:00Z,2026-07-29T23:45:00Z
mlb-824002,824002,2026-07-29,SCHEDULED,Houston Astros,HOU,Los Angeles Angels,LAA,0,0,Angel Stadium,2026-07-30T01:38:00Z,2026-07-30T01:38:00Z
mlb-824973,824973,2026-07-29,SCHEDULED,Boston Red Sox,BOS,Athletics,ATH,0,0,Sutter Health Park,2026-07-30T01:40:00Z,2026-07-30T01:40:00Z
mlb-823924,823924,2026-07-29,SCHEDULED,Seattle Mariners,SEA,Los Angeles Dodgers,LAD,0,0,UNIQLO Field at Dodger Stadium,2026-07-30T02:10:00Z,2026-07-30T02:10:00Z
mlb-822946,822946,2026-07-30,SCHEDULED,Texas Rangers,TEX,Tampa Bay Rays,TB,0,0,Tropicana Field,2026-07-30T16:10:00Z,2026-07-30T16:10:00Z
mlb-823674,823674,2026-07-30,SCHEDULED,Kansas City Royals,KC,Minnesota Twins,MIN,0,0,Target Field,2026-07-30T17:40:00Z,2026-07-30T17:40:00Z
mlb-824568,824568,2026-07-30,SCHEDULED,New York Yankees,NYY,Chicago White Sox,CWS,0,0,Rate Field,2026-07-30T18:10:00Z,2026-07-30T18:10:00Z
mlb-823023,823023,2026-07-30,SCHEDULED,Chicago Cubs,CHC,St. Louis Cardinals,STL,0,0,Busch Stadium,2026-07-30T18:15:00Z,2026-07-30T18:15:00Z
mlb-823595,823595,2026-07-30,SCHEDULED,Miami Marlins,MIA,New York Mets,NYM,0,0,Citi Field,2026-07-30T23:10:00Z,2026-07-30T23:10:00Z
mlb-824488,824488,2026-07-30,SCHEDULED,Pittsburgh Pirates,PIT,Cincinnati Reds,CIN,0,0,Great American Ball Park,2026-07-30T23:10:00Z,2026-07-30T23:10:00Z
mlb-824894,824894,2026-07-30,SCHEDULED,Washington Nationals,WSH,Atlanta Braves,ATL,0,0,Truist Park,2026-07-30T23:15:00Z,2026-07-30T23:15:00Z
mlb-823271,823271,2026-07-30,SCHEDULED,San Francisco Giants,SF,San Diego Padres,SD,0,0,Petco Park,2026-07-31T01:40:00Z,2026-07-31T01:40:00Z
mlb-824974,824974,2026-07-30,SCHEDULED,Boston Red Sox,BOS,Athletics,ATH,0,0,Sutter Health Park,2026-07-31T01:40:00Z,2026-07-31T01:40:00Z
mlb-823921,823921,2026-07-30,SCHEDULED,Seattle Mariners,SEA,Los Angeles Dodgers,LAD,0,0,UNIQLO Field at Dodger Stadium,2026-07-31T02:10:00Z,2026-07-31T02:10:00Z
mlb-824651,824651,2026-07-31,SCHEDULED,New York Yankees,NYY,Chicago Cubs,CHC,0,0,Wrigley Field,2026-07-31T18:20:00Z,2026-07-31T18:20:00Z
mlb-824486,824486,2026-07-31,SCHEDULED,Pittsburgh Pirates,PIT,Cincinnati Reds,CIN,0,0,Great American Ball Park,2026-07-31T22:10:00Z,2026-07-31T22:10:00Z
mlb-824809,824809,2026-07-31,SCHEDULED,Philadelphia Phillies,PHI,Baltimore Orioles,BAL,0,0,Oriole Park at Camden Yards,2026-07-31T23:05:00Z,2026-07-31T23:05:00Z
mlb-822782,822782,2026-07-31,SCHEDULED,St. Louis Cardinals,STL,Toronto Blue Jays,TOR,0,0,Rogers Centre,2026-07-31T23:07:00Z,2026-07-31T23:07:00Z
mlb-822945,822945,2026-07-31,SCHEDULED,Chicago White Sox,CWS,Tampa Bay Rays,TB,0,0,Tropicana Field,2026-07-31T23:10:00Z,2026-07-31T23:10:00Z
mlb-823593,823593,2026-07-31,SCHEDULED,Miami Marlins,MIA,New York Mets,NYM,0,0,Citi Field,2026-07-31T23:10:00Z,2026-07-31T23:10:00Z
mlb-824407,824407,2026-07-31,SCHEDULED,Arizona Diamondbacks,ARI,Cleveland Guardians,CLE,0,0,Progressive Field,2026-07-31T23:10:00Z,2026-07-31T23:10:00Z
mlb-824892,824892,2026-07-31,SCHEDULED,Washington Nationals,WSH,Atlanta Braves,ATL,0,0,Truist Park,2026-07-31T23:15:00Z,2026-07-31T23:15:00Z
mlb-824164,824164,2026-07-31,SCHEDULED,Texas Rangers,TEX,Houston Astros,HOU,0,0,Daikin Park,2026-08-01T00:10:00Z,2026-08-01T00:10:00Z
mlb-824325,824325,2026-07-31,SCHEDULED,Kansas City Royals,KC,Colorado Rockies,COL,0,0,Coors Field,2026-08-01T00:40:00Z,2026-08-01T00:40:00Z
mlb-823999,823999,2026-07-31,SCHEDULED,Milwaukee Brewers,MIL,Los Angeles Angels,LAA,0,0,Angel Stadium,2026-08-01T01:38:00Z,2026-08-01T01:38:00Z
mlb-823272,823272,2026-07-31,SCHEDULED,San Francisco Giants,SF,San Diego Padres,SD,0,0,Petco Park,2026-08-01T01:40:00Z,2026-08-01T01:40:00Z
mlb-824975,824975,2026-07-31,SCHEDULED,Detroit Tigers,DET,Athletics,ATH,0,0,Sutter Health Park,2026-08-01T01:40:00Z,2026-08-01T01:40:00Z
mlb-823111,823111,2026-07-31,SCHEDULED,Minnesota Twins,MIN,Seattle Mariners,SEA,0,0,T-Mobile Park,2026-08-01T02:10:00Z,2026-08-01T02:10:00Z
mlb-823922,823922,2026-07-31,SCHEDULED,Boston Red Sox,BOS,Los Angeles Dodgers,LAD,0,0,UNIQLO Field at Dodger Stadium,2026-08-01T02:10:00Z,2026-08-01T02:10:00Z
mlb-822781,822781,2026-08-01,SCHEDULED,St. Louis Cardinals,STL,Toronto Blue Jays,TOR,0,0,Rogers Centre,2026-08-01T19:07:00Z,2026-08-01T19:07:00Z
mlb-822944,822944,2026-08-01,SCHEDULED,Chicago White Sox,CWS,Tampa Bay Rays,TB,0,0,Tropicana Field,2026-08-01T20:10:00Z,2026-08-01T20:10:00Z
mlb-823109,823109,2026-08-01,SCHEDULED,Minnesota Twins,MIN,Seattle Mariners,SEA,0,0,T-Mobile Park,2026-08-01T20:10:00Z,2026-08-01T20:10:00Z
mlb-823594,823594,2026-08-01,SCHEDULED,Miami Marlins,MIA,New York Mets,NYM,0,0,Citi Field,2026-08-01T20:10:00Z,2026-08-01T20:10:00Z
mlb-824485,824485,2026-08-01,SCHEDULED,Pittsburgh Pirates,PIT,Cincinnati Reds,CIN,0,0,Great American Ball Park,2026-08-01T22:40:00Z,2026-08-01T22:40:00Z
mlb-824808,824808,2026-08-01,SCHEDULED,Philadelphia Phillies,PHI,Baltimore Orioles,BAL,0,0,Oriole Park at Camden Yards,2026-08-01T23:05:00Z,2026-08-01T23:05:00Z
mlb-824162,824162,2026-08-01,SCHEDULED,Texas Rangers,TEX,Houston Astros,HOU,0,0,Daikin Park,2026-08-01T23:10:00Z,2026-08-01T23:10:00Z
mlb-824405,824405,2026-08-01,SCHEDULED,Arizona Diamondbacks,ARI,Cleveland Guardians,CLE,0,0,Progressive Field,2026-08-01T23:15:00Z,2026-08-01T23:15:00Z
mlb-824649,824649,2026-08-01,SCHEDULED,New York Yankees,NYY,Chicago Cubs,CHC,0,0,Wrigley Field,2026-08-01T23:15:00Z,2026-08-01T23:15:00Z
mlb-824890,824890,2026-08-01,SCHEDULED,Washington Nationals,WSH,Atlanta Braves,ATL,0,0,Truist Park,2026-08-01T23:15:00Z,2026-08-01T23:15:00Z
mlb-824326,824326,2026-08-01,SCHEDULED,Kansas City Royals,KC,Colorado Rockies,COL,0,0,Coors Field,2026-08-02T00:10:00Z,2026-08-02T00:10:00Z
mlb-823269,823269,2026-08-01,SCHEDULED,San Francisco Giants,SF,San Diego Padres,SD,0,0,Petco Park,2026-08-02T00:40:00Z,2026-08-02T00:40:00Z
mlb-823920,823920,2026-08-01,SCHEDULED,Boston Red Sox,BOS,Los Angeles Dodgers,LAD,0,0,UNIQLO Field at Dodger Stadium,2026-08-02T01:10:00Z,2026-08-02T01:10:00Z
mlb-824000,824000,2026-08-01,SCHEDULED,Milwaukee Brewers,MIL,Los Angeles Angels,LAA,0,0,Angel Stadium,2026-08-02T01:38:00Z,2026-08-02T01:38:00Z
mlb-824972,824972,2026-08-01,SCHEDULED,Detroit Tigers,DET,Athletics,ATH,0,0,Sutter Health Park,2026-08-02T01:40:00Z,2026-08-02T01:40:00Z
mlb-824807,824807,2026-08-02,SCHEDULED,Philadelphia Phillies,PHI,Baltimore Orioles,BAL,0,0,Oriole Park at Camden Yards,2026-08-02T17:35:00Z,2026-08-02T17:35:00Z
mlb-824891,824891,2026-08-02,SCHEDULED,Washington Nationals,WSH,Atlanta Braves,ATL,0,0,Truist Park,2026-08-02T17:35:00Z,2026-08-02T17:35:00Z
mlb-822783,822783,2026-08-02,SCHEDULED,St. Louis Cardinals,STL,Toronto Blue Jays,TOR,0,0,Rogers Centre,2026-08-02T17:37:00Z,2026-08-02T17:37:00Z
mlb-822943,822943,2026-08-02,SCHEDULED,Chicago White Sox,CWS,Tampa Bay Rays,TB,0,0,Tropicana Field,2026-08-02T17:40:00Z,2026-08-02T17:40:00Z
mlb-823592,823592,2026-08-02,SCHEDULED,Miami Marlins,MIA,New York Mets,NYM,0,0,Citi Field,2026-08-02T17:40:00Z,2026-08-02T17:40:00Z
mlb-824404,824404,2026-08-02,SCHEDULED,Arizona Diamondbacks,ARI,Cleveland Guardians,CLE,0,0,Progressive Field,2026-08-02T17:40:00Z,2026-08-02T17:40:00Z
mlb-824483,824483,2026-08-02,SCHEDULED,Pittsburgh Pirates,PIT,Cincinnati Reds,CIN,0,0,Great American Ball Park,2026-08-02T17:40:00Z,2026-08-02T17:40:00Z
mlb-824163,824163,2026-08-02,SCHEDULED,Texas Rangers,TEX,Houston Astros,HOU,0,0,Daikin Park,2026-08-02T18:10:00Z,2026-08-02T18:10:00Z
mlb-824648,824648,2026-08-02,SCHEDULED,New York Yankees,NYY,Chicago Cubs,CHC,0,0,Wrigley Field,2026-08-02T18:20:00Z,2026-08-02T18:20:00Z
mlb-824323,824323,2026-08-02,SCHEDULED,Kansas City Royals,KC,Colorado Rockies,COL,0,0,Coors Field,2026-08-02T19:10:00Z,2026-08-02T19:10:00Z
mlb-823996,823996,2026-08-02,SCHEDULED,Milwaukee Brewers,MIL,Los Angeles Angels,LAA,0,0,Angel Stadium,2026-08-02T19:15:00Z,2026-08-02T19:15:00Z
mlb-824971,824971,2026-08-02,SCHEDULED,Detroit Tigers,DET,Athletics,ATH,0,0,Sutter Health Park,2026-08-02T20:05:00Z,2026-08-02T20:05:00Z
mlb-823107,823107,2026-08-02,SCHEDULED,Minnesota Twins,MIN,Seattle Mariners,SEA,0,0,T-Mobile Park,2026-08-02T20:10:00Z,2026-08-02T20:10:00Z
mlb-823270,823270,2026-08-02,SCHEDULED,San Francisco Giants,SF,San Diego Padres,SD,0,0,Petco Park,2026-08-02T20:10:00Z,2026-08-02T20:10:00Z
mlb-823919,823919,2026-08-02,SCHEDULED,Boston Red Sox,BOS,Los Angeles Dodgers,LAD,0,0,UNIQLO Field at Dodger Stadium,2026-08-02T23:20:00Z,2026-08-02T23:20:00Z
mlb-823431,823431,2026-08-03,SCHEDULED,Washington Nationals,WSH,Philadelphia Phillies,PHI,0,0,Citizens Bank Park,2026-08-03T22:40:00Z,2026-08-03T22:40:00Z
mlb-823520,823520,2026-08-03,SCHEDULED,St. Louis Cardinals,STL,New York Yankees,NYY,0,0,Yankee Stadium,2026-08-03T23:05:00Z,2026-08-03T23:05:00Z
mlb-823757,823757,2026-08-03,SCHEDULED,Pittsburgh Pirates,PIT,Milwaukee Brewers,MIL,0,0,American Family Field,2026-08-03T23:40:00Z,2026-08-03T23:40:00Z
mlb-822867,822867,2026-08-03,SCHEDULED,San Francisco Giants,SF,Texas Rangers,TEX,0,0,Globe Life Field,2026-08-04T00:05:00Z,2026-08-04T00:05:00Z
mlb-824647,824647,2026-08-03,SCHEDULED,Los Angeles Dodgers,LAD,Chicago Cubs,CHC,0,0,Wrigley Field,2026-08-04T00:05:00Z,2026-08-04T00:05:00Z
mlb-824160,824160,2026-08-03,SCHEDULED,Toronto Blue Jays,TOR,Houston Astros,HOU,0,0,Daikin Park,2026-08-04T00:10:00Z,2026-08-04T00:10:00Z
mlb-824324,824324,2026-08-03,SCHEDULED,Tampa Bay Rays,TB,Colorado Rockies,COL,0,0,Coors Field,2026-08-04T00:40:00Z,2026-08-04T00:40:00Z
mlb-825095,825095,2026-08-03,SCHEDULED,San Diego Padres,SD,Arizona Diamondbacks,ARI,0,0,Chase Field,2026-08-04T01:40:00Z,2026-08-04T01:40:00Z
mlb-824805,824805,2026-08-04,SCHEDULED,Los Angeles Angels,LAA,Baltimore Orioles,BAL,0,0,Oriole Park at Camden Yards,2026-08-04T22:35:00Z,2026-08-04T22:35:00Z
mlb-823432,823432,2026-08-04,SCHEDULED,Washington Nationals,WSH,Philadelphia Phillies,PHI,0,0,Citizens Bank Park,2026-08-04T22:40:00Z,2026-08-04T22:40:00Z
mlb-824403,824403,2026-08-04,SCHEDULED,New York Mets,NYM,Cleveland Guardians,CLE,0,0,Progressive Field,2026-08-04T22:40:00Z,2026-08-04T22:40:00Z
mlb-824484,824484,2026-08-04,SCHEDULED,Athletics,ATH,Cincinnati Reds,CIN,0,0,Great American Ball Park,2026-08-04T22:40:00Z,2026-08-04T22:40:00Z
mlb-823517,823517,2026-08-04,SCHEDULED,St. Louis Cardinals,STL,New York Yankees,NYY,0,0,Yankee Stadium,2026-08-04T23:05:00Z,2026-08-04T23:05:00Z
mlb-824731,824731,2026-08-04,SCHEDULED,Chicago White Sox,CWS,Boston Red Sox,BOS,0,0,Fenway Park,2026-08-04T23:10:00Z,2026-08-04T23:10:00Z
mlb-824888,824888,2026-08-04,SCHEDULED,Miami Marlins,MIA,Atlanta Braves,ATL,0,0,Truist Park,2026-08-04T23:15:00Z,2026-08-04T23:15:00Z
mlb-823756,823756,2026-08-04,SCHEDULED,Pittsburgh Pirates,PIT,Milwaukee Brewers,MIL,0,0,American Family Field,2026-08-04T23:40:00Z,2026-08-04T23:40:00Z
mlb-824084,824084,2026-08-04,SCHEDULED,Minnesota Twins,MIN,Kansas City Royals,KC,0,0,Kauffman Stadium,2026-08-04T23:40:00Z,2026-08-04T23:40:00Z
mlb-822865,822865,2026-08-04,SCHEDULED,San Francisco Giants,SF,Texas Rangers,TEX,0,0,Globe Life Field,2026-08-05T00:05:00Z,2026-08-05T00:05:00Z
mlb-824645,824645,2026-08-04,SCHEDULED,Los Angeles Dodgers,LAD,Chicago Cubs,CHC,0,0,Wrigley Field,2026-08-05T00:05:00Z,2026-08-05T00:05:00Z
mlb-824161,824161,2026-08-04,SCHEDULED,Toronto Blue Jays,TOR,Houston Astros,HOU,0,0,Daikin Park,2026-08-05T00:10:00Z,2026-08-05T00:10:00Z
mlb-824321,824321,2026-08-04,SCHEDULED,Tampa Bay Rays,TB,Colorado Rockies,COL,0,0,Coors Field,2026-08-05T00:40:00Z,2026-08-05T00:40:00Z
mlb-823108,823108,2026-08-04,SCHEDULED,Detroit Tigers,DET,Seattle Mariners,SEA,0,0,T-Mobile Park,2026-08-05T01:40:00Z,2026-08-05T01:40:00Z
mlb-825054,825054,2026-08-04,SCHEDULED,San Diego Padres,SD,Arizona Diamondbacks,ARI,0,0,Chase Field,2026-08-05T01:40:00Z,2026-08-05T01:40:00Z
mlb-824158,824158,2026-08-05,SCHEDULED,Toronto Blue Jays,TOR,Houston Astros,HOU,0,0,Daikin Park,2026-08-05T18:10:00Z,2026-08-05T18:10:00Z
mlb-824646,824646,2026-08-05,SCHEDULED,Los Angeles Dodgers,LAD,Chicago Cubs,CHC,0,0,Wrigley Field,2026-08-05T18:20:00Z,2026-08-05T18:20:00Z
mlb-822866,822866,2026-08-05,SCHEDULED,San Francisco Giants,SF,Texas Rangers,TEX,0,0,Globe Life Field,2026-08-05T18:35:00Z,2026-08-05T18:35:00Z
mlb-824322,824322,2026-08-05,SCHEDULED,Tampa Bay Rays,TB,Colorado Rockies,COL,0,0,Coors Field,2026-08-05T19:10:00Z,2026-08-05T19:10:00Z
mlb-824806,824806,2026-08-05,SCHEDULED,Los Angeles Angels,LAA,Baltimore Orioles,BAL,0,0,Oriole Park at Camden Yards,2026-08-05T22:35:00Z,2026-08-05T22:35:00Z
mlb-823429,823429,2026-08-05,SCHEDULED,Washington Nationals,WSH,Philadelphia Phillies,PHI,0,0,Citizens Bank Park,2026-08-05T22:40:00Z,2026-08-05T22:40:00Z
mlb-824402,824402,2026-08-05,SCHEDULED,New York Mets,NYM,Cleveland Guardians,CLE,0,0,Progressive Field,2026-08-05T22:40:00Z,2026-08-05T22:40:00Z
mlb-824482,824482,2026-08-05,SCHEDULED,Athletics,ATH,Cincinnati Reds,CIN,0,0,Great American Ball Park,2026-08-05T22:40:00Z,2026-08-05T22:40:00Z
mlb-823516,823516,2026-08-05,SCHEDULED,St. Louis Cardinals,STL,New York Yankees,NYY,0,0,Yankee Stadium,2026-08-05T23:05:00Z,2026-08-05T23:05:00Z
mlb-824728,824728,2026-08-05,SCHEDULED,Chicago White Sox,CWS,Boston Red Sox,BOS,0,0,Fenway Park,2026-08-05T23:10:00Z,2026-08-05T23:10:00Z
mlb-824889,824889,2026-08-05,SCHEDULED,Miami Marlins,MIA,Atlanta Braves,ATL,0,0,Truist Park,2026-08-05T23:15:00Z,2026-08-05T23:15:00Z
mlb-823753,823753,2026-08-05,SCHEDULED,Pittsburgh Pirates,PIT,Milwaukee Brewers,MIL,0,0,American Family Field,2026-08-05T23:40:00Z,2026-08-05T23:40:00Z
mlb-824082,824082,2026-08-05,SCHEDULED,Minnesota Twins,MIN,Kansas City Royals,KC,0,0,Kauffman Stadium,2026-08-05T23:40:00Z,2026-08-05T23:40:00Z
mlb-823106,823106,2026-08-05,SCHEDULED,Detroit Tigers,DET,Seattle Mariners,SEA,0,0,T-Mobile Park,2026-08-06T01:40:00Z,2026-08-06T01:40:00Z
mlb-825052,825052,2026-08-05,SCHEDULED,San Diego Padres,SD,Arizona Diamondbacks,ARI,0,0,Chase Field,2026-08-06T01:40:00Z,2026-08-06T01:40:00Z
mlb-824804,824804,2026-08-06,SCHEDULED,Los Angeles Angels,LAA,Baltimore Orioles,BAL,0,0,Oriole Park at Camden Yards,2026-08-06T16:35:00Z,2026-08-06T16:35:00Z
mlb-824481,824481,2026-08-06,SCHEDULED,Athletics,ATH,Cincinnati Reds,CIN,0,0,Great American Ball Park,2026-08-06T16:40:00Z,2026-08-06T16:40:00Z
mlb-824401,824401,2026-08-06,SCHEDULED,New York Mets,NYM,Cleveland Guardians,CLE,0,0,Progressive Field,2026-08-06T17:10:00Z,2026-08-06T17:10:00Z
mlb-823754,823754,2026-08-06,SCHEDULED,Pittsburgh Pirates,PIT,Milwaukee Brewers,MIL,0,0,American Family Field,2026-08-06T18:10:00Z,2026-08-06T18:10:00Z
mlb-823105,823105,2026-08-06,SCHEDULED,Detroit Tigers,DET,Seattle Mariners,SEA,0,0,T-Mobile Park,2026-08-06T20:10:00Z,2026-08-06T20:10:00Z
mlb-823430,823430,2026-08-06,SCHEDULED,Washington Nationals,WSH,Philadelphia Phillies,PHI,0,0,Citizens Bank Park,2026-08-06T22:05:00Z,2026-08-06T22:05:00Z
mlb-824729,824729,2026-08-06,SCHEDULED,Chicago White Sox,CWS,Boston Red Sox,BOS,0,0,Fenway Park,2026-08-06T23:10:00Z,2026-08-06T23:10:00Z
mlb-824885,824885,2026-08-06,SCHEDULED,Miami Marlins,MIA,Atlanta Braves,ATL,0,0,Truist Park,2026-08-06T23:15:00Z,2026-08-06T23:15:00Z
mlb-824080,824080,2026-08-06,SCHEDULED,Minnesota Twins,MIN,Kansas City Royals,KC,0,0,Kauffman Stadium,2026-08-06T23:40:00Z,2026-08-06T23:40:00Z
mlb-825053,825053,2026-08-06,SCHEDULED,San Diego Padres,SD,Arizona Diamondbacks,ARI,0,0,Chase Field,2026-08-07T01:40:00Z,2026-08-07T01:40:00Z
mlb-823349,823349,2026-08-07,SCHEDULED,New York Mets,NYM,Pittsburgh Pirates,PIT,0,0,PNC Park,2026-08-07T22:40:00Z,2026-08-07T22:40:00Z
mlb-823428,823428,2026-08-07,SCHEDULED,Toronto Blue Jays,TOR,Philadelphia Phillies,PHI,0,0,Citizens Bank Park,2026-08-07T22:40:00Z,2026-08-07T22:40:00Z
mlb-822699,822699,2026-08-07,SCHEDULED,Cincinnati Reds,CIN,Washington Nationals,WSH,0,0,Nationals Park,2026-08-07T22:45:00Z,2026-08-07T22:45:00Z
mlb-823515,823515,2026-08-07,SCHEDULED,Atlanta Braves,ATL,New York Yankees,NYY,0,0,Yankee Stadium,2026-08-07T23:05:00Z,2026-08-07T23:05:00Z
mlb-823836,823836,2026-08-07,SCHEDULED,Los Angeles Angels,LAA,Miami Marlins,MIA,0,0,loanDepot park,2026-08-07T23:10:00Z,2026-08-07T23:10:00Z
mlb-824727,824727,2026-08-07,SCHEDULED,Athletics,ATH,Boston Red Sox,BOS,0,0,Fenway Park,2026-08-07T23:10:00Z,2026-08-07T23:10:00Z
mlb-823750,823750,2026-08-07,SCHEDULED,Minnesota Twins,MIN,Milwaukee Brewers,MIL,0,0,American Family Field,2026-08-07T23:40:00Z,2026-08-07T23:40:00Z
mlb-824566,824566,2026-08-07,SCHEDULED,Cleveland Guardians,CLE,Chicago White Sox,CWS,0,0,Rate Field,2026-08-07T23:40:00Z,2026-08-07T23:40:00Z
mlb-822863,822863,2026-08-07,SCHEDULED,Baltimore Orioles,BAL,Texas Rangers,TEX,0,0,Globe Life Field,2026-08-08T00:05:00Z,2026-08-08T00:05:00Z
mlb-824081,824081,2026-08-07,SCHEDULED,Chicago Cubs,CHC,Kansas City Royals,KC,0,0,Kauffman Stadium,2026-08-08T00:10:00Z,2026-08-08T00:10:00Z
mlb-823024,823024,2026-08-07,SCHEDULED,Colorado Rockies,COL,St. Louis Cardinals,STL,0,0,Busch Stadium,2026-08-08T00:15:00Z,2026-08-08T00:15:00Z
mlb-823266,823266,2026-08-07,SCHEDULED,Houston Astros,HOU,San Diego Padres,SD,0,0,Petco Park,2026-08-08T01:40:00Z,2026-08-08T01:40:00Z
mlb-825051,825051,2026-08-07,SCHEDULED,Los Angeles Dodgers,LAD,Arizona Diamondbacks,ARI,0,0,Chase Field,2026-08-08T01:40:00Z,2026-08-08T01:40:00Z
mlb-823103,823103,2026-08-07,SCHEDULED,Tampa Bay Rays,TB,Seattle Mariners,SEA,0,0,T-Mobile Park,2026-08-08T02:10:00Z,2026-08-08T02:10:00Z
mlb-823191,823191,2026-08-07,SCHEDULED,Detroit Tigers,DET,San Francisco Giants,SF,0,0,Oracle Park,2026-08-08T02:15:00Z,2026-08-08T02:15:00Z
mlb-823514,823514,2026-08-08,SCHEDULED,Atlanta Braves,ATL,New York Yankees,NYY,0,0,Yankee Stadium,2026-08-08T19:05:00Z,2026-08-08T19:05:00Z
mlb-823834,823834,2026-08-08,SCHEDULED,Los Angeles Angels,LAA,Miami Marlins,MIA,0,0,loanDepot park,2026-08-08T20:10:00Z,2026-08-08T20:10:00Z
mlb-824726,824726,2026-08-08,SCHEDULED,Athletics,ATH,Boston Red Sox,BOS,0,0,Fenway Park,2026-08-08T20:10:00Z,2026-08-08T20:10:00Z
mlb-823426,823426,2026-08-08,SCHEDULED,Toronto Blue Jays,TOR,Philadelphia Phillies,PHI,0,0,Citizens Bank Park,2026-08-08T22:05:00Z,2026-08-08T22:05:00Z
mlb-823348,823348,2026-08-08,SCHEDULED,New York Mets,NYM,Pittsburgh Pirates,PIT,0,0,PNC Park,2026-08-08T22:40:00Z,2026-08-08T22:40:00Z
mlb-822701,822701,2026-08-08,SCHEDULED,Cincinnati Reds,CIN,Washington Nationals,WSH,0,0,Nationals Park,2026-08-08T22:45:00Z,2026-08-08T22:45:00Z
mlb-823752,823752,2026-08-08,SCHEDULED,Minnesota Twins,MIN,Milwaukee Brewers,MIL,0,0,American Family Field,2026-08-08T23:10:00Z,2026-08-08T23:10:00Z
mlb-824079,824079,2026-08-08,SCHEDULED,Chicago Cubs,CHC,Kansas City Royals,KC,0,0,Kauffman Stadium,2026-08-08T23:10:00Z,2026-08-08T23:10:00Z
mlb-824565,824565,2026-08-08,SCHEDULED,Cleveland Guardians,CLE,Chicago White Sox,CWS,0,0,Rate Field,2026-08-08T23:10:00Z,2026-08-08T23:10:00Z
mlb-822864,822864,2026-08-08,SCHEDULED,Baltimore Orioles,BAL,Texas Rangers,TEX,0,0,Globe Life Field,2026-08-08T23:15:00Z,2026-08-08T23:15:00Z
mlb-823021,823021,2026-08-08,SCHEDULED,Colorado Rockies,COL,St. Louis Cardinals,STL,0,0,Busch Stadium,2026-08-08T23:15:00Z,2026-08-08T23:15:00Z
mlb-823188,823188,2026-08-08,SCHEDULED,Detroit Tigers,DET,San Francisco Giants,SF,0,0,Oracle Park,2026-08-08T23:15:00Z,2026-08-08T23:15:00Z
mlb-823267,823267,2026-08-08,SCHEDULED,Houston Astros,HOU,San Diego Padres,SD,0,0,Petco Park,2026-08-08T23:15:00Z,2026-08-08T23:15:00Z
mlb-825049,825049,2026-08-08,SCHEDULED,Los Angeles Dodgers,LAD,Arizona Diamondbacks,ARI,0,0,Chase Field,2026-08-09T00:10:00Z,2026-08-09T00:10:00Z
mlb-823102,823102,2026-08-08,SCHEDULED,Tampa Bay Rays,TB,Seattle Mariners,SEA,0,0,T-Mobile Park,2026-08-09T01:50:00Z,2026-08-09T01:50:00Z
mlb-822700,822700,2026-08-09,SCHEDULED,Cincinnati Reds,CIN,Washington Nationals,WSH,0,0,Nationals Park,2026-08-09T16:15:00Z,2026-08-09T16:15:00Z
mlb-823345,823345,2026-08-09,SCHEDULED,New York Mets,NYM,Pittsburgh Pirates,PIT,0,0,PNC Park,2026-08-09T17:35:00Z,2026-08-09T17:35:00Z
mlb-823425,823425,2026-08-09,SCHEDULED,Toronto Blue Jays,TOR,Philadelphia Phillies,PHI,0,0,Citizens Bank Park,2026-08-09T17:35:00Z,2026-08-09T17:35:00Z
mlb-823513,823513,2026-08-09,SCHEDULED,Atlanta Braves,ATL,New York Yankees,NYY,0,0,Yankee Stadium,2026-08-09T17:35:00Z,2026-08-09T17:35:00Z
mlb-824724,824724,2026-08-09,SCHEDULED,Athletics,ATH,Boston Red Sox,BOS,0,0,Fenway Park,2026-08-09T17:35:00Z,2026-08-09T17:35:00Z
mlb-823835,823835,2026-08-09,SCHEDULED,Los Angeles Angels,LAA,Miami Marlins,MIA,0,0,loanDepot park,2026-08-09T17:40:00Z,2026-08-09T17:40:00Z
mlb-823751,823751,2026-08-09,SCHEDULED,Minnesota Twins,MIN,Milwaukee Brewers,MIL,0,0,American Family Field,2026-08-09T18:10:00Z,2026-08-09T18:10:00Z
mlb-824078,824078,2026-08-09,SCHEDULED,Chicago Cubs,CHC,Kansas City Royals,KC,0,0,Kauffman Stadium,2026-08-09T18:10:00Z,2026-08-09T18:10:00Z
mlb-824564,824564,2026-08-09,SCHEDULED,Cleveland Guardians,CLE,Chicago White Sox,CWS,0,0,Rate Field,2026-08-09T18:10:00Z,2026-08-09T18:10:00Z
mlb-823020,823020,2026-08-09,SCHEDULED,Colorado Rockies,COL,St. Louis Cardinals,STL,0,0,Busch Stadium,2026-08-09T18:15:00Z,2026-08-09T18:15:00Z
mlb-822862,822862,2026-08-09,SCHEDULED,Baltimore Orioles,BAL,Texas Rangers,TEX,0,0,Globe Life Field,2026-08-09T18:35:00Z,2026-08-09T18:35:00Z
mlb-823190,823190,2026-08-09,SCHEDULED,Detroit Tigers,DET,San Francisco Giants,SF,0,0,Oracle Park,2026-08-09T20:05:00Z,2026-08-09T20:05:00Z
mlb-823104,823104,2026-08-09,SCHEDULED,Tampa Bay Rays,TB,Seattle Mariners,SEA,0,0,T-Mobile Park,2026-08-09T20:10:00Z,2026-08-09T20:10:00Z
mlb-825050,825050,2026-08-09,SCHEDULED,Los Angeles Dodgers,LAD,Arizona Diamondbacks,ARI,0,0,Chase Field,2026-08-09T20:10:00Z,2026-08-09T20:10:00Z
mlb-823268,823268,2026-08-09,SCHEDULED,Houston Astros,HOU,San Diego Padres,SD,0,0,Petco Park,2026-08-10T00:20:00Z,2026-08-10T00:20:00Z
mlb-822780,822780,2026-08-10,SCHEDULED,Boston Red Sox,BOS,Toronto Blue Jays,TOR,0,0,Rogers Centre,2026-08-10T23:07:00Z,2026-08-10T23:07:00Z
mlb-824887,824887,2026-08-10,SCHEDULED,New York Mets,NYM,Atlanta Braves,ATL,0,0,Truist Park,2026-08-10T23:15:00Z,2026-08-10T23:15:00Z
mlb-823675,823675,2026-08-10,SCHEDULED,Baltimore Orioles,BAL,Minnesota Twins,MIN,0,0,Target Field,2026-08-10T23:40:00Z,2026-08-10T23:40:00Z
mlb-823018,823018,2026-08-10,SCHEDULED,Philadelphia Phillies,PHI,St. Louis Cardinals,STL,0,0,Busch Stadium,2026-08-10T23:45:00Z,2026-08-10T23:45:00Z
mlb-823998,823998,2026-08-10,SCHEDULED,Texas Rangers,TEX,Los Angeles Angels,LAA,0,0,Angel Stadium,2026-08-11T01:38:00Z,2026-08-11T01:38:00Z
mlb-823265,823265,2026-08-10,SCHEDULED,Milwaukee Brewers,MIL,San Diego Padres,SD,0,0,Petco Park,2026-08-11T01:40:00Z,2026-08-11T01:40:00Z
mlb-824969,824969,2026-08-10,SCHEDULED,Tampa Bay Rays,TB,Athletics,ATH,0,0,Sutter Health Park,2026-08-11T01:40:00Z,2026-08-11T01:40:00Z
mlb-825048,825048,2026-08-10,SCHEDULED,Colorado Rockies,COL,Arizona Diamondbacks,ARI,0,0,Chase Field,2026-08-11T01:40:00Z,2026-08-11T01:40:00Z
mlb-823189,823189,2026-08-10,SCHEDULED,Houston Astros,HOU,San Francisco Giants,SF,0,0,Oracle Park,2026-08-11T01:45:00Z,2026-08-11T01:45:00Z
mlb-823918,823918,2026-08-10,SCHEDULED,Kansas City Royals,KC,Los Angeles Dodgers,LAD,0,0,UNIQLO Field at Dodger Stadium,2026-08-11T02:10:00Z,2026-08-11T02:10:00Z
mlb-823832,823832,2026-08-11,SCHEDULED,Pittsburgh Pirates,PIT,Miami Marlins,MIA,0,0,loanDepot park,2026-08-11T22:40:00Z,2026-08-11T22:40:00Z
mlb-824240,824240,2026-08-11,SCHEDULED,Cleveland Guardians,CLE,Detroit Tigers,DET,0,0,Comerica Park,2026-08-11T22:40:00Z,2026-08-11T22:40:00Z
mlb-822697,822697,2026-08-11,SCHEDULED,Chicago Cubs,CHC,Washington Nationals,WSH,0,0,Nationals Park,2026-08-11T22:45:00Z,2026-08-11T22:45:00Z
mlb-823512,823512,2026-08-11,SCHEDULED,Seattle Mariners,SEA,New York Yankees,NYY,0,0,Yankee Stadium,2026-08-11T23:05:00Z,2026-08-11T23:05:00Z
mlb-822778,822778,2026-08-11,SCHEDULED,Boston Red Sox,BOS,Toronto Blue Jays,TOR,0,0,Rogers Centre,2026-08-11T23:07:00Z,2026-08-11T23:07:00Z
mlb-824886,824886,2026-08-11,SCHEDULED,New York Mets,NYM,Atlanta Braves,ATL,0,0,Truist Park,2026-08-11T23:15:00Z,2026-08-11T23:15:00Z
mlb-823673,823673,2026-08-11,SCHEDULED,Baltimore Orioles,BAL,Minnesota Twins,MIN,0,0,Target Field,2026-08-11T23:40:00Z,2026-08-11T23:40:00Z
mlb-824563,824563,2026-08-11,SCHEDULED,Cincinnati Reds,CIN,Chicago White Sox,CWS,0,0,Rate Field,2026-08-11T23:40:00Z,2026-08-11T23:40:00Z
mlb-823019,823019,2026-08-11,SCHEDULED,Philadelphia Phillies,PHI,St. Louis Cardinals,STL,0,0,Busch Stadium,2026-08-11T23:45:00Z,2026-08-11T23:45:00Z
mlb-823997,823997,2026-08-11,SCHEDULED,Texas Rangers,TEX,Los Angeles Angels,LAA,0,0,Angel Stadium,2026-08-12T01:38:00Z,2026-08-12T01:38:00Z
mlb-823264,823264,2026-08-11,SCHEDULED,Milwaukee Brewers,MIL,San Diego Padres,SD,0,0,Petco Park,2026-08-12T01:40:00Z,2026-08-12T01:40:00Z
mlb-824970,824970,2026-08-11,SCHEDULED,Tampa Bay Rays,TB,Athletics,ATH,0,0,Sutter Health Park,2026-08-12T01:40:00Z,2026-08-12T01:40:00Z
mlb-825046,825046,2026-08-11,SCHEDULED,Colorado Rockies,COL,Arizona Diamondbacks,ARI,0,0,Chase Field,2026-08-12T01:40:00Z,2026-08-12T01:40:00Z
mlb-823186,823186,2026-08-11,SCHEDULED,Houston Astros,HOU,San Francisco Giants,SF,0,0,Oracle Park,2026-08-12T01:45:00Z,2026-08-12T01:45:00Z
mlb-823917,823917,2026-08-11,SCHEDULED,Kansas City Royals,KC,Los Angeles Dodgers,LAD,0,0,UNIQLO Field at Dodger Stadium,2026-08-12T02:10:00Z,2026-08-12T02:10:00Z
mlb-823672,823672,2026-08-12,SCHEDULED,Baltimore Orioles,BAL,Minnesota Twins,MIN,0,0,Target Field,2026-08-12T17:40:00Z,2026-08-12T17:40:00Z
mlb-823017,823017,2026-08-12,SCHEDULED,Philadelphia Phillies,PHI,St. Louis Cardinals,STL,0,0,Busch Stadium,2026-08-12T18:15:00Z,2026-08-12T18:15:00Z
mlb-824967,824967,2026-08-12,SCHEDULED,Tampa Bay Rays,TB,Athletics,ATH,0,0,Sutter Health Park,2026-08-12T19:05:00Z,2026-08-12T19:05:00Z
mlb-825047,825047,2026-08-12,SCHEDULED,Colorado Rockies,COL,Arizona Diamondbacks,ARI,0,0,Chase Field,2026-08-12T19:40:00Z,2026-08-12T19:40:00Z
mlb-823187,823187,2026-08-12,SCHEDULED,Houston Astros,HOU,San Francisco Giants,SF,0,0,Oracle Park,2026-08-12T19:45:00Z,2026-08-12T19:45:00Z
mlb-823263,823263,2026-08-12,SCHEDULED,Milwaukee Brewers,MIL,San Diego Padres,SD,0,0,Petco Park,2026-08-12T20:10:00Z,2026-08-12T20:10:00Z
mlb-823833,823833,2026-08-12,SCHEDULED,Pittsburgh Pirates,PIT,Miami Marlins,MIA,0,0,loanDepot park,2026-08-12T22:40:00Z,2026-08-12T22:40:00Z
mlb-824241,824241,2026-08-12,SCHEDULED,Cleveland Guardians,CLE,Detroit Tigers,DET,0,0,Comerica Park,2026-08-12T22:40:00Z,2026-08-12T22:40:00Z
mlb-822698,822698,2026-08-12,SCHEDULED,Chicago Cubs,CHC,Washington Nationals,WSH,0,0,Nationals Park,2026-08-12T22:45:00Z,2026-08-12T22:45:00Z
mlb-823511,823511,2026-08-12,SCHEDULED,Seattle Mariners,SEA,New York Yankees,NYY,0,0,Yankee Stadium,2026-08-12T23:05:00Z,2026-08-12T23:05:00Z
mlb-822779,822779,2026-08-12,SCHEDULED,Boston Red Sox,BOS,Toronto Blue Jays,TOR,0,0,Rogers Centre,2026-08-12T23:07:00Z,2026-08-12T23:07:00Z
mlb-824883,824883,2026-08-12,SCHEDULED,New York Mets,NYM,Atlanta Braves,ATL,0,0,Truist Park,2026-08-12T23:15:00Z,2026-08-12T23:15:00Z
mlb-824562,824562,2026-08-12,SCHEDULED,Cincinnati Reds,CIN,Chicago White Sox,CWS,0,0,Rate Field,2026-08-12T23:40:00Z,2026-08-12T23:40:00Z
mlb-823916,823916,2026-08-12,SCHEDULED,Kansas City Royals,KC,Los Angeles Dodgers,LAD,0,0,UNIQLO Field at Dodger Stadium,2026-08-13T02:10:00Z,2026-08-13T02:10:00Z
mlb-823994,823994,2026-08-12,SCHEDULED,Texas Rangers,TEX,Los Angeles Angels,LAA,0,0,Angel Stadium,2026-08-13T02:10:00Z,2026-08-13T02:10:00Z
mlb-823829,823829,2026-08-13,SCHEDULED,Pittsburgh Pirates,PIT,Miami Marlins,MIA,0,0,loanDepot park,2026-08-13T17:10:00Z,2026-08-13T17:10:00Z
mlb-824238,824238,2026-08-13,SCHEDULED,Cleveland Guardians,CLE,Detroit Tigers,DET,0,0,Comerica Park,2026-08-13T17:10:00Z,2026-08-13T17:10:00Z
mlb-823508,823508,2026-08-13,SCHEDULED,Seattle Mariners,SEA,New York Yankees,NYY,0,0,Yankee Stadium,2026-08-13T17:35:00Z,2026-08-13T17:35:00Z
mlb-824561,824561,2026-08-13,SCHEDULED,Cincinnati Reds,CIN,Chicago White Sox,CWS,0,0,Rate Field,2026-08-13T18:10:00Z,2026-08-13T18:10:00Z
mlb-822776,822776,2026-08-13,SCHEDULED,Boston Red Sox,BOS,Toronto Blue Jays,TOR,0,0,Rogers Centre,2026-08-13T19:07:00Z,2026-08-13T19:07:00Z
mlb-822696,822696,2026-08-13,SCHEDULED,Chicago Cubs,CHC,Washington Nationals,WSH,0,0,Nationals Park,2026-08-13T20:05:00Z,2026-08-13T20:05:00Z
mlb-823669,823669,2026-08-13,SCHEDULED,Philadelphia Phillies,PHI,Minnesota Twins,MIN,0,0,Field of Dreams,2026-08-13T23:30:00Z,2026-08-13T23:30:00Z
mlb-823995,823995,2026-08-13,SCHEDULED,Texas Rangers,TEX,Los Angeles Angels,LAA,0,0,Angel Stadium,2026-08-14T02:07:00Z,2026-08-14T02:07:00Z
mlb-823915,823915,2026-08-13,SCHEDULED,Milwaukee Brewers,MIL,Los Angeles Dodgers,LAD,0,0,UNIQLO Field at Dodger Stadium,2026-08-14T02:10:00Z,2026-08-14T02:10:00Z
mlb-824643,824643,2026-08-14,SCHEDULED,St. Louis Cardinals,STL,Chicago Cubs,CHC,0,0,Wrigley Field,2026-08-14T18:20:00Z,2026-08-14T18:20:00Z
mlb-824479,824479,2026-08-14,SCHEDULED,Miami Marlins,MIA,Cincinnati Reds,CIN,0,0,Great American Ball Park,2026-08-14T22:10:00Z,2026-08-14T22:10:00Z
mlb-823346,823346,2026-08-14,SCHEDULED,Boston Red Sox,BOS,Pittsburgh Pirates,PIT,0,0,PNC Park,2026-08-14T22:40:00Z,2026-08-14T22:40:00Z
mlb-824237,824237,2026-08-14,SCHEDULED,Chicago White Sox,CWS,Detroit Tigers,DET,0,0,Comerica Park,2026-08-14T22:40:00Z,2026-08-14T22:40:00Z
mlb-822777,822777,2026-08-14,SCHEDULED,New York Yankees,NYY,Toronto Blue Jays,TOR,0,0,Rogers Centre,2026-08-14T23:07:00Z,2026-08-14T23:07:00Z
mlb-822942,822942,2026-08-14,SCHEDULED,Baltimore Orioles,BAL,Tampa Bay Rays,TB,0,0,Tropicana Field,2026-08-14T23:10:00Z,2026-08-14T23:10:00Z
mlb-823591,823591,2026-08-14,SCHEDULED,Washington Nationals,WSH,New York Mets,NYM,0,0,Citi Field,2026-08-14T23:10:00Z,2026-08-14T23:10:00Z
mlb-824399,824399,2026-08-14,SCHEDULED,San Diego Padres,SD,Cleveland Guardians,CLE,0,0,Progressive Field,2026-08-14T23:10:00Z,2026-08-14T23:10:00Z
mlb-824882,824882,2026-08-14,SCHEDULED,Arizona Diamondbacks,ARI,Atlanta Braves,ATL,0,0,Truist Park,2026-08-14T23:15:00Z,2026-08-14T23:15:00Z
mlb-824159,824159,2026-08-14,SCHEDULED,Seattle Mariners,SEA,Houston Astros,HOU,0,0,Daikin Park,2026-08-15T00:10:00Z,2026-08-15T00:10:00Z
mlb-823993,823993,2026-08-14,SCHEDULED,Kansas City Royals,KC,Los Angeles Angels,LAA,0,0,Angel Stadium,2026-08-15T01:38:00Z,2026-08-15T01:38:00Z
mlb-824968,824968,2026-08-14,SCHEDULED,Texas Rangers,TEX,Athletics,ATH,0,0,Sutter Health Park,2026-08-15T01:40:00Z,2026-08-15T01:40:00Z
mlb-823913,823913,2026-08-14,SCHEDULED,Milwaukee Brewers,MIL,Los Angeles Dodgers,LAD,0,0,UNIQLO Field at Dodger Stadium,2026-08-15T02:10:00Z,2026-08-15T02:10:00Z
mlb-823185,823185,2026-08-14,SCHEDULED,Colorado Rockies,COL,San Francisco Giants,SF,0,0,Oracle Park,2026-08-15T02:15:00Z,2026-08-15T02:15:00Z
mlb-824239,824239,2026-08-15,SCHEDULED,Chicago White Sox,CWS,Detroit Tigers,DET,0,0,Comerica Park,2026-08-15T17:10:00Z,2026-08-15T17:10:00Z
mlb-824644,824644,2026-08-15,SCHEDULED,St. Louis Cardinals,STL,Chicago Cubs,CHC,0,0,Wrigley Field,2026-08-15T18:20:00Z,2026-08-15T18:20:00Z
mlb-822775,822775,2026-08-15,SCHEDULED,New York Yankees,NYY,Toronto Blue Jays,TOR,0,0,Rogers Centre,2026-08-15T19:07:00Z,2026-08-15T19:07:00Z
mlb-823184,823184,2026-08-15,SCHEDULED,Colorado Rockies,COL,San Francisco Giants,SF,0,0,Oracle Park,2026-08-15T20:05:00Z,2026-08-15T20:05:00Z
mlb-823588,823588,2026-08-15,SCHEDULED,Washington Nationals,WSH,New York Mets,NYM,0,0,Citi Field,2026-08-15T20:10:00Z,2026-08-15T20:10:00Z
mlb-822941,822941,2026-08-15,SCHEDULED,Baltimore Orioles,BAL,Tampa Bay Rays,TB,0,0,Tropicana Field,2026-08-15T22:10:00Z,2026-08-15T22:10:00Z
mlb-823347,823347,2026-08-15,SCHEDULED,Boston Red Sox,BOS,Pittsburgh Pirates,PIT,0,0,PNC Park,2026-08-15T22:40:00Z,2026-08-15T22:40:00Z
mlb-824480,824480,2026-08-15,SCHEDULED,Miami Marlins,MIA,Cincinnati Reds,CIN,0,0,Great American Ball Park,2026-08-15T22:40:00Z,2026-08-15T22:40:00Z
mlb-823671,823671,2026-08-15,SCHEDULED,Philadelphia Phillies,PHI,Minnesota Twins,MIN,0,0,Target Field,2026-08-15T23:10:00Z,2026-08-15T23:10:00Z
mlb-824157,824157,2026-08-15,SCHEDULED,Seattle Mariners,SEA,Houston Astros,HOU,0,0,Daikin Park,2026-08-15T23:10:00Z,2026-08-15T23:10:00Z
mlb-824400,824400,2026-08-15,SCHEDULED,San Diego Padres,SD,Cleveland Guardians,CLE,0,0,Progressive Field,2026-08-15T23:10:00Z,2026-08-15T23:10:00Z
mlb-823914,823914,2026-08-15,SCHEDULED,Milwaukee Brewers,MIL,Los Angeles Dodgers,LAD,0,0,UNIQLO Field at Dodger Stadium,2026-08-15T23:15:00Z,2026-08-15T23:15:00Z
mlb-824884,824884,2026-08-15,SCHEDULED,Arizona Diamondbacks,ARI,Atlanta Braves,ATL,0,0,Truist Park,2026-08-15T23:15:00Z,2026-08-15T23:15:00Z
mlb-823990,823990,2026-08-15,SCHEDULED,Kansas City Royals,KC,Los Angeles Angels,LAA,0,0,Angel Stadium,2026-08-16T01:38:00Z,2026-08-16T01:38:00Z
mlb-824966,824966,2026-08-15,SCHEDULED,Texas Rangers,TEX,Athletics,ATH,0,0,Sutter Health Park,2026-08-16T01:40:00Z,2026-08-16T01:40:00Z
mlb-822940,822940,2026-08-16,SCHEDULED,Baltimore Orioles,BAL,Tampa Bay Rays,TB,0,0,Tropicana Field,2026-08-16T16:15:00Z,2026-08-16T16:15:00Z
mlb-823344,823344,2026-08-16,SCHEDULED,Boston Red Sox,BOS,Pittsburgh Pirates,PIT,0,0,PNC Park,2026-08-16T17:35:00Z,2026-08-16T17:35:00Z
mlb-824880,824880,2026-08-16,SCHEDULED,Arizona Diamondbacks,ARI,Atlanta Braves,ATL,0,0,Truist Park,2026-08-16T17:35:00Z,2026-08-16T17:35:00Z
mlb-822774,822774,2026-08-16,SCHEDULED,New York Yankees,NYY,Toronto Blue Jays,TOR,0,0,Rogers Centre,2026-08-16T17:37:00Z,2026-08-16T17:37:00Z
mlb-823590,823590,2026-08-16,SCHEDULED,Washington Nationals,WSH,New York Mets,NYM,0,0,Citi Field,2026-08-16T17:40:00Z,2026-08-16T17:40:00Z
mlb-824236,824236,2026-08-16,SCHEDULED,Chicago White Sox,CWS,Detroit Tigers,DET,0,0,Comerica Park,2026-08-16T17:40:00Z,2026-08-16T17:40:00Z
mlb-824397,824397,2026-08-16,SCHEDULED,San Diego Padres,SD,Cleveland Guardians,CLE,0,0,Progressive Field,2026-08-16T17:40:00Z,2026-08-16T17:40:00Z
mlb-824477,824477,2026-08-16,SCHEDULED,Miami Marlins,MIA,Cincinnati Reds,CIN,0,0,Great American Ball Park,2026-08-16T17:40:00Z,2026-08-16T17:40:00Z
mlb-823670,823670,2026-08-16,SCHEDULED,Philadelphia Phillies,PHI,Minnesota Twins,MIN,0,0,Target Field,2026-08-16T18:10:00Z,2026-08-16T18:10:00Z
mlb-824642,824642,2026-08-16,SCHEDULED,St. Louis Cardinals,STL,Chicago Cubs,CHC,0,0,Wrigley Field,2026-08-16T19:10:00Z,2026-08-16T19:10:00Z
mlb-823182,823182,2026-08-16,SCHEDULED,Colorado Rockies,COL,San Francisco Giants,SF,0,0,Oracle Park,2026-08-16T20:05:00Z,2026-08-16T20:05:00Z
mlb-824965,824965,2026-08-16,SCHEDULED,Texas Rangers,TEX,Athletics,ATH,0,0,Sutter Health Park,2026-08-16T20:05:00Z,2026-08-16T20:05:00Z
mlb-823991,823991,2026-08-16,SCHEDULED,Kansas City Royals,KC,Los Angeles Angels,LAA,0,0,Angel Stadium,2026-08-16T20:07:00Z,2026-08-16T20:07:00Z
mlb-823912,823912,2026-08-16,SCHEDULED,Milwaukee Brewers,MIL,Los Angeles Dodgers,LAD,0,0,UNIQLO Field at Dodger Stadium,2026-08-16T20:10:00Z,2026-08-16T20:10:00Z
mlb-824156,824156,2026-08-16,SCHEDULED,Seattle Mariners,SEA,Houston Astros,HOU,0,0,Daikin Park,2026-08-16T23:20:00Z,2026-08-16T23:20:00Z
mlb-822939,822939,2026-08-17,SCHEDULED,Baltimore Orioles,BAL,Tampa Bay Rays,TB,0,0,Tropicana Field,2026-08-17T22:40:00Z,2026-08-17T22:40:00Z
mlb-823427,823427,2026-08-17,SCHEDULED,Miami Marlins,MIA,Philadelphia Phillies,PHI,0,0,Citizens Bank Park,2026-08-17T22:40:00Z,2026-08-17T22:40:00Z
mlb-824478,824478,2026-08-17,SCHEDULED,St. Louis Cardinals,STL,Cincinnati Reds,CIN,0,0,Great American Ball Park,2026-08-17T22:40:00Z,2026-08-17T22:40:00Z
mlb-823343,823343,2026-08-17,SCHEDULED,Detroit Tigers,DET,Pittsburgh Pirates,PIT,0,0,PNC Park,2026-08-17T23:05:00Z,2026-08-17T23:05:00Z
mlb-823589,823589,2026-08-17,SCHEDULED,San Diego Padres,SD,New York Mets,NYM,0,0,Citi Field,2026-08-17T23:10:00Z,2026-08-17T23:10:00Z
mlb-824725,824725,2026-08-17,SCHEDULED,Arizona Diamondbacks,ARI,Boston Red Sox,BOS,0,0,Fenway Park,2026-08-17T23:10:00Z,2026-08-17T23:10:00Z
mlb-823668,823668,2026-08-17,SCHEDULED,Atlanta Braves,ATL,Minnesota Twins,MIN,0,0,Target Field,2026-08-17T23:40:00Z,2026-08-17T23:40:00Z
mlb-824077,824077,2026-08-17,SCHEDULED,Athletics,ATH,Kansas City Royals,KC,0,0,Kauffman Stadium,2026-08-17T23:40:00Z,2026-08-17T23:40:00Z
mlb-824641,824641,2026-08-17,SCHEDULED,Chicago White Sox,CWS,Chicago Cubs,CHC,0,0,Wrigley Field,2026-08-18T00:05:00Z,2026-08-18T00:05:00Z
mlb-824320,824320,2026-08-17,SCHEDULED,Los Angeles Dodgers,LAD,Colorado Rockies,COL,0,0,Coors Field,2026-08-18T00:40:00Z,2026-08-18T00:40:00Z
mlb-824803,824803,2026-08-18,SCHEDULED,New York Yankees,NYY,Baltimore Orioles,BAL,0,0,Oriole Park at Camden Yards,2026-08-18T22:35:00Z,2026-08-18T22:35:00Z
mlb-822938,822938,2026-08-18,SCHEDULED,Toronto Blue Jays,TOR,Tampa Bay Rays,TB,0,0,Tropicana Field,2026-08-18T22:40:00Z,2026-08-18T22:40:00Z
mlb-823341,823341,2026-08-18,SCHEDULED,Detroit Tigers,DET,Pittsburgh Pirates,PIT,0,0,PNC Park,2026-08-18T22:40:00Z,2026-08-18T22:40:00Z
mlb-823423,823423,2026-08-18,SCHEDULED,Miami Marlins,MIA,Philadelphia Phillies,PHI,0,0,Citizens Bank Park,2026-08-18T22:40:00Z,2026-08-18T22:40:00Z
mlb-824398,824398,2026-08-18,SCHEDULED,San Francisco Giants,SF,Cleveland Guardians,CLE,0,0,Progressive Field,2026-08-18T22:40:00Z,2026-08-18T22:40:00Z
mlb-824475,824475,2026-08-18,SCHEDULED,St. Louis Cardinals,STL,Cincinnati Reds,CIN,0,0,Great American Ball Park,2026-08-18T22:40:00Z,2026-08-18T22:40:00Z
mlb-823586,823586,2026-08-18,SCHEDULED,San Diego Padres,SD,New York Mets,NYM,0,0,Citi Field,2026-08-18T23:10:00Z,2026-08-18T23:10:00Z
mlb-824723,824723,2026-08-18,SCHEDULED,Arizona Diamondbacks,ARI,Boston Red Sox,BOS,0,0,Fenway Park,2026-08-18T23:10:00Z,2026-08-18T23:10:00Z
mlb-823667,823667,2026-08-18,SCHEDULED,Atlanta Braves,ATL,Minnesota Twins,MIN,0,0,Target Field,2026-08-18T23:40:00Z,2026-08-18T23:40:00Z
mlb-823749,823749,2026-08-18,SCHEDULED,Seattle Mariners,SEA,Milwaukee Brewers,MIL,0,0,American Family Field,2026-08-18T23:40:00Z,2026-08-18T23:40:00Z
mlb-824075,824075,2026-08-18,SCHEDULED,Athletics,ATH,Kansas City Royals,KC,0,0,Kauffman Stadium,2026-08-18T23:40:00Z,2026-08-18T23:40:00Z
mlb-822859,822859,2026-08-18,SCHEDULED,Washington Nationals,WSH,Texas Rangers,TEX,0,0,Globe Life Field,2026-08-19T00:05:00Z,2026-08-19T00:05:00Z
mlb-824639,824639,2026-08-18,SCHEDULED,Chicago White Sox,CWS,Chicago Cubs,CHC,0,0,Wrigley Field,2026-08-19T00:05:00Z,2026-08-19T00:05:00Z
mlb-824154,824154,2026-08-18,SCHEDULED,Los Angeles Angels,LAA,Houston Astros,HOU,0,0,Daikin Park,2026-08-19T00:10:00Z,2026-08-19T00:10:00Z
mlb-824319,824319,2026-08-18,SCHEDULED,Los Angeles Dodgers,LAD,Colorado Rockies,COL,0,0,Coors Field,2026-08-19T00:40:00Z,2026-08-19T00:40:00Z
mlb-823342,823342,2026-08-19,SCHEDULED,Detroit Tigers,DET,Pittsburgh Pirates,PIT,0,0,PNC Park,2026-08-19T16:35:00Z,2026-08-19T16:35:00Z
mlb-823587,823587,2026-08-19,SCHEDULED,San Diego Padres,SD,New York Mets,NYM,0,0,Citi Field,2026-08-19T17:10:00Z,2026-08-19T17:10:00Z
mlb-823664,823664,2026-08-19,SCHEDULED,Atlanta Braves,ATL,Minnesota Twins,MIN,0,0,Target Field,2026-08-19T17:40:00Z,2026-08-19T17:40:00Z
mlb-824640,824640,2026-08-19,SCHEDULED,Chicago White Sox,CWS,Chicago Cubs,CHC,0,0,Wrigley Field,2026-08-19T18:20:00Z,2026-08-19T18:20:00Z
mlb-824722,824722,2026-08-19,SCHEDULED,Arizona Diamondbacks,ARI,Boston Red Sox,BOS,0,0,Fenway Park,2026-08-19T20:10:00Z,2026-08-19T20:10:00Z
mlb-823424,823424,2026-08-19,SCHEDULED,Miami Marlins,MIA,Philadelphia Phillies,PHI,0,0,Citizens Bank Park,2026-08-19T22:05:00Z,2026-08-19T22:05:00Z
mlb-824801,824801,2026-08-19,SCHEDULED,New York Yankees,NYY,Baltimore Orioles,BAL,0,0,Oriole Park at Camden Yards,2026-08-19T22:35:00Z,2026-08-19T22:35:00Z
mlb-822937,822937,2026-08-19,SCHEDULED,Toronto Blue Jays,TOR,Tampa Bay Rays,TB,0,0,Tropicana Field,2026-08-19T22:40:00Z,2026-08-19T22:40:00Z
mlb-824394,824394,2026-08-19,SCHEDULED,San Francisco Giants,SF,Cleveland Guardians,CLE,0,0,Progressive Field,2026-08-19T22:40:00Z,2026-08-19T22:40:00Z
mlb-824476,824476,2026-08-19,SCHEDULED,St. Louis Cardinals,STL,Cincinnati Reds,CIN,0,0,Great American Ball Park,2026-08-19T22:40:00Z,2026-08-19T22:40:00Z
mlb-823748,823748,2026-08-19,SCHEDULED,Seattle Mariners,SEA,Milwaukee Brewers,MIL,0,0,American Family Field,2026-08-19T23:40:00Z,2026-08-19T23:40:00Z
mlb-824076,824076,2026-08-19,SCHEDULED,Athletics,ATH,Kansas City Royals,KC,0,0,Kauffman Stadium,2026-08-19T23:40:00Z,2026-08-19T23:40:00Z
mlb-822860,822860,2026-08-19,SCHEDULED,Washington Nationals,WSH,Texas Rangers,TEX,0,0,Globe Life Field,2026-08-20T00:05:00Z,2026-08-20T00:05:00Z
mlb-824155,824155,2026-08-19,SCHEDULED,Los Angeles Angels,LAA,Houston Astros,HOU,0,0,Daikin Park,2026-08-20T00:10:00Z,2026-08-20T00:10:00Z
mlb-824318,824318,2026-08-19,SCHEDULED,Los Angeles Dodgers,LAD,Colorado Rockies,COL,0,0,Coors Field,2026-08-20T00:40:00Z,2026-08-20T00:40:00Z
mlb-824474,824474,2026-08-20,SCHEDULED,St. Louis Cardinals,STL,Cincinnati Reds,CIN,0,0,Great American Ball Park,2026-08-20T16:40:00Z,2026-08-20T16:40:00Z
mlb-822934,822934,2026-08-20,SCHEDULED,Toronto Blue Jays,TOR,Tampa Bay Rays,TB,0,0,Tropicana Field,2026-08-20T17:10:00Z,2026-08-20T17:10:00Z
mlb-824395,824395,2026-08-20,SCHEDULED,San Francisco Giants,SF,Cleveland Guardians,CLE,0,0,Progressive Field,2026-08-20T17:10:00Z,2026-08-20T17:10:00Z
mlb-823747,823747,2026-08-20,SCHEDULED,Seattle Mariners,SEA,Milwaukee Brewers,MIL,0,0,American Family Field,2026-08-20T18:10:00Z,2026-08-20T18:10:00Z
mlb-824074,824074,2026-08-20,SCHEDULED,Athletics,ATH,Kansas City Royals,KC,0,0,Kauffman Stadium,2026-08-20T18:10:00Z,2026-08-20T18:10:00Z
mlb-824802,824802,2026-08-20,SCHEDULED,New York Yankees,NYY,Baltimore Orioles,BAL,0,0,Oriole Park at Camden Yards,2026-08-20T22:35:00Z,2026-08-20T22:35:00Z
mlb-822861,822861,2026-08-20,SCHEDULED,Washington Nationals,WSH,Texas Rangers,TEX,0,0,Globe Life Field,2026-08-21T00:05:00Z,2026-08-21T00:05:00Z
mlb-824153,824153,2026-08-20,SCHEDULED,Los Angeles Angels,LAA,Houston Astros,HOU,0,0,Daikin Park,2026-08-21T00:10:00Z,2026-08-21T00:10:00Z
mlb-823746,823746,2026-08-21,SCHEDULED,Atlanta Braves,ATL,Milwaukee Brewers,MIL,0,0,American Family Field,2026-08-21T20:10:00Z,2026-08-21T20:10:00Z
mlb-823420,823420,2026-08-21,SCHEDULED,St. Louis Cardinals,STL,Philadelphia Phillies,PHI,0,0,Citizens Bank Park,2026-08-21T22:40:00Z,2026-08-21T22:40:00Z
mlb-823510,823510,2026-08-21,SCHEDULED,Toronto Blue Jays,TOR,New York Yankees,NYY,0,0,Yankee Stadium,2026-08-21T23:05:00Z,2026-08-21T23:05:00Z
mlb-824800,824800,2026-08-21,SCHEDULED,Tampa Bay Rays,TB,Baltimore Orioles,BAL,0,0,Oriole Park at Camden Yards,2026-08-21T23:05:00Z,2026-08-21T23:05:00Z
mlb-823830,823830,2026-08-21,SCHEDULED,Washington Nationals,WSH,Miami Marlins,MIA,0,0,loanDepot park,2026-08-21T23:10:00Z,2026-08-21T23:10:00Z
mlb-824721,824721,2026-08-21,SCHEDULED,San Francisco Giants,SF,Boston Red Sox,BOS,0,0,Fenway Park,2026-08-21T23:10:00Z,2026-08-21T23:10:00Z
mlb-824559,824559,2026-08-21,SCHEDULED,New York Mets,NYM,Chicago White Sox,CWS,0,0,Rate Field,2026-08-21T23:40:00Z,2026-08-21T23:40:00Z
mlb-822857,822857,2026-08-21,SCHEDULED,Los Angeles Angels,LAA,Texas Rangers,TEX,0,0,Globe Life Field,2026-08-22T00:05:00Z,2026-08-22T00:05:00Z
mlb-824072,824072,2026-08-21,SCHEDULED,Detroit Tigers,DET,Kansas City Royals,KC,0,0,Kauffman Stadium,2026-08-22T00:10:00Z,2026-08-22T00:10:00Z
mlb-824152,824152,2026-08-21,SCHEDULED,Athletics,ATH,Houston Astros,HOU,0,0,Daikin Park,2026-08-22T00:10:00Z,2026-08-22T00:10:00Z
mlb-824317,824317,2026-08-21,SCHEDULED,Cleveland Guardians,CLE,Colorado Rockies,COL,0,0,Coors Field,2026-08-22T00:40:00Z,2026-08-22T00:40:00Z
mlb-823262,823262,2026-08-21,SCHEDULED,Minnesota Twins,MIN,San Diego Padres,SD,0,0,Petco Park,2026-08-22T01:40:00Z,2026-08-22T01:40:00Z
mlb-825045,825045,2026-08-21,SCHEDULED,Cincinnati Reds,CIN,Arizona Diamondbacks,ARI,0,0,Chase Field,2026-08-22T01:40:00Z,2026-08-22T01:40:00Z
mlb-823101,823101,2026-08-21,SCHEDULED,Chicago Cubs,CHC,Seattle Mariners,SEA,0,0,T-Mobile Park,2026-08-22T02:10:00Z,2026-08-22T02:10:00Z
mlb-823911,823911,2026-08-21,SCHEDULED,Pittsburgh Pirates,PIT,Los Angeles Dodgers,LAD,0,0,UNIQLO Field at Dodger Stadium,2026-08-22T02:10:00Z,2026-08-22T02:10:00Z
mlb-823509,823509,2026-08-22,SCHEDULED,Toronto Blue Jays,TOR,New York Yankees,NYY,0,0,Yankee Stadium,2026-08-22T17:35:00Z,2026-08-22T17:35:00Z
mlb-823743,823743,2026-08-22,SCHEDULED,Atlanta Braves,ATL,Milwaukee Brewers,MIL,0,0,American Family Field,2026-08-22T18:10:00Z,2026-08-22T18:10:00Z
mlb-823831,823831,2026-08-22,SCHEDULED,Washington Nationals,WSH,Miami Marlins,MIA,0,0,loanDepot park,2026-08-22T20:10:00Z,2026-08-22T20:10:00Z
mlb-823422,823422,2026-08-22,SCHEDULED,St. Louis Cardinals,STL,Philadelphia Phillies,PHI,0,0,Citizens Bank Park,2026-08-22T22:05:00Z,2026-08-22T22:05:00Z
mlb-822858,822858,2026-08-22,SCHEDULED,Los Angeles Angels,LAA,Texas Rangers,TEX,0,0,Globe Life Field,2026-08-22T23:05:00Z,2026-08-22T23:05:00Z
mlb-824798,824798,2026-08-22,SCHEDULED,Tampa Bay Rays,TB,Baltimore Orioles,BAL,0,0,Oriole Park at Camden Yards,2026-08-22T23:05:00Z,2026-08-22T23:05:00Z
mlb-824151,824151,2026-08-22,SCHEDULED,Athletics,ATH,Houston Astros,HOU,0,0,Daikin Park,2026-08-22T23:10:00Z,2026-08-22T23:10:00Z
mlb-824560,824560,2026-08-22,SCHEDULED,New York Mets,NYM,Chicago White Sox,CWS,0,0,Rate Field,2026-08-22T23:10:00Z,2026-08-22T23:10:00Z
mlb-823100,823100,2026-08-22,SCHEDULED,Chicago Cubs,CHC,Seattle Mariners,SEA,0,0,T-Mobile Park,2026-08-22T23:15:00Z,2026-08-22T23:15:00Z
mlb-824073,824073,2026-08-22,SCHEDULED,Detroit Tigers,DET,Kansas City Royals,KC,0,0,Kauffman Stadium,2026-08-22T23:15:00Z,2026-08-22T23:15:00Z
mlb-824718,824718,2026-08-22,SCHEDULED,San Francisco Giants,SF,Boston Red Sox,BOS,0,0,Fenway Park,2026-08-22T23:15:00Z,2026-08-22T23:15:00Z
mlb-824316,824316,2026-08-22,SCHEDULED,Cleveland Guardians,CLE,Colorado Rockies,COL,0,0,Coors Field,2026-08-23T00:10:00Z,2026-08-23T00:10:00Z
mlb-825044,825044,2026-08-22,SCHEDULED,Cincinnati Reds,CIN,Arizona Diamondbacks,ARI,0,0,Chase Field,2026-08-23T00:10:00Z,2026-08-23T00:10:00Z
mlb-823261,823261,2026-08-22,SCHEDULED,Minnesota Twins,MIN,San Diego Padres,SD,0,0,Petco Park,2026-08-23T00:40:00Z,2026-08-23T00:40:00Z
mlb-823910,823910,2026-08-22,SCHEDULED,Pittsburgh Pirates,PIT,Los Angeles Dodgers,LAD,0,0,UNIQLO Field at Dodger Stadium,2026-08-23T01:10:00Z,2026-08-23T01:10:00Z
mlb-823421,823421,2026-08-23,SCHEDULED,St. Louis Cardinals,STL,Philadelphia Phillies,PHI,0,0,Citizens Bank Park,2026-08-23T17:35:00Z,2026-08-23T17:35:00Z
mlb-823507,823507,2026-08-23,SCHEDULED,Toronto Blue Jays,TOR,New York Yankees,NYY,0,0,Yankee Stadium,2026-08-23T17:35:00Z,2026-08-23T17:35:00Z
mlb-824799,824799,2026-08-23,SCHEDULED,Tampa Bay Rays,TB,Baltimore Orioles,BAL,0,0,Oriole Park at Camden Yards,2026-08-23T17:35:00Z,2026-08-23T17:35:00Z
mlb-823827,823827,2026-08-23,SCHEDULED,Washington Nationals,WSH,Miami Marlins,MIA,0,0,loanDepot park,2026-08-23T17:40:00Z,2026-08-23T17:40:00Z
mlb-824071,824071,2026-08-23,SCHEDULED,Detroit Tigers,DET,Kansas City Royals,KC,0,0,Kauffman Stadium,2026-08-23T18:10:00Z,2026-08-23T18:10:00Z
mlb-824150,824150,2026-08-23,SCHEDULED,Athletics,ATH,Houston Astros,HOU,0,0,Daikin Park,2026-08-23T18:10:00Z,2026-08-23T18:10:00Z
mlb-824558,824558,2026-08-23,SCHEDULED,New York Mets,NYM,Chicago White Sox,CWS,0,0,Rate Field,2026-08-23T18:10:00Z,2026-08-23T18:10:00Z
mlb-822856,822856,2026-08-23,SCHEDULED,Los Angeles Angels,LAA,Texas Rangers,TEX,0,0,Globe Life Field,2026-08-23T18:35:00Z,2026-08-23T18:35:00Z
mlb-824315,824315,2026-08-23,SCHEDULED,Cleveland Guardians,CLE,Colorado Rockies,COL,0,0,Coors Field,2026-08-23T19:10:00Z,2026-08-23T19:10:00Z
mlb-824720,824720,2026-08-23,SCHEDULED,San Francisco Giants,SF,Boston Red Sox,BOS,0,0,Fenway Park,2026-08-23T19:10:00Z,2026-08-23T19:10:00Z
mlb-823099,823099,2026-08-23,SCHEDULED,Chicago Cubs,CHC,Seattle Mariners,SEA,0,0,T-Mobile Park,2026-08-23T20:10:00Z,2026-08-23T20:10:00Z
mlb-823258,823258,2026-08-23,SCHEDULED,Minnesota Twins,MIN,San Diego Padres,SD,0,0,Petco Park,2026-08-23T20:10:00Z,2026-08-23T20:10:00Z
mlb-823909,823909,2026-08-23,SCHEDULED,Pittsburgh Pirates,PIT,Los Angeles Dodgers,LAD,0,0,UNIQLO Field at Dodger Stadium,2026-08-23T20:10:00Z,2026-08-23T20:10:00Z
mlb-825043,825043,2026-08-23,SCHEDULED,Cincinnati Reds,CIN,Arizona Diamondbacks,ARI,0,0,Chase Field,2026-08-23T20:15:00Z,2026-08-23T20:15:00Z
mlb-823745,823745,2026-08-23,SCHEDULED,Atlanta Braves,ATL,Milwaukee Brewers,MIL,0,0,Journey Bank Ballpark,2026-08-23T23:10:00Z,2026-08-23T23:10:00Z
mlb-823828,823828,2026-08-24,SCHEDULED,Boston Red Sox,BOS,Miami Marlins,MIA,0,0,loanDepot park,2026-08-24T22:40:00Z,2026-08-24T22:40:00Z
mlb-824235,824235,2026-08-24,SCHEDULED,Tampa Bay Rays,TB,Detroit Tigers,DET,0,0,Comerica Park,2026-08-24T22:40:00Z,2026-08-24T22:40:00Z
mlb-822695,822695,2026-08-24,SCHEDULED,Colorado Rockies,COL,Washington Nationals,WSH,0,0,Nationals Park,2026-08-24T22:45:00Z,2026-08-24T22:45:00Z
mlb-824557,824557,2026-08-24,SCHEDULED,Texas Rangers,TEX,Chicago White Sox,CWS,0,0,Rate Field,2026-08-24T23:40:00Z,2026-08-24T23:40:00Z
mlb-823992,823992,2026-08-24,SCHEDULED,Cleveland Guardians,CLE,Los Angeles Angels,LAA,0,0,Angel Stadium,2026-08-25T01:38:00Z,2026-08-25T01:38:00Z
mlb-823097,823097,2026-08-24,SCHEDULED,Philadelphia Phillies,PHI,Seattle Mariners,SEA,0,0,T-Mobile Park,2026-08-25T01:40:00Z,2026-08-25T01:40:00Z
mlb-823260,823260,2026-08-24,SCHEDULED,Pittsburgh Pirates,PIT,San Diego Padres,SD,0,0,Petco Park,2026-08-25T01:40:00Z,2026-08-25T01:40:00Z
mlb-824964,824964,2026-08-24,SCHEDULED,Minnesota Twins,MIN,Athletics,ATH,0,0,Sutter Health Park,2026-08-25T01:40:00Z,2026-08-25T01:40:00Z
mlb-825041,825041,2026-08-24,SCHEDULED,Chicago Cubs,CHC,Arizona Diamondbacks,ARI,0,0,Chase Field,2026-08-25T01:40:00Z,2026-08-25T01:40:00Z
mlb-823183,823183,2026-08-24,SCHEDULED,Cincinnati Reds,CIN,San Francisco Giants,SF,0,0,Oracle Park,2026-08-25T01:45:00Z,2026-08-25T01:45:00Z
mlb-823826,823826,2026-08-25,SCHEDULED,Boston Red Sox,BOS,Miami Marlins,MIA,0,0,loanDepot park,2026-08-25T22:40:00Z,2026-08-25T22:40:00Z
mlb-824233,824233,2026-08-25,SCHEDULED,Tampa Bay Rays,TB,Detroit Tigers,DET,0,0,Comerica Park,2026-08-25T22:40:00Z,2026-08-25T22:40:00Z
mlb-822693,822693,2026-08-25,SCHEDULED,Colorado Rockies,COL,Washington Nationals,WSH,0,0,Nationals Park,2026-08-25T22:45:00Z,2026-08-25T22:45:00Z
mlb-823505,823505,2026-08-25,SCHEDULED,Houston Astros,HOU,New York Yankees,NYY,0,0,Yankee Stadium,2026-08-25T23:05:00Z,2026-08-25T23:05:00Z
mlb-822773,822773,2026-08-25,SCHEDULED,Kansas City Royals,KC,Toronto Blue Jays,TOR,0,0,Rogers Centre,2026-08-25T23:07:00Z,2026-08-25T23:07:00Z
mlb-823585,823585,2026-08-25,SCHEDULED,Milwaukee Brewers,MIL,New York Mets,NYM,0,0,Citi Field,2026-08-25T23:10:00Z,2026-08-25T23:10:00Z
mlb-824881,824881,2026-08-25,SCHEDULED,Los Angeles Dodgers,LAD,Atlanta Braves,ATL,0,0,Truist Park,2026-08-25T23:15:00Z,2026-08-25T23:15:00Z
mlb-824556,824556,2026-08-25,SCHEDULED,Texas Rangers,TEX,Chicago White Sox,CWS,0,0,Rate Field,2026-08-25T23:40:00Z,2026-08-25T23:40:00Z
mlb-823016,823016,2026-08-25,SCHEDULED,Baltimore Orioles,BAL,St. Louis Cardinals,STL,0,0,Busch Stadium,2026-08-25T23:45:00Z,2026-08-25T23:45:00Z
mlb-823989,823989,2026-08-25,SCHEDULED,Cleveland Guardians,CLE,Los Angeles Angels,LAA,0,0,Angel Stadium,2026-08-26T01:38:00Z,2026-08-26T01:38:00Z
mlb-823098,823098,2026-08-25,SCHEDULED,Philadelphia Phillies,PHI,Seattle Mariners,SEA,0,0,T-Mobile Park,2026-08-26T01:40:00Z,2026-08-26T01:40:00Z
mlb-823259,823259,2026-08-25,SCHEDULED,Pittsburgh Pirates,PIT,San Diego Padres,SD,0,0,Petco Park,2026-08-26T01:40:00Z,2026-08-26T01:40:00Z
mlb-824962,824962,2026-08-25,SCHEDULED,Minnesota Twins,MIN,Athletics,ATH,0,0,Sutter Health Park,2026-08-26T01:40:00Z,2026-08-26T01:40:00Z
mlb-825042,825042,2026-08-25,SCHEDULED,Chicago Cubs,CHC,Arizona Diamondbacks,ARI,0,0,Chase Field,2026-08-26T01:40:00Z,2026-08-26T01:40:00Z
mlb-823181,823181,2026-08-25,SCHEDULED,Cincinnati Reds,CIN,San Francisco Giants,SF,0,0,Oracle Park,2026-08-26T01:45:00Z,2026-08-26T01:45:00Z
mlb-824234,824234,2026-08-26,SCHEDULED,Tampa Bay Rays,TB,Detroit Tigers,DET,0,0,Comerica Park,2026-08-26T17:10:00Z,2026-08-26T17:10:00Z
mlb-825039,825039,2026-08-26,SCHEDULED,Chicago Cubs,CHC,Arizona Diamondbacks,ARI,0,0,Chase Field,2026-08-26T19:40:00Z,2026-08-26T19:40:00Z
mlb-823180,823180,2026-08-26,SCHEDULED,Cincinnati Reds,CIN,San Francisco Giants,SF,0,0,Oracle Park,2026-08-26T19:45:00Z,2026-08-26T19:45:00Z
mlb-823988,823988,2026-08-26,SCHEDULED,Cleveland Guardians,CLE,Los Angeles Angels,LAA,0,0,Angel Stadium,2026-08-26T20:07:00Z,2026-08-26T20:07:00Z
mlb-823096,823096,2026-08-26,SCHEDULED,Philadelphia Phillies,PHI,Seattle Mariners,SEA,0,0,T-Mobile Park,2026-08-26T20:10:00Z,2026-08-26T20:10:00Z
mlb-823255,823255,2026-08-26,SCHEDULED,Pittsburgh Pirates,PIT,San Diego Padres,SD,0,0,Petco Park,2026-08-26T20:10:00Z,2026-08-26T20:10:00Z
mlb-823825,823825,2026-08-26,SCHEDULED,Boston Red Sox,BOS,Miami Marlins,MIA,0,0,loanDepot park,2026-08-26T22:40:00Z,2026-08-26T22:40:00Z
mlb-822692,822692,2026-08-26,SCHEDULED,Colorado Rockies,COL,Washington Nationals,WSH,0,0,Nationals Park,2026-08-26T22:45:00Z,2026-08-26T22:45:00Z
mlb-823506,823506,2026-08-26,SCHEDULED,Houston Astros,HOU,New York Yankees,NYY,0,0,Yankee Stadium,2026-08-26T23:05:00Z,2026-08-26T23:05:00Z
mlb-822772,822772,2026-08-26,SCHEDULED,Kansas City Royals,KC,Toronto Blue Jays,TOR,0,0,Rogers Centre,2026-08-26T23:07:00Z,2026-08-26T23:07:00Z
mlb-823584,823584,2026-08-26,SCHEDULED,Milwaukee Brewers,MIL,New York Mets,NYM,0,0,Citi Field,2026-08-26T23:10:00Z,2026-08-26T23:10:00Z
mlb-824878,824878,2026-08-26,SCHEDULED,Los Angeles Dodgers,LAD,Atlanta Braves,ATL,0,0,Truist Park,2026-08-26T23:15:00Z,2026-08-26T23:15:00Z
mlb-824555,824555,2026-08-26,SCHEDULED,Texas Rangers,TEX,Chicago White Sox,CWS,0,0,Rate Field,2026-08-26T23:40:00Z,2026-08-26T23:40:00Z
mlb-823015,823015,2026-08-26,SCHEDULED,Baltimore Orioles,BAL,St. Louis Cardinals,STL,0,0,Busch Stadium,2026-08-26T23:45:00Z,2026-08-26T23:45:00Z
mlb-824963,824963,2026-08-26,SCHEDULED,Minnesota Twins,MIN,Athletics,ATH,0,0,Sutter Health Park,2026-08-27T01:05:00Z,2026-08-27T01:05:00Z
mlb-822694,822694,2026-08-27,SCHEDULED,Colorado Rockies,COL,Washington Nationals,WSH,0,0,Nationals Park,2026-08-27T17:05:00Z,2026-08-27T17:05:00Z
mlb-823014,823014,2026-08-27,SCHEDULED,Baltimore Orioles,BAL,St. Louis Cardinals,STL,0,0,Busch Stadium,2026-08-27T18:15:00Z,2026-08-27T18:15:00Z
mlb-823503,823503,2026-08-27,SCHEDULED,Houston Astros,HOU,New York Yankees,NYY,0,0,Yankee Stadium,2026-08-27T23:05:00Z,2026-08-27T23:05:00Z
mlb-822771,822771,2026-08-27,SCHEDULED,Kansas City Royals,KC,Toronto Blue Jays,TOR,0,0,Rogers Centre,2026-08-27T23:07:00Z,2026-08-27T23:07:00Z
mlb-823581,823581,2026-08-27,SCHEDULED,Milwaukee Brewers,MIL,New York Mets,NYM,0,0,Citi Field,2026-08-27T23:10:00Z,2026-08-27T23:10:00Z
mlb-824879,824879,2026-08-27,SCHEDULED,Los Angeles Dodgers,LAD,Atlanta Braves,ATL,0,0,Truist Park,2026-08-27T23:15:00Z,2026-08-27T23:15:00Z
mlb-823179,823179,2026-08-27,SCHEDULED,Arizona Diamondbacks,ARI,San Francisco Giants,SF,0,0,Oracle Park,2026-08-28T01:45:00Z,2026-08-28T01:45:00Z
mlb-824638,824638,2026-08-28,SCHEDULED,Cincinnati Reds,CIN,Chicago Cubs,CHC,0,0,Wrigley Field,2026-08-28T18:20:00Z,2026-08-28T18:20:00Z
mlb-824231,824231,2026-08-28,SCHEDULED,Los Angeles Dodgers,LAD,Detroit Tigers,DET,0,0,Comerica Park,2026-08-28T22:40:00Z,2026-08-28T22:40:00Z
mlb-822691,822691,2026-08-28,SCHEDULED,Miami Marlins,MIA,Washington Nationals,WSH,0,0,Nationals Park,2026-08-28T22:45:00Z,2026-08-28T22:45:00Z
mlb-823504,823504,2026-08-28,SCHEDULED,Boston Red Sox,BOS,New York Yankees,NYY,0,0,Yankee Stadium,2026-08-28T23:05:00Z,2026-08-28T23:05:00Z
mlb-822769,822769,2026-08-28,SCHEDULED,Seattle Mariners,SEA,Toronto Blue Jays,TOR,0,0,Rogers Centre,2026-08-28T23:07:00Z,2026-08-28T23:07:00Z
mlb-822935,822935,2026-08-28,SCHEDULED,San Diego Padres,SD,Tampa Bay Rays,TB,0,0,Tropicana Field,2026-08-28T23:10:00Z,2026-08-28T23:10:00Z
mlb-823583,823583,2026-08-28,SCHEDULED,Houston Astros,HOU,New York Mets,NYM,0,0,Citi Field,2026-08-28T23:10:00Z,2026-08-28T23:10:00Z
mlb-824396,824396,2026-08-28,SCHEDULED,Kansas City Royals,KC,Cleveland Guardians,CLE,0,0,Progressive Field,2026-08-28T23:10:00Z,2026-08-28T23:10:00Z
mlb-824877,824877,2026-08-28,SCHEDULED,Colorado Rockies,COL,Atlanta Braves,ATL,0,0,Truist Park,2026-08-28T23:15:00Z,2026-08-28T23:15:00Z
mlb-823744,823744,2026-08-28,SCHEDULED,Texas Rangers,TEX,Milwaukee Brewers,MIL,0,0,American Family Field,2026-08-28T23:40:00Z,2026-08-28T23:40:00Z
mlb-823666,823666,2026-08-28,SCHEDULED,Chicago White Sox,CWS,Minnesota Twins,MIN,0,0,Target Field,2026-08-29T00:10:00Z,2026-08-29T00:10:00Z
mlb-823013,823013,2026-08-28,SCHEDULED,Pittsburgh Pirates,PIT,St. Louis Cardinals,STL,0,0,Busch Stadium,2026-08-29T00:15:00Z,2026-08-29T00:15:00Z
mlb-823985,823985,2026-08-28,SCHEDULED,Philadelphia Phillies,PHI,Los Angeles Angels,LAA,0,0,Angel Stadium,2026-08-29T01:38:00Z,2026-08-29T01:38:00Z
mlb-824960,824960,2026-08-28,SCHEDULED,Baltimore Orioles,BAL,Athletics,ATH,0,0,Sutter Health Park,2026-08-29T01:40:00Z,2026-08-29T01:40:00Z
mlb-823178,823178,2026-08-28,SCHEDULED,Arizona Diamondbacks,ARI,San Francisco Giants,SF,0,0,Oracle Park,2026-08-29T02:15:00Z,2026-08-29T02:15:00Z
mlb-824230,824230,2026-08-29,SCHEDULED,Los Angeles Dodgers,LAD,Detroit Tigers,DET,0,0,Comerica Park,2026-08-29T17:10:00Z,2026-08-29T17:10:00Z
mlb-823665,823665,2026-08-29,SCHEDULED,Chicago White Sox,CWS,Minnesota Twins,MIN,0,0,Target Field,2026-08-29T18:10:00Z,2026-08-29T18:10:00Z
mlb-823011,823011,2026-08-29,SCHEDULED,Pittsburgh Pirates,PIT,St. Louis Cardinals,STL,0,0,Busch Stadium,2026-08-29T18:15:00Z,2026-08-29T18:15:00Z
mlb-824637,824637,2026-08-29,SCHEDULED,Cincinnati Reds,CIN,Chicago Cubs,CHC,0,0,Wrigley Field,2026-08-29T18:20:00Z,2026-08-29T18:20:00Z
mlb-822770,822770,2026-08-29,SCHEDULED,Seattle Mariners,SEA,Toronto Blue Jays,TOR,0,0,Rogers Centre,2026-08-29T19:07:00Z,2026-08-29T19:07:00Z
mlb-822690,822690,2026-08-29,SCHEDULED,Miami Marlins,MIA,Washington Nationals,WSH,0,0,Nationals Park,2026-08-29T20:05:00Z,2026-08-29T20:05:00Z
mlb-822936,822936,2026-08-29,SCHEDULED,San Diego Padres,SD,Tampa Bay Rays,TB,0,0,Tropicana Field,2026-08-29T20:10:00Z,2026-08-29T20:10:00Z
mlb-823582,823582,2026-08-29,SCHEDULED,Houston Astros,HOU,New York Mets,NYM,0,0,Citi Field,2026-08-29T20:10:00Z,2026-08-29T20:10:00Z
mlb-824392,824392,2026-08-29,SCHEDULED,Kansas City Royals,KC,Cleveland Guardians,CLE,0,0,Progressive Field,2026-08-29T20:10:00Z,2026-08-29T20:10:00Z
mlb-824874,824874,2026-08-29,SCHEDULED,Colorado Rockies,COL,Atlanta Braves,ATL,0,0,Truist Park,2026-08-29T20:10:00Z,2026-08-29T20:10:00Z
mlb-823501,823501,2026-08-29,SCHEDULED,Boston Red Sox,BOS,New York Yankees,NYY,0,0,Yankee Stadium,2026-08-29T23:15:00Z,2026-08-29T23:15:00Z
mlb-823741,823741,2026-08-29,SCHEDULED,Texas Rangers,TEX,Milwaukee Brewers,MIL,0,0,American Family Field,2026-08-29T23:15:00Z,2026-08-29T23:15:00Z
mlb-823176,823176,2026-08-29,SCHEDULED,Arizona Diamondbacks,ARI,San Francisco Giants,SF,0,0,Oracle Park,2026-08-30T02:05:00Z,2026-08-30T02:05:00Z
mlb-824961,824961,2026-08-29,SCHEDULED,Baltimore Orioles,BAL,Athletics,ATH,0,0,Sutter Health Park,2026-08-30T02:05:00Z,2026-08-30T02:05:00Z
mlb-823986,823986,2026-08-29,SCHEDULED,Philadelphia Phillies,PHI,Los Angeles Angels,LAA,0,0,Angel Stadium,2026-08-30T02:07:00Z,2026-08-30T02:07:00Z
mlb-822688,822688,2026-08-30,SCHEDULED,Miami Marlins,MIA,Washington Nationals,WSH,0,0,Nationals Park,2026-08-30T16:15:00Z,2026-08-30T16:15:00Z
mlb-823502,823502,2026-08-30,SCHEDULED,Boston Red Sox,BOS,New York Yankees,NYY,0,0,Yankee Stadium,2026-08-30T17:35:00Z,2026-08-30T17:35:00Z
mlb-824876,824876,2026-08-30,SCHEDULED,Colorado Rockies,COL,Atlanta Braves,ATL,0,0,Truist Park,2026-08-30T17:35:00Z,2026-08-30T17:35:00Z
mlb-822766,822766,2026-08-30,SCHEDULED,Seattle Mariners,SEA,Toronto Blue Jays,TOR,0,0,Rogers Centre,2026-08-30T17:37:00Z,2026-08-30T17:37:00Z
mlb-822933,822933,2026-08-30,SCHEDULED,San Diego Padres,SD,Tampa Bay Rays,TB,0,0,Tropicana Field,2026-08-30T17:40:00Z,2026-08-30T17:40:00Z
mlb-824232,824232,2026-08-30,SCHEDULED,Los Angeles Dodgers,LAD,Detroit Tigers,DET,0,0,Comerica Park,2026-08-30T17:40:00Z,2026-08-30T17:40:00Z
mlb-824393,824393,2026-08-30,SCHEDULED,Kansas City Royals,KC,Cleveland Guardians,CLE,0,0,Progressive Field,2026-08-30T17:40:00Z,2026-08-30T17:40:00Z
mlb-823662,823662,2026-08-30,SCHEDULED,Chicago White Sox,CWS,Minnesota Twins,MIN,0,0,Target Field,2026-08-30T18:10:00Z,2026-08-30T18:10:00Z
mlb-823740,823740,2026-08-30,SCHEDULED,Texas Rangers,TEX,Milwaukee Brewers,MIL,0,0,American Family Field,2026-08-30T18:10:00Z,2026-08-30T18:10:00Z
mlb-823010,823010,2026-08-30,SCHEDULED,Pittsburgh Pirates,PIT,St. Louis Cardinals,STL,0,0,Busch Stadium,2026-08-30T18:15:00Z,2026-08-30T18:15:00Z
mlb-824636,824636,2026-08-30,SCHEDULED,Cincinnati Reds,CIN,Chicago Cubs,CHC,0,0,Wrigley Field,2026-08-30T19:10:00Z,2026-08-30T19:10:00Z
mlb-823177,823177,2026-08-30,SCHEDULED,Arizona Diamondbacks,ARI,San Francisco Giants,SF,0,0,Oracle Park,2026-08-30T20:05:00Z,2026-08-30T20:05:00Z
mlb-824959,824959,2026-08-30,SCHEDULED,Baltimore Orioles,BAL,Athletics,ATH,0,0,Sutter Health Park,2026-08-30T20:05:00Z,2026-08-30T20:05:00Z
mlb-823987,823987,2026-08-30,SCHEDULED,Philadelphia Phillies,PHI,Los Angeles Angels,LAA,0,0,Angel Stadium,2026-08-30T20:07:00Z,2026-08-30T20:07:00Z
mlb-823580,823580,2026-08-30,SCHEDULED,Houston Astros,HOU,New York Mets,NYM,0,0,Citi Field,2026-08-30T23:20:00Z,2026-08-30T23:20:00Z
mlb-822932,822932,2026-08-31,SCHEDULED,New York Mets,NYM,Tampa Bay Rays,TB,0,0,Tropicana Field,2026-08-31T22:40:00Z,2026-08-31T22:40:00Z
mlb-824473,824473,2026-08-31,SCHEDULED,San Diego Padres,SD,Cincinnati Reds,CIN,0,0,Great American Ball Park,2026-08-31T22:40:00Z,2026-08-31T22:40:00Z
mlb-822689,822689,2026-08-31,SCHEDULED,Miami Marlins,MIA,Washington Nationals,WSH,0,0,Nationals Park,2026-08-31T22:45:00Z,2026-08-31T22:45:00Z
mlb-824719,824719,2026-08-31,SCHEDULED,Seattle Mariners,SEA,Boston Red Sox,BOS,0,0,Fenway Park,2026-08-31T22:45:00Z,2026-08-31T22:45:00Z
mlb-823663,823663,2026-08-31,SCHEDULED,Detroit Tigers,DET,Minnesota Twins,MIN,0,0,Target Field,2026-08-31T23:40:00Z,2026-08-31T23:40:00Z
mlb-824635,824635,2026-08-31,SCHEDULED,Milwaukee Brewers,MIL,Chicago Cubs,CHC,0,0,Wrigley Field,2026-08-31T23:40:00Z,2026-08-31T23:40:00Z
mlb-822855,822855,2026-08-31,SCHEDULED,Athletics,ATH,Texas Rangers,TEX,0,0,Globe Life Field,2026-09-01T00:05:00Z,2026-09-01T00:05:00Z
mlb-824149,824149,2026-08-31,SCHEDULED,Chicago White Sox,CWS,Houston Astros,HOU,0,0,Daikin Park,2026-09-01T00:10:00Z,2026-09-01T00:10:00Z
mlb-824314,824314,2026-08-31,SCHEDULED,Baltimore Orioles,BAL,Colorado Rockies,COL,0,0,Coors Field,2026-09-01T00:40:00Z,2026-09-01T00:40:00Z
mlb-823982,823982,2026-08-31,SCHEDULED,New York Yankees,NYY,Los Angeles Angels,LAA,0,0,Angel Stadium,2026-09-01T01:38:00Z,2026-09-01T01:38:00Z
mlb-825040,825040,2026-08-31,SCHEDULED,Philadelphia Phillies,PHI,Arizona Diamondbacks,ARI,0,0,Chase Field,2026-09-01T01:40:00Z,2026-09-01T01:40:00Z
mlb-822929,822929,2026-09-01,SCHEDULED,New York Mets,NYM,Tampa Bay Rays,TB,0,0,Tropicana Field,2026-09-01T22:40:00Z,2026-09-01T22:40:00Z
mlb-823340,823340,2026-09-01,SCHEDULED,San Francisco Giants,SF,Pittsburgh Pirates,PIT,0,0,PNC Park,2026-09-01T22:40:00Z,2026-09-01T22:40:00Z
mlb-824391,824391,2026-09-01,SCHEDULED,Toronto Blue Jays,TOR,Cleveland Guardians,CLE,0,0,Progressive Field,2026-09-01T22:40:00Z,2026-09-01T22:40:00Z
mlb-824472,824472,2026-09-01,SCHEDULED,San Diego Padres,SD,Cincinnati Reds,CIN,0,0,Great American Ball Park,2026-09-01T22:40:00Z,2026-09-01T22:40:00Z
mlb-822687,822687,2026-09-01,SCHEDULED,Atlanta Braves,ATL,Washington Nationals,WSH,0,0,Nationals Park,2026-09-01T22:45:00Z,2026-09-01T22:45:00Z
mlb-824716,824716,2026-09-01,SCHEDULED,Seattle Mariners,SEA,Boston Red Sox,BOS,0,0,Fenway Park,2026-09-01T22:45:00Z,2026-09-01T22:45:00Z
mlb-823661,823661,2026-09-01,SCHEDULED,Detroit Tigers,DET,Minnesota Twins,MIN,0,0,Target Field,2026-09-01T23:40:00Z,2026-09-01T23:40:00Z
mlb-824070,824070,2026-09-01,SCHEDULED,Miami Marlins,MIA,Kansas City Royals,KC,0,0,Kauffman Stadium,2026-09-01T23:40:00Z,2026-09-01T23:40:00Z
mlb-824633,824633,2026-09-01,SCHEDULED,Milwaukee Brewers,MIL,Chicago Cubs,CHC,0,0,Wrigley Field,2026-09-01T23:40:00Z,2026-09-01T23:40:00Z
mlb-822854,822854,2026-09-01,SCHEDULED,Athletics,ATH,Texas Rangers,TEX,0,0,Globe Life Field,2026-09-02T00:05:00Z,2026-09-02T00:05:00Z
mlb-824148,824148,2026-09-01,SCHEDULED,Chicago White Sox,CWS,Houston Astros,HOU,0,0,Daikin Park,2026-09-02T00:10:00Z,2026-09-02T00:10:00Z
mlb-824313,824313,2026-09-01,SCHEDULED,Baltimore Orioles,BAL,Colorado Rockies,COL,0,0,Coors Field,2026-09-02T00:40:00Z,2026-09-02T00:40:00Z
mlb-823984,823984,2026-09-01,SCHEDULED,New York Yankees,NYY,Los Angeles Angels,LAA,0,0,Angel Stadium,2026-09-02T01:38:00Z,2026-09-02T01:38:00Z
mlb-825038,825038,2026-09-01,SCHEDULED,Philadelphia Phillies,PHI,Arizona Diamondbacks,ARI,0,0,Chase Field,2026-09-02T01:40:00Z,2026-09-02T01:40:00Z
mlb-823908,823908,2026-09-01,SCHEDULED,St. Louis Cardinals,STL,Los Angeles Dodgers,LAD,0,0,UNIQLO Field at Dodger Stadium,2026-09-02T02:10:00Z,2026-09-02T02:10:00Z
mlb-824470,824470,2026-09-02,SCHEDULED,San Diego Padres,SD,Cincinnati Reds,CIN,0,0,Great American Ball Park,2026-09-02T16:40:00Z,2026-09-02T16:40:00Z
mlb-822686,822686,2026-09-02,SCHEDULED,Atlanta Braves,ATL,Washington Nationals,WSH,0,0,Nationals Park,2026-09-02T17:05:00Z,2026-09-02T17:05:00Z
mlb-822851,822851,2026-09-02,SCHEDULED,Athletics,ATH,Texas Rangers,TEX,0,0,Globe Life Field,2026-09-02T18:35:00Z,2026-09-02T18:35:00Z
mlb-824312,824312,2026-09-02,SCHEDULED,Baltimore Orioles,BAL,Colorado Rockies,COL,0,0,Coors Field,2026-09-02T19:10:00Z,2026-09-02T19:10:00Z
mlb-825037,825037,2026-09-02,SCHEDULED,Philadelphia Phillies,PHI,Arizona Diamondbacks,ARI,0,0,Chase Field,2026-09-02T19:40:00Z,2026-09-02T19:40:00Z
mlb-824717,824717,2026-09-02,SCHEDULED,Seattle Mariners,SEA,Boston Red Sox,BOS,0,0,Fenway Park,2026-09-02T20:10:00Z,2026-09-02T20:10:00Z
mlb-822931,822931,2026-09-02,SCHEDULED,New York Mets,NYM,Tampa Bay Rays,TB,0,0,Tropicana Field,2026-09-02T22:40:00Z,2026-09-02T22:40:00Z
mlb-823339,823339,2026-09-02,SCHEDULED,San Francisco Giants,SF,Pittsburgh Pirates,PIT,0,0,PNC Park,2026-09-02T22:40:00Z,2026-09-02T22:40:00Z
mlb-824390,824390,2026-09-02,SCHEDULED,Toronto Blue Jays,TOR,Cleveland Guardians,CLE,0,0,Progressive Field,2026-09-02T22:40:00Z,2026-09-02T22:40:00Z
mlb-823660,823660,2026-09-02,SCHEDULED,Detroit Tigers,DET,Minnesota Twins,MIN,0,0,Target Field,2026-09-02T23:40:00Z,2026-09-02T23:40:00Z
mlb-824068,824068,2026-09-02,SCHEDULED,Miami Marlins,MIA,Kansas City Royals,KC,0,0,Kauffman Stadium,2026-09-02T23:40:00Z,2026-09-02T23:40:00Z
mlb-824634,824634,2026-09-02,SCHEDULED,Milwaukee Brewers,MIL,Chicago Cubs,CHC,0,0,Wrigley Field,2026-09-02T23:40:00Z,2026-09-02T23:40:00Z
mlb-824147,824147,2026-09-02,SCHEDULED,Chicago White Sox,CWS,Houston Astros,HOU,0,0,Daikin Park,2026-09-03T00:10:00Z,2026-09-03T00:10:00Z
mlb-823983,823983,2026-09-02,SCHEDULED,New York Yankees,NYY,Los Angeles Angels,LAA,0,0,Angel Stadium,2026-09-03T01:38:00Z,2026-09-03T01:38:00Z
mlb-823906,823906,2026-09-02,SCHEDULED,St. Louis Cardinals,STL,Los Angeles Dodgers,LAD,0,0,UNIQLO Field at Dodger Stadium,2026-09-03T02:10:00Z,2026-09-03T02:10:00Z
mlb-823337,823337,2026-09-03,SCHEDULED,San Francisco Giants,SF,Pittsburgh Pirates,PIT,0,0,PNC Park,2026-09-03T16:35:00Z,2026-09-03T16:35:00Z
mlb-824388,824388,2026-09-03,SCHEDULED,Toronto Blue Jays,TOR,Cleveland Guardians,CLE,0,0,Progressive Field,2026-09-03T17:10:00Z,2026-09-03T17:10:00Z
mlb-824144,824144,2026-09-03,SCHEDULED,Chicago White Sox,CWS,Houston Astros,HOU,0,0,Daikin Park,2026-09-03T18:10:00Z,2026-09-03T18:10:00Z
mlb-824796,824796,2026-09-03,SCHEDULED,Boston Red Sox,BOS,Baltimore Orioles,BAL,0,0,Oriole Park at Camden Yards,2026-09-03T22:35:00Z,2026-09-03T22:35:00Z
mlb-824069,824069,2026-09-03,SCHEDULED,Miami Marlins,MIA,Kansas City Royals,KC,0,0,Kauffman Stadium,2026-09-03T23:40:00Z,2026-09-03T23:40:00Z
mlb-824632,824632,2026-09-03,SCHEDULED,Milwaukee Brewers,MIL,Chicago Cubs,CHC,0,0,Wrigley Field,2026-09-03T23:40:00Z,2026-09-03T23:40:00Z
mlb-822853,822853,2026-09-03,SCHEDULED,Tampa Bay Rays,TB,Texas Rangers,TEX,0,0,Globe Life Field,2026-09-04T00:05:00Z,2026-09-04T00:05:00Z
mlb-823095,823095,2026-09-03,SCHEDULED,Athletics,ATH,Seattle Mariners,SEA,0,0,T-Mobile Park,2026-09-04T01:40:00Z,2026-09-04T01:40:00Z
mlb-823907,823907,2026-09-03,SCHEDULED,St. Louis Cardinals,STL,Los Angeles Dodgers,LAD,0,0,UNIQLO Field at Dodger Stadium,2026-09-04T02:10:00Z,2026-09-04T02:10:00Z
mlb-824471,824471,2026-09-04,SCHEDULED,Milwaukee Brewers,MIL,Cincinnati Reds,CIN,0,0,Great American Ball Park,2026-09-04T22:10:00Z,2026-09-04T22:10:00Z
mlb-823338,823338,2026-09-04,SCHEDULED,Los Angeles Angels,LAA,Pittsburgh Pirates,PIT,0,0,PNC Park,2026-09-04T22:40:00Z,2026-09-04T22:40:00Z
mlb-823418,823418,2026-09-04,SCHEDULED,Atlanta Braves,ATL,Philadelphia Phillies,PHI,0,0,Citizens Bank Park,2026-09-04T22:40:00Z,2026-09-04T22:40:00Z
mlb-824797,824797,2026-09-04,SCHEDULED,Boston Red Sox,BOS,Baltimore Orioles,BAL,0,0,Oriole Park at Camden Yards,2026-09-04T23:05:00Z,2026-09-04T23:05:00Z
mlb-823579,823579,2026-09-04,SCHEDULED,San Francisco Giants,SF,New York Mets,NYM,0,0,Citi Field,2026-09-04T23:10:00Z,2026-09-04T23:10:00Z
mlb-823824,823824,2026-09-04,SCHEDULED,Chicago Cubs,CHC,Miami Marlins,MIA,0,0,loanDepot park,2026-09-04T23:10:00Z,2026-09-04T23:10:00Z
mlb-824387,824387,2026-09-04,SCHEDULED,Detroit Tigers,DET,Cleveland Guardians,CLE,0,0,Progressive Field,2026-09-04T23:10:00Z,2026-09-04T23:10:00Z
mlb-824554,824554,2026-09-04,SCHEDULED,Minnesota Twins,MIN,Chicago White Sox,CWS,0,0,Rate Field,2026-09-04T23:40:00Z,2026-09-04T23:40:00Z
mlb-822852,822852,2026-09-04,SCHEDULED,Tampa Bay Rays,TB,Texas Rangers,TEX,0,0,Globe Life Field,2026-09-05T00:05:00Z,2026-09-05T00:05:00Z
mlb-824067,824067,2026-09-04,SCHEDULED,Toronto Blue Jays,TOR,Kansas City Royals,KC,0,0,Kauffman Stadium,2026-09-05T00:10:00Z,2026-09-05T00:10:00Z
mlb-824146,824146,2026-09-04,SCHEDULED,Arizona Diamondbacks,ARI,Houston Astros,HOU,0,0,Daikin Park,2026-09-05T00:10:00Z,2026-09-05T00:10:00Z
mlb-824311,824311,2026-09-04,SCHEDULED,St. Louis Cardinals,STL,Colorado Rockies,COL,0,0,Coors Field,2026-09-05T00:40:00Z,2026-09-05T00:40:00Z
mlb-823256,823256,2026-09-04,SCHEDULED,New York Yankees,NYY,San Diego Padres,SD,0,0,Petco Park,2026-09-05T01:40:00Z,2026-09-05T01:40:00Z
mlb-823093,823093,2026-09-04,SCHEDULED,Athletics,ATH,Seattle Mariners,SEA,0,0,T-Mobile Park,2026-09-05T02:10:00Z,2026-09-05T02:10:00Z
mlb-823905,823905,2026-09-04,SCHEDULED,Washington Nationals,WSH,Los Angeles Dodgers,LAD,0,0,UNIQLO Field at Dodger Stadium,2026-09-05T02:10:00Z,2026-09-05T02:10:00Z
mlb-823577,823577,2026-09-05,SCHEDULED,San Francisco Giants,SF,New York Mets,NYM,0,0,Citi Field,2026-09-05T20:10:00Z,2026-09-05T20:10:00Z
mlb-823823,823823,2026-09-05,SCHEDULED,Chicago Cubs,CHC,Miami Marlins,MIA,0,0,loanDepot park,2026-09-05T20:10:00Z,2026-09-05T20:10:00Z
mlb-823419,823419,2026-09-05,SCHEDULED,Atlanta Braves,ATL,Philadelphia Phillies,PHI,0,0,Citizens Bank Park,2026-09-05T22:05:00Z,2026-09-05T22:05:00Z
mlb-823335,823335,2026-09-05,SCHEDULED,Los Angeles Angels,LAA,Pittsburgh Pirates,PIT,0,0,PNC Park,2026-09-05T22:40:00Z,2026-09-05T22:40:00Z
mlb-824468,824468,2026-09-05,SCHEDULED,Milwaukee Brewers,MIL,Cincinnati Reds,CIN,0,0,Great American Ball Park,2026-09-05T22:40:00Z,2026-09-05T22:40:00Z
mlb-822850,822850,2026-09-05,SCHEDULED,Tampa Bay Rays,TB,Texas Rangers,TEX,0,0,Globe Life Field,2026-09-05T23:05:00Z,2026-09-05T23:05:00Z
mlb-824066,824066,2026-09-05,SCHEDULED,Toronto Blue Jays,TOR,Kansas City Royals,KC,0,0,Kauffman Stadium,2026-09-05T23:10:00Z,2026-09-05T23:10:00Z
mlb-824553,824553,2026-09-05,SCHEDULED,Minnesota Twins,MIN,Chicago White Sox,CWS,0,0,Rate Field,2026-09-05T23:10:00Z,2026-09-05T23:10:00Z
mlb-824145,824145,2026-09-05,SCHEDULED,Arizona Diamondbacks,ARI,Houston Astros,HOU,0,0,Daikin Park,2026-09-05T23:15:00Z,2026-09-05T23:15:00Z
mlb-824389,824389,2026-09-05,SCHEDULED,Detroit Tigers,DET,Cleveland Guardians,CLE,0,0,Progressive Field,2026-09-05T23:15:00Z,2026-09-05T23:15:00Z
mlb-824795,824795,2026-09-05,SCHEDULED,Boston Red Sox,BOS,Baltimore Orioles,BAL,0,0,Oriole Park at Camden Yards,2026-09-05T23:15:00Z,2026-09-05T23:15:00Z
mlb-824310,824310,2026-09-05,SCHEDULED,St. Louis Cardinals,STL,Colorado Rockies,COL,0,0,Coors Field,2026-09-06T00:10:00Z,2026-09-06T00:10:00Z
mlb-823257,823257,2026-09-05,SCHEDULED,New York Yankees,NYY,San Diego Padres,SD,0,0,Petco Park,2026-09-06T00:40:00Z,2026-09-06T00:40:00Z
mlb-823904,823904,2026-09-05,SCHEDULED,Washington Nationals,WSH,Los Angeles Dodgers,LAD,0,0,UNIQLO Field at Dodger Stadium,2026-09-06T01:10:00Z,2026-09-06T01:10:00Z
mlb-823094,823094,2026-09-05,SCHEDULED,Athletics,ATH,Seattle Mariners,SEA,0,0,T-Mobile Park,2026-09-06T01:40:00Z,2026-09-06T01:40:00Z
mlb-824469,824469,2026-09-06,SCHEDULED,Milwaukee Brewers,MIL,Cincinnati Reds,CIN,0,0,Great American Ball Park,2026-09-06T16:10:00Z,2026-09-06T16:10:00Z
mlb-823417,823417,2026-09-06,SCHEDULED,Atlanta Braves,ATL,Philadelphia Phillies,PHI,0,0,Citizens Bank Park,2026-09-06T17:10:00Z,2026-09-06T17:10:00Z
mlb-823336,823336,2026-09-06,SCHEDULED,Los Angeles Angels,LAA,Pittsburgh Pirates,PIT,0,0,PNC Park,2026-09-06T17:35:00Z,2026-09-06T17:35:00Z
mlb-824794,824794,2026-09-06,SCHEDULED,Boston Red Sox,BOS,Baltimore Orioles,BAL,0,0,Oriole Park at Camden Yards,2026-09-06T17:35:00Z,2026-09-06T17:35:00Z
mlb-823578,823578,2026-09-06,SCHEDULED,San Francisco Giants,SF,New York Mets,NYM,0,0,Citi Field,2026-09-06T17:40:00Z,2026-09-06T17:40:00Z
mlb-823822,823822,2026-09-06,SCHEDULED,Chicago Cubs,CHC,Miami Marlins,MIA,0,0,loanDepot park,2026-09-06T17:40:00Z,2026-09-06T17:40:00Z
mlb-824385,824385,2026-09-06,SCHEDULED,Detroit Tigers,DET,Cleveland Guardians,CLE,0,0,Progressive Field,2026-09-06T17:40:00Z,2026-09-06T17:40:00Z
mlb-824142,824142,2026-09-06,SCHEDULED,Arizona Diamondbacks,ARI,Houston Astros,HOU,0,0,Daikin Park,2026-09-06T18:10:00Z,2026-09-06T18:10:00Z
mlb-824552,824552,2026-09-06,SCHEDULED,Minnesota Twins,MIN,Chicago White Sox,CWS,0,0,Rate Field,2026-09-06T18:10:00Z,2026-09-06T18:10:00Z
mlb-822848,822848,2026-09-06,SCHEDULED,Tampa Bay Rays,TB,Texas Rangers,TEX,0,0,Globe Life Field,2026-09-06T18:35:00Z,2026-09-06T18:35:00Z
mlb-824309,824309,2026-09-06,SCHEDULED,St. Louis Cardinals,STL,Colorado Rockies,COL,0,0,Coors Field,2026-09-06T19:10:00Z,2026-09-06T19:10:00Z
mlb-823091,823091,2026-09-06,SCHEDULED,Athletics,ATH,Seattle Mariners,SEA,0,0,T-Mobile Park,2026-09-06T20:10:00Z,2026-09-06T20:10:00Z
mlb-823253,823253,2026-09-06,SCHEDULED,New York Yankees,NYY,San Diego Padres,SD,0,0,Petco Park,2026-09-06T20:10:00Z,2026-09-06T20:10:00Z
mlb-824065,824065,2026-09-06,SCHEDULED,Toronto Blue Jays,TOR,Kansas City Royals,KC,0,0,Kauffman Stadium,2026-09-06T23:20:00Z,2026-09-06T23:20:00Z
mlb-823903,823903,2026-09-06,SCHEDULED,Washington Nationals,WSH,Los Angeles Dodgers,LAD,0,0,UNIQLO Field at Dodger Stadium,2026-09-07T02:10:00Z,2026-09-07T02:10:00Z
mlb-823415,823415,2026-09-07,SCHEDULED,Atlanta Braves,ATL,Philadelphia Phillies,PHI,0,0,Citizens Bank Park,2026-09-07T17:05:00Z,2026-09-07T17:05:00Z
mlb-823820,823820,2026-09-07,SCHEDULED,New York Mets,NYM,Miami Marlins,MIA,0,0,loanDepot park,2026-09-07T17:10:00Z,2026-09-07T17:10:00Z
mlb-824229,824229,2026-09-07,SCHEDULED,Minnesota Twins,MIN,Detroit Tigers,DET,0,0,Comerica Park,2026-09-07T17:10:00Z,2026-09-07T17:10:00Z
mlb-824715,824715,2026-09-07,SCHEDULED,Los Angeles Angels,LAA,Boston Red Sox,BOS,0,0,Fenway Park,2026-09-07T17:35:00Z,2026-09-07T17:35:00Z
mlb-824793,824793,2026-09-07,SCHEDULED,Cleveland Guardians,CLE,Baltimore Orioles,BAL,0,0,Oriole Park at Camden Yards,2026-09-07T17:35:00Z,2026-09-07T17:35:00Z
mlb-823742,823742,2026-09-07,SCHEDULED,Chicago Cubs,CHC,Milwaukee Brewers,MIL,0,0,American Family Field,2026-09-07T18:10:00Z,2026-09-07T18:10:00Z
mlb-824062,824062,2026-09-07,SCHEDULED,Arizona Diamondbacks,ARI,Kansas City Royals,KC,0,0,Kauffman Stadium,2026-09-07T18:10:00Z,2026-09-07T18:10:00Z
mlb-823254,823254,2026-09-07,SCHEDULED,Washington Nationals,WSH,San Diego Padres,SD,0,0,Petco Park,2026-09-07T21:10:00Z,2026-09-07T21:10:00Z
mlb-823175,823175,2026-09-07,SCHEDULED,St. Louis Cardinals,STL,San Francisco Giants,SF,0,0,Oracle Park,2026-09-08T00:10:00Z,2026-09-08T00:10:00Z
mlb-823902,823902,2026-09-07,SCHEDULED,Cincinnati Reds,CIN,Los Angeles Dodgers,LAD,0,0,UNIQLO Field at Dodger Stadium,2026-09-08T01:10:00Z,2026-09-08T01:10:00Z
mlb-824958,824958,2026-09-07,SCHEDULED,Toronto Blue Jays,TOR,Athletics,ATH,0,0,Sutter Health Park,2026-09-08T02:05:00Z,2026-09-08T02:05:00Z
mlb-824792,824792,2026-09-08,SCHEDULED,Cleveland Guardians,CLE,Baltimore Orioles,BAL,0,0,Oriole Park at Camden Yards,2026-09-08T22:35:00Z,2026-09-08T22:35:00Z
mlb-823414,823414,2026-09-08,SCHEDULED,Houston Astros,HOU,Philadelphia Phillies,PHI,0,0,Citizens Bank Park,2026-09-08T22:40:00Z,2026-09-08T22:40:00Z
mlb-823821,823821,2026-09-08,SCHEDULED,New York Mets,NYM,Miami Marlins,MIA,0,0,loanDepot park,2026-09-08T22:40:00Z,2026-09-08T22:40:00Z
mlb-824228,824228,2026-09-08,SCHEDULED,Minnesota Twins,MIN,Detroit Tigers,DET,0,0,Comerica Park,2026-09-08T22:40:00Z,2026-09-08T22:40:00Z
mlb-824714,824714,2026-09-08,SCHEDULED,Los Angeles Angels,LAA,Boston Red Sox,BOS,0,0,Fenway Park,2026-09-08T22:45:00Z,2026-09-08T22:45:00Z
mlb-823500,823500,2026-09-08,SCHEDULED,Colorado Rockies,COL,New York Yankees,NYY,0,0,Yankee Stadium,2026-09-08T23:05:00Z,2026-09-08T23:05:00Z
mlb-824875,824875,2026-09-08,SCHEDULED,Tampa Bay Rays,TB,Atlanta Braves,ATL,0,0,Truist Park,2026-09-08T23:15:00Z,2026-09-08T23:15:00Z
mlb-823738,823738,2026-09-08,SCHEDULED,Chicago Cubs,CHC,Milwaukee Brewers,MIL,0,0,American Family Field,2026-09-08T23:40:00Z,2026-09-08T23:40:00Z
mlb-824063,824063,2026-09-08,SCHEDULED,Arizona Diamondbacks,ARI,Kansas City Royals,KC,0,0,Kauffman Stadium,2026-09-08T23:40:00Z,2026-09-08T23:40:00Z
mlb-824551,824551,2026-09-08,SCHEDULED,Pittsburgh Pirates,PIT,Chicago White Sox,CWS,0,0,Rate Field,2026-09-08T23:40:00Z,2026-09-08T23:40:00Z
mlb-823092,823092,2026-09-08,SCHEDULED,Texas Rangers,TEX,Seattle Mariners,SEA,0,0,T-Mobile Park,2026-09-09T01:40:00Z,2026-09-09T01:40:00Z
mlb-823250,823250,2026-09-08,SCHEDULED,Washington Nationals,WSH,San Diego Padres,SD,0,0,Petco Park,2026-09-09T01:40:00Z,2026-09-09T01:40:00Z
mlb-824957,824957,2026-09-08,SCHEDULED,Toronto Blue Jays,TOR,Athletics,ATH,0,0,Sutter Health Park,2026-09-09T01:40:00Z,2026-09-09T01:40:00Z
mlb-823174,823174,2026-09-08,SCHEDULED,St. Louis Cardinals,STL,San Francisco Giants,SF,0,0,Oracle Park,2026-09-09T01:45:00Z,2026-09-09T01:45:00Z
mlb-823901,823901,2026-09-08,SCHEDULED,Cincinnati Reds,CIN,Los Angeles Dodgers,LAD,0,0,UNIQLO Field at Dodger Stadium,2026-09-09T02:10:00Z,2026-09-09T02:10:00Z
mlb-824226,824226,2026-09-09,SCHEDULED,Minnesota Twins,MIN,Detroit Tigers,DET,0,0,Comerica Park,2026-09-09T17:10:00Z,2026-09-09T17:10:00Z
mlb-824956,824956,2026-09-09,SCHEDULED,Toronto Blue Jays,TOR,Athletics,ATH,0,0,Sutter Health Park,2026-09-09T19:05:00Z,2026-09-09T19:05:00Z
mlb-823172,823172,2026-09-09,SCHEDULED,St. Louis Cardinals,STL,San Francisco Giants,SF,0,0,Oracle Park,2026-09-09T19:45:00Z,2026-09-09T19:45:00Z
mlb-823090,823090,2026-09-09,SCHEDULED,Texas Rangers,TEX,Seattle Mariners,SEA,0,0,T-Mobile Park,2026-09-09T20:10:00Z,2026-09-09T20:10:00Z
mlb-823251,823251,2026-09-09,SCHEDULED,Washington Nationals,WSH,San Diego Padres,SD,0,0,Petco Park,2026-09-09T20:10:00Z,2026-09-09T20:10:00Z
mlb-824791,824791,2026-09-09,SCHEDULED,Cleveland Guardians,CLE,Baltimore Orioles,BAL,0,0,Oriole Park at Camden Yards,2026-09-09T22:35:00Z,2026-09-09T22:35:00Z
mlb-823416,823416,2026-09-09,SCHEDULED,Houston Astros,HOU,Philadelphia Phillies,PHI,0,0,Citizens Bank Park,2026-09-09T22:40:00Z,2026-09-09T22:40:00Z
mlb-823818,823818,2026-09-09,SCHEDULED,New York Mets,NYM,Miami Marlins,MIA,0,0,loanDepot park,2026-09-09T22:40:00Z,2026-09-09T22:40:00Z
mlb-824713,824713,2026-09-09,SCHEDULED,Los Angeles Angels,LAA,Boston Red Sox,BOS,0,0,Fenway Park,2026-09-09T22:45:00Z,2026-09-09T22:45:00Z
mlb-823497,823497,2026-09-09,SCHEDULED,Colorado Rockies,COL,New York Yankees,NYY,0,0,Yankee Stadium,2026-09-09T23:05:00Z,2026-09-09T23:05:00Z
mlb-824871,824871,2026-09-09,SCHEDULED,Tampa Bay Rays,TB,Atlanta Braves,ATL,0,0,Truist Park,2026-09-09T23:15:00Z,2026-09-09T23:15:00Z
mlb-823739,823739,2026-09-09,SCHEDULED,Chicago Cubs,CHC,Milwaukee Brewers,MIL,0,0,American Family Field,2026-09-09T23:40:00Z,2026-09-09T23:40:00Z
mlb-824064,824064,2026-09-09,SCHEDULED,Arizona Diamondbacks,ARI,Kansas City Royals,KC,0,0,Kauffman Stadium,2026-09-09T23:40:00Z,2026-09-09T23:40:00Z
mlb-824549,824549,2026-09-09,SCHEDULED,Pittsburgh Pirates,PIT,Chicago White Sox,CWS,0,0,Rate Field,2026-09-09T23:40:00Z,2026-09-09T23:40:00Z
mlb-823900,823900,2026-09-09,SCHEDULED,Cincinnati Reds,CIN,Los Angeles Dodgers,LAD,0,0,UNIQLO Field at Dodger Stadium,2026-09-10T02:10:00Z,2026-09-10T02:10:00Z
mlb-824872,824872,2026-09-10,SCHEDULED,Tampa Bay Rays,TB,Atlanta Braves,ATL,0,0,Truist Park,2026-09-10T16:15:00Z,2026-09-10T16:15:00Z
mlb-823413,823413,2026-09-10,SCHEDULED,Houston Astros,HOU,Philadelphia Phillies,PHI,0,0,Citizens Bank Park,2026-09-10T17:05:00Z,2026-09-10T17:05:00Z
mlb-823088,823088,2026-09-10,SCHEDULED,Texas Rangers,TEX,Seattle Mariners,SEA,0,0,T-Mobile Park,2026-09-10T20:10:00Z,2026-09-10T20:10:00Z
mlb-823499,823499,2026-09-10,SCHEDULED,Colorado Rockies,COL,New York Yankees,NYY,0,0,Yankee Stadium,2026-09-10T23:05:00Z,2026-09-10T23:05:00Z
mlb-824550,824550,2026-09-10,SCHEDULED,Pittsburgh Pirates,PIT,Chicago White Sox,CWS,0,0,Rate Field,2026-09-10T23:40:00Z,2026-09-10T23:40:00Z
mlb-824631,824631,2026-09-11,SCHEDULED,Pittsburgh Pirates,PIT,Chicago Cubs,CHC,0,0,Wrigley Field,2026-09-11T18:20:00Z,2026-09-11T18:20:00Z
mlb-824227,824227,2026-09-11,SCHEDULED,Colorado Rockies,COL,Detroit Tigers,DET,0,0,Comerica Park,2026-09-11T22:40:00Z,2026-09-11T22:40:00Z
mlb-822684,822684,2026-09-11,SCHEDULED,Los Angeles Angels,LAA,Washington Nationals,WSH,0,0,Nationals Park,2026-09-11T22:45:00Z,2026-09-11T22:45:00Z
mlb-823498,823498,2026-09-11,SCHEDULED,New York Mets,NYM,New York Yankees,NYY,0,0,Yankee Stadium,2026-09-11T23:05:00Z,2026-09-11T23:05:00Z
mlb-822767,822767,2026-09-11,SCHEDULED,Baltimore Orioles,BAL,Toronto Blue Jays,TOR,0,0,Rogers Centre,2026-09-11T23:07:00Z,2026-09-11T23:07:00Z
mlb-822930,822930,2026-09-11,SCHEDULED,Houston Astros,HOU,Tampa Bay Rays,TB,0,0,Tropicana Field,2026-09-11T23:10:00Z,2026-09-11T23:10:00Z
mlb-823817,823817,2026-09-11,SCHEDULED,Los Angeles Dodgers,LAD,Miami Marlins,MIA,0,0,loanDepot park,2026-09-11T23:10:00Z,2026-09-11T23:10:00Z
mlb-824711,824711,2026-09-11,SCHEDULED,Kansas City Royals,KC,Boston Red Sox,BOS,0,0,Fenway Park,2026-09-11T23:10:00Z,2026-09-11T23:10:00Z
mlb-824873,824873,2026-09-11,SCHEDULED,Philadelphia Phillies,PHI,Atlanta Braves,ATL,0,0,Truist Park,2026-09-11T23:15:00Z,2026-09-11T23:15:00Z
mlb-823736,823736,2026-09-11,SCHEDULED,Cincinnati Reds,CIN,Milwaukee Brewers,MIL,0,0,American Family Field,2026-09-11T23:40:00Z,2026-09-11T23:40:00Z
mlb-823659,823659,2026-09-11,SCHEDULED,Cleveland Guardians,CLE,Minnesota Twins,MIN,0,0,Target Field,2026-09-12T00:10:00Z,2026-09-12T00:10:00Z
mlb-823012,823012,2026-09-11,SCHEDULED,Chicago White Sox,CWS,St. Louis Cardinals,STL,0,0,Busch Stadium,2026-09-12T00:15:00Z,2026-09-12T00:15:00Z
mlb-824954,824954,2026-09-11,SCHEDULED,Seattle Mariners,SEA,Athletics,ATH,0,0,Sutter Health Park,2026-09-12T01:40:00Z,2026-09-12T01:40:00Z
mlb-825036,825036,2026-09-11,SCHEDULED,Texas Rangers,TEX,Arizona Diamondbacks,ARI,0,0,Chase Field,2026-09-12T01:40:00Z,2026-09-12T01:40:00Z
mlb-823173,823173,2026-09-11,SCHEDULED,San Diego Padres,SD,San Francisco Giants,SF,0,0,Oracle Park,2026-09-12T02:15:00Z,2026-09-12T02:15:00Z
mlb-824224,824224,2026-09-12,SCHEDULED,Colorado Rockies,COL,Detroit Tigers,DET,0,0,Comerica Park,2026-09-12T17:10:00Z,2026-09-12T17:10:00Z
mlb-823496,823496,2026-09-12,SCHEDULED,New York Mets,NYM,New York Yankees,NYY,0,0,Yankee Stadium,2026-09-12T17:35:00Z,2026-09-12T17:35:00Z
mlb-824630,824630,2026-09-12,SCHEDULED,Pittsburgh Pirates,PIT,Chicago Cubs,CHC,0,0,Wrigley Field,2026-09-12T18:20:00Z,2026-09-12T18:20:00Z
mlb-822768,822768,2026-09-12,SCHEDULED,Baltimore Orioles,BAL,Toronto Blue Jays,TOR,0,0,Rogers Centre,2026-09-12T19:07:00Z,2026-09-12T19:07:00Z
mlb-822685,822685,2026-09-12,SCHEDULED,Los Angeles Angels,LAA,Washington Nationals,WSH,0,0,Nationals Park,2026-09-12T20:05:00Z,2026-09-12T20:05:00Z
mlb-823170,823170,2026-09-12,SCHEDULED,San Diego Padres,SD,San Francisco Giants,SF,0,0,Oracle Park,2026-09-12T20:05:00Z,2026-09-12T20:05:00Z
mlb-823657,823657,2026-09-12,SCHEDULED,Cleveland Guardians,CLE,Minnesota Twins,MIN,0,0,Target Field,2026-09-12T20:10:00Z,2026-09-12T20:10:00Z
mlb-823819,823819,2026-09-12,SCHEDULED,Los Angeles Dodgers,LAD,Miami Marlins,MIA,0,0,loanDepot park,2026-09-12T20:10:00Z,2026-09-12T20:10:00Z
mlb-824712,824712,2026-09-12,SCHEDULED,Kansas City Royals,KC,Boston Red Sox,BOS,0,0,Fenway Park,2026-09-12T20:10:00Z,2026-09-12T20:10:00Z
mlb-822927,822927,2026-09-12,SCHEDULED,Houston Astros,HOU,Tampa Bay Rays,TB,0,0,Tropicana Field,2026-09-12T22:10:00Z,2026-09-12T22:10:00Z
mlb-823737,823737,2026-09-12,SCHEDULED,Cincinnati Reds,CIN,Milwaukee Brewers,MIL,0,0,American Family Field,2026-09-12T23:10:00Z,2026-09-12T23:10:00Z
mlb-823009,823009,2026-09-12,SCHEDULED,Chicago White Sox,CWS,St. Louis Cardinals,STL,0,0,Busch Stadium,2026-09-12T23:15:00Z,2026-09-12T23:15:00Z
mlb-824870,824870,2026-09-12,SCHEDULED,Philadelphia Phillies,PHI,Atlanta Braves,ATL,0,0,Truist Park,2026-09-12T23:15:00Z,2026-09-12T23:15:00Z
mlb-825035,825035,2026-09-12,SCHEDULED,Texas Rangers,TEX,Arizona Diamondbacks,ARI,0,0,Chase Field,2026-09-13T00:10:00Z,2026-09-13T00:10:00Z
mlb-824955,824955,2026-09-12,SCHEDULED,Seattle Mariners,SEA,Athletics,ATH,0,0,Sutter Health Park,2026-09-13T01:40:00Z,2026-09-13T01:40:00Z
mlb-822682,822682,2026-09-13,SCHEDULED,Los Angeles Angels,LAA,Washington Nationals,WSH,0,0,Nationals Park,2026-09-13T17:35:00Z,2026-09-13T17:35:00Z
mlb-823495,823495,2026-09-13,SCHEDULED,New York Mets,NYM,New York Yankees,NYY,0,0,Yankee Stadium,2026-09-13T17:35:00Z,2026-09-13T17:35:00Z
mlb-824708,824708,2026-09-13,SCHEDULED,Kansas City Royals,KC,Boston Red Sox,BOS,0,0,Fenway Park,2026-09-13T17:35:00Z,2026-09-13T17:35:00Z
mlb-824869,824869,2026-09-13,SCHEDULED,Philadelphia Phillies,PHI,Atlanta Braves,ATL,0,0,Truist Park,2026-09-13T17:35:00Z,2026-09-13T17:35:00Z
mlb-822764,822764,2026-09-13,SCHEDULED,Baltimore Orioles,BAL,Toronto Blue Jays,TOR,0,0,Rogers Centre,2026-09-13T17:37:00Z,2026-09-13T17:37:00Z
mlb-822928,822928,2026-09-13,SCHEDULED,Houston Astros,HOU,Tampa Bay Rays,TB,0,0,Tropicana Field,2026-09-13T17:40:00Z,2026-09-13T17:40:00Z
mlb-823815,823815,2026-09-13,SCHEDULED,Los Angeles Dodgers,LAD,Miami Marlins,MIA,0,0,loanDepot park,2026-09-13T17:40:00Z,2026-09-13T17:40:00Z
mlb-824225,824225,2026-09-13,SCHEDULED,Colorado Rockies,COL,Detroit Tigers,DET,0,0,Comerica Park,2026-09-13T17:40:00Z,2026-09-13T17:40:00Z
mlb-823658,823658,2026-09-13,SCHEDULED,Cleveland Guardians,CLE,Minnesota Twins,MIN,0,0,Target Field,2026-09-13T18:10:00Z,2026-09-13T18:10:00Z
mlb-823734,823734,2026-09-13,SCHEDULED,Cincinnati Reds,CIN,Milwaukee Brewers,MIL,0,0,American Family Field,2026-09-13T18:10:00Z,2026-09-13T18:10:00Z
mlb-823008,823008,2026-09-13,SCHEDULED,Chicago White Sox,CWS,St. Louis Cardinals,STL,0,0,Busch Stadium,2026-09-13T18:15:00Z,2026-09-13T18:15:00Z
mlb-824628,824628,2026-09-13,SCHEDULED,Pittsburgh Pirates,PIT,Chicago Cubs,CHC,0,0,Wrigley Field,2026-09-13T18:20:00Z,2026-09-13T18:20:00Z
mlb-824952,824952,2026-09-13,SCHEDULED,Seattle Mariners,SEA,Athletics,ATH,0,0,Sutter Health Park,2026-09-13T20:05:00Z,2026-09-13T20:05:00Z
mlb-825033,825033,2026-09-13,SCHEDULED,Texas Rangers,TEX,Arizona Diamondbacks,ARI,0,0,Chase Field,2026-09-13T20:10:00Z,2026-09-13T20:10:00Z
mlb-823171,823171,2026-09-13,SCHEDULED,San Diego Padres,SD,San Francisco Giants,SF,0,0,Oracle Park,2026-09-13T23:20:00Z,2026-09-13T23:20:00Z
mlb-824386,824386,2026-09-14,SCHEDULED,Chicago White Sox,CWS,Cleveland Guardians,CLE,0,0,Progressive Field,2026-09-14T22:40:00Z,2026-09-14T22:40:00Z
mlb-824465,824465,2026-09-14,SCHEDULED,Los Angeles Dodgers,LAD,Cincinnati Reds,CIN,0,0,Great American Ball Park,2026-09-14T22:40:00Z,2026-09-14T22:40:00Z
mlb-822765,822765,2026-09-14,SCHEDULED,Detroit Tigers,DET,Toronto Blue Jays,TOR,0,0,Rogers Centre,2026-09-14T23:07:00Z,2026-09-14T23:07:00Z
mlb-823575,823575,2026-09-14,SCHEDULED,Baltimore Orioles,BAL,New York Mets,NYM,0,0,Citi Field,2026-09-14T23:10:00Z,2026-09-14T23:10:00Z
mlb-823656,823656,2026-09-14,SCHEDULED,New York Yankees,NYY,Minnesota Twins,MIN,0,0,Target Field,2026-09-14T23:40:00Z,2026-09-14T23:40:00Z
mlb-824629,824629,2026-09-14,SCHEDULED,Atlanta Braves,ATL,Chicago Cubs,CHC,0,0,Wrigley Field,2026-09-14T23:40:00Z,2026-09-14T23:40:00Z
mlb-823006,823006,2026-09-14,SCHEDULED,San Francisco Giants,SF,St. Louis Cardinals,STL,0,0,Busch Stadium,2026-09-14T23:45:00Z,2026-09-14T23:45:00Z
mlb-824308,824308,2026-09-14,SCHEDULED,San Diego Padres,SD,Colorado Rockies,COL,0,0,Coors Field,2026-09-15T00:40:00Z,2026-09-15T00:40:00Z
mlb-823981,823981,2026-09-14,SCHEDULED,Seattle Mariners,SEA,Los Angeles Angels,LAA,0,0,Angel Stadium,2026-09-15T01:38:00Z,2026-09-15T01:38:00Z
mlb-825034,825034,2026-09-14,SCHEDULED,Miami Marlins,MIA,Arizona Diamondbacks,ARI,0,0,Chase Field,2026-09-15T01:40:00Z,2026-09-15T01:40:00Z
mlb-822925,822925,2026-09-15,SCHEDULED,Athletics,ATH,Tampa Bay Rays,TB,0,0,Tropicana Field,2026-09-15T22:40:00Z,2026-09-15T22:40:00Z
mlb-823333,823333,2026-09-15,SCHEDULED,Milwaukee Brewers,MIL,Pittsburgh Pirates,PIT,0,0,PNC Park,2026-09-15T22:40:00Z,2026-09-15T22:40:00Z
mlb-824384,824384,2026-09-15,SCHEDULED,Chicago White Sox,CWS,Cleveland Guardians,CLE,0,0,Progressive Field,2026-09-15T22:40:00Z,2026-09-15T22:40:00Z
mlb-824466,824466,2026-09-15,SCHEDULED,Los Angeles Dodgers,LAD,Cincinnati Reds,CIN,0,0,Great American Ball Park,2026-09-15T22:40:00Z,2026-09-15T22:40:00Z
mlb-822683,822683,2026-09-15,SCHEDULED,Philadelphia Phillies,PHI,Washington Nationals,WSH,0,0,Nationals Park,2026-09-15T22:45:00Z,2026-09-15T22:45:00Z
mlb-822762,822762,2026-09-15,SCHEDULED,Detroit Tigers,DET,Toronto Blue Jays,TOR,0,0,Rogers Centre,2026-09-15T23:07:00Z,2026-09-15T23:07:00Z
mlb-823574,823574,2026-09-15,SCHEDULED,Baltimore Orioles,BAL,New York Mets,NYM,0,0,Citi Field,2026-09-15T23:10:00Z,2026-09-15T23:10:00Z
mlb-823654,823654,2026-09-15,SCHEDULED,New York Yankees,NYY,Minnesota Twins,MIN,0,0,Target Field,2026-09-15T23:40:00Z,2026-09-15T23:40:00Z
mlb-824627,824627,2026-09-15,SCHEDULED,Atlanta Braves,ATL,Chicago Cubs,CHC,0,0,Wrigley Field,2026-09-15T23:40:00Z,2026-09-15T23:40:00Z
mlb-823007,823007,2026-09-15,SCHEDULED,San Francisco Giants,SF,St. Louis Cardinals,STL,0,0,Busch Stadium,2026-09-15T23:45:00Z,2026-09-15T23:45:00Z
mlb-822849,822849,2026-09-15,SCHEDULED,Boston Red Sox,BOS,Texas Rangers,TEX,0,0,Globe Life Field,2026-09-16T00:05:00Z,2026-09-16T00:05:00Z
mlb-824143,824143,2026-09-15,SCHEDULED,Kansas City Royals,KC,Houston Astros,HOU,0,0,Daikin Park,2026-09-16T00:10:00Z,2026-09-16T00:10:00Z
mlb-824307,824307,2026-09-15,SCHEDULED,San Diego Padres,SD,Colorado Rockies,COL,0,0,Coors Field,2026-09-16T00:40:00Z,2026-09-16T00:40:00Z
mlb-823980,823980,2026-09-15,SCHEDULED,Seattle Mariners,SEA,Los Angeles Angels,LAA,0,0,Angel Stadium,2026-09-16T01:38:00Z,2026-09-16T01:38:00Z
mlb-825030,825030,2026-09-15,SCHEDULED,Miami Marlins,MIA,Arizona Diamondbacks,ARI,0,0,Chase Field,2026-09-16T01:40:00Z,2026-09-16T01:40:00Z
mlb-824382,824382,2026-09-16,SCHEDULED,Chicago White Sox,CWS,Cleveland Guardians,CLE,0,0,Progressive Field,2026-09-16T17:10:00Z,2026-09-16T17:10:00Z
mlb-823004,823004,2026-09-16,SCHEDULED,San Francisco Giants,SF,St. Louis Cardinals,STL,0,0,Busch Stadium,2026-09-16T17:15:00Z,2026-09-16T17:15:00Z
mlb-823655,823655,2026-09-16,SCHEDULED,New York Yankees,NYY,Minnesota Twins,MIN,0,0,Target Field,2026-09-16T17:40:00Z,2026-09-16T17:40:00Z
mlb-822763,822763,2026-09-16,SCHEDULED,Detroit Tigers,DET,Toronto Blue Jays,TOR,0,0,Rogers Centre,2026-09-16T19:07:00Z,2026-09-16T19:07:00Z
mlb-822926,822926,2026-09-16,SCHEDULED,Athletics,ATH,Tampa Bay Rays,TB,0,0,Tropicana Field,2026-09-16T22:40:00Z,2026-09-16T22:40:00Z
mlb-823332,823332,2026-09-16,SCHEDULED,Milwaukee Brewers,MIL,Pittsburgh Pirates,PIT,0,0,PNC Park,2026-09-16T22:40:00Z,2026-09-16T22:40:00Z
mlb-824467,824467,2026-09-16,SCHEDULED,Los Angeles Dodgers,LAD,Cincinnati Reds,CIN,0,0,Great American Ball Park,2026-09-16T22:40:00Z,2026-09-16T22:40:00Z
mlb-822680,822680,2026-09-16,SCHEDULED,Philadelphia Phillies,PHI,Washington Nationals,WSH,0,0,Nationals Park,2026-09-16T22:45:00Z,2026-09-16T22:45:00Z
mlb-823576,823576,2026-09-16,SCHEDULED,Baltimore Orioles,BAL,New York Mets,NYM,0,0,Citi Field,2026-09-16T23:10:00Z,2026-09-16T23:10:00Z
mlb-824626,824626,2026-09-16,SCHEDULED,Atlanta Braves,ATL,Chicago Cubs,CHC,0,0,Wrigley Field,2026-09-16T23:40:00Z,2026-09-16T23:40:00Z
mlb-822846,822846,2026-09-16,SCHEDULED,Boston Red Sox,BOS,Texas Rangers,TEX,0,0,Globe Life Field,2026-09-17T00:05:00Z,2026-09-17T00:05:00Z
mlb-824140,824140,2026-09-16,SCHEDULED,Kansas City Royals,KC,Houston Astros,HOU,0,0,Daikin Park,2026-09-17T00:10:00Z,2026-09-17T00:10:00Z
mlb-824306,824306,2026-09-16,SCHEDULED,San Diego Padres,SD,Colorado Rockies,COL,0,0,Coors Field,2026-09-17T00:40:00Z,2026-09-17T00:40:00Z
mlb-823979,823979,2026-09-16,SCHEDULED,Seattle Mariners,SEA,Los Angeles Angels,LAA,0,0,Angel Stadium,2026-09-17T01:38:00Z,2026-09-17T01:38:00Z
mlb-825031,825031,2026-09-16,SCHEDULED,Miami Marlins,MIA,Arizona Diamondbacks,ARI,0,0,Chase Field,2026-09-17T01:40:00Z,2026-09-17T01:40:00Z
mlb-823334,823334,2026-09-17,SCHEDULED,Milwaukee Brewers,MIL,Pittsburgh Pirates,PIT,0,0,PNC Park,2026-09-17T16:35:00Z,2026-09-17T16:35:00Z
mlb-824464,824464,2026-09-17,SCHEDULED,Los Angeles Dodgers,LAD,Cincinnati Reds,CIN,0,0,Great American Ball Park,2026-09-17T16:40:00Z,2026-09-17T16:40:00Z
mlb-822924,822924,2026-09-17,SCHEDULED,Athletics,ATH,Tampa Bay Rays,TB,0,0,Tropicana Field,2026-09-17T17:10:00Z,2026-09-17T17:10:00Z
mlb-824305,824305,2026-09-17,SCHEDULED,San Diego Padres,SD,Colorado Rockies,COL,0,0,Coors Field,2026-09-17T19:10:00Z,2026-09-17T19:10:00Z
mlb-823573,823573,2026-09-17,SCHEDULED,Philadelphia Phillies,PHI,New York Mets,NYM,0,0,Citi Field,2026-09-17T23:15:00Z,2026-09-17T23:15:00Z
mlb-824141,824141,2026-09-17,SCHEDULED,Kansas City Royals,KC,Houston Astros,HOU,0,0,Daikin Park,2026-09-17T23:15:00Z,2026-09-17T23:15:00Z
mlb-824548,824548,2026-09-17,SCHEDULED,Detroit Tigers,DET,Chicago White Sox,CWS,0,0,Rate Field,2026-09-17T23:40:00Z,2026-09-17T23:40:00Z
mlb-822845,822845,2026-09-17,SCHEDULED,Boston Red Sox,BOS,Texas Rangers,TEX,0,0,Globe Life Field,2026-09-18T00:05:00Z,2026-09-18T00:05:00Z
mlb-823978,823978,2026-09-17,SCHEDULED,Minnesota Twins,MIN,Los Angeles Angels,LAA,0,0,Angel Stadium,2026-09-18T01:38:00Z,2026-09-18T01:38:00Z
mlb-823331,823331,2026-09-18,SCHEDULED,Kansas City Royals,KC,Pittsburgh Pirates,PIT,0,0,PNC Park,2026-09-18T22:40:00Z,2026-09-18T22:40:00Z
mlb-824463,824463,2026-09-18,SCHEDULED,Chicago Cubs,CHC,Cincinnati Reds,CIN,0,0,Great American Ball Park,2026-09-18T22:40:00Z,2026-09-18T22:40:00Z
mlb-824790,824790,2026-09-18,SCHEDULED,Milwaukee Brewers,MIL,Baltimore Orioles,BAL,0,0,Oriole Park at Camden Yards,2026-09-18T23:05:00Z,2026-09-18T23:05:00Z
mlb-822923,822923,2026-09-18,SCHEDULED,Boston Red Sox,BOS,Tampa Bay Rays,TB,0,0,Tropicana Field,2026-09-18T23:10:00Z,2026-09-18T23:10:00Z
mlb-823572,823572,2026-09-18,SCHEDULED,Philadelphia Phillies,PHI,New York Mets,NYM,0,0,Citi Field,2026-09-18T23:10:00Z,2026-09-18T23:10:00Z
mlb-824383,824383,2026-09-18,SCHEDULED,Athletics,ATH,Cleveland Guardians,CLE,0,0,Progressive Field,2026-09-18T23:10:00Z,2026-09-18T23:10:00Z
mlb-824547,824547,2026-09-18,SCHEDULED,Detroit Tigers,DET,Chicago White Sox,CWS,0,0,Rate Field,2026-09-18T23:40:00Z,2026-09-18T23:40:00Z
mlb-822847,822847,2026-09-18,SCHEDULED,Toronto Blue Jays,TOR,Texas Rangers,TEX,0,0,Globe Life Field,2026-09-19T00:05:00Z,2026-09-19T00:05:00Z
mlb-824138,824138,2026-09-18,SCHEDULED,Atlanta Braves,ATL,Houston Astros,HOU,0,0,Daikin Park,2026-09-19T00:10:00Z,2026-09-19T00:10:00Z
mlb-824303,824303,2026-09-18,SCHEDULED,Seattle Mariners,SEA,Colorado Rockies,COL,0,0,Coors Field,2026-09-19T00:10:00Z,2026-09-19T00:10:00Z
mlb-823005,823005,2026-09-18,SCHEDULED,Washington Nationals,WSH,St. Louis Cardinals,STL,0,0,Busch Stadium,2026-09-19T00:15:00Z,2026-09-19T00:15:00Z
mlb-823977,823977,2026-09-18,SCHEDULED,Minnesota Twins,MIN,Los Angeles Angels,LAA,0,0,Angel Stadium,2026-09-19T01:38:00Z,2026-09-19T01:38:00Z
mlb-823252,823252,2026-09-18,SCHEDULED,Miami Marlins,MIA,San Diego Padres,SD,0,0,Petco Park,2026-09-19T01:40:00Z,2026-09-19T01:40:00Z
mlb-825032,825032,2026-09-18,SCHEDULED,New York Yankees,NYY,Arizona Diamondbacks,ARI,0,0,Chase Field,2026-09-19T01:40:00Z,2026-09-19T01:40:00Z
mlb-823898,823898,2026-09-18,SCHEDULED,San Francisco Giants,SF,Los Angeles Dodgers,LAD,0,0,UNIQLO Field at Dodger Stadium,2026-09-19T02:10:00Z,2026-09-19T02:10:00Z
mlb-824788,824788,2026-09-19,SCHEDULED,Milwaukee Brewers,MIL,Baltimore Orioles,BAL,0,0,Oriole Park at Camden Yards,2026-09-19T20:05:00Z,2026-09-19T20:05:00Z
mlb-822921,822921,2026-09-19,SCHEDULED,Boston Red Sox,BOS,Tampa Bay Rays,TB,0,0,Tropicana Field,2026-09-19T20:10:00Z,2026-09-19T20:10:00Z
mlb-823571,823571,2026-09-19,SCHEDULED,Philadelphia Phillies,PHI,New York Mets,NYM,0,0,Citi Field,2026-09-19T20:10:00Z,2026-09-19T20:10:00Z
mlb-824380,824380,2026-09-19,SCHEDULED,Athletics,ATH,Cleveland Guardians,CLE,0,0,Progressive Field,2026-09-19T22:10:00Z,2026-09-19T22:10:00Z
mlb-823330,823330,2026-09-19,SCHEDULED,Kansas City Royals,KC,Pittsburgh Pirates,PIT,0,0,PNC Park,2026-09-19T22:40:00Z,2026-09-19T22:40:00Z
mlb-824461,824461,2026-09-19,SCHEDULED,Chicago Cubs,CHC,Cincinnati Reds,CIN,0,0,Great American Ball Park,2026-09-19T22:40:00Z,2026-09-19T22:40:00Z
mlb-822843,822843,2026-09-19,SCHEDULED,Toronto Blue Jays,TOR,Texas Rangers,TEX,0,0,Globe Life Field,2026-09-19T23:05:00Z,2026-09-19T23:05:00Z
mlb-824137,824137,2026-09-19,SCHEDULED,Atlanta Braves,ATL,Houston Astros,HOU,0,0,Daikin Park,2026-09-19T23:10:00Z,2026-09-19T23:10:00Z
mlb-824545,824545,2026-09-19,SCHEDULED,Detroit Tigers,DET,Chicago White Sox,CWS,0,0,Rate Field,2026-09-19T23:10:00Z,2026-09-19T23:10:00Z
mlb-823003,823003,2026-09-19,SCHEDULED,Washington Nationals,WSH,St. Louis Cardinals,STL,0,0,Busch Stadium,2026-09-19T23:15:00Z,2026-09-19T23:15:00Z
mlb-824304,824304,2026-09-19,SCHEDULED,Seattle Mariners,SEA,Colorado Rockies,COL,0,0,Coors Field,2026-09-20T00:10:00Z,2026-09-20T00:10:00Z
mlb-825029,825029,2026-09-19,SCHEDULED,New York Yankees,NYY,Arizona Diamondbacks,ARI,0,0,Chase Field,2026-09-20T00:10:00Z,2026-09-20T00:10:00Z
mlb-823249,823249,2026-09-19,SCHEDULED,Miami Marlins,MIA,San Diego Padres,SD,0,0,Petco Park,2026-09-20T00:40:00Z,2026-09-20T00:40:00Z
mlb-823899,823899,2026-09-19,SCHEDULED,San Francisco Giants,SF,Los Angeles Dodgers,LAD,0,0,UNIQLO Field at Dodger Stadium,2026-09-20T01:10:00Z,2026-09-20T01:10:00Z
mlb-823976,823976,2026-09-19,SCHEDULED,Minnesota Twins,MIN,Los Angeles Angels,LAA,0,0,Angel Stadium,2026-09-20T01:38:00Z,2026-09-20T01:38:00Z
mlb-823329,823329,2026-09-20,SCHEDULED,Kansas City Royals,KC,Pittsburgh Pirates,PIT,0,0,PNC Park,2026-09-20T17:35:00Z,2026-09-20T17:35:00Z
mlb-822922,822922,2026-09-20,SCHEDULED,Boston Red Sox,BOS,Tampa Bay Rays,TB,0,0,Tropicana Field,2026-09-20T17:40:00Z,2026-09-20T17:40:00Z
mlb-823570,823570,2026-09-20,SCHEDULED,Philadelphia Phillies,PHI,New York Mets,NYM,0,0,Citi Field,2026-09-20T17:40:00Z,2026-09-20T17:40:00Z
mlb-824381,824381,2026-09-20,SCHEDULED,Athletics,ATH,Cleveland Guardians,CLE,0,0,Progressive Field,2026-09-20T17:40:00Z,2026-09-20T17:40:00Z
mlb-824462,824462,2026-09-20,SCHEDULED,Chicago Cubs,CHC,Cincinnati Reds,CIN,0,0,Great American Ball Park,2026-09-20T17:40:00Z,2026-09-20T17:40:00Z
mlb-824139,824139,2026-09-20,SCHEDULED,Atlanta Braves,ATL,Houston Astros,HOU,0,0,Daikin Park,2026-09-20T18:10:00Z,2026-09-20T18:10:00Z
mlb-824546,824546,2026-09-20,SCHEDULED,Detroit Tigers,DET,Chicago White Sox,CWS,0,0,Rate Field,2026-09-20T18:10:00Z,2026-09-20T18:10:00Z
mlb-823001,823001,2026-09-20,SCHEDULED,Washington Nationals,WSH,St. Louis Cardinals,STL,0,0,Busch Stadium,2026-09-20T18:15:00Z,2026-09-20T18:15:00Z
mlb-822844,822844,2026-09-20,SCHEDULED,Toronto Blue Jays,TOR,Texas Rangers,TEX,0,0,Globe Life Field,2026-09-20T18:35:00Z,2026-09-20T18:35:00Z
mlb-824300,824300,2026-09-20,SCHEDULED,Seattle Mariners,SEA,Colorado Rockies,COL,0,0,Coors Field,2026-09-20T19:10:00Z,2026-09-20T19:10:00Z
mlb-823975,823975,2026-09-20,SCHEDULED,Minnesota Twins,MIN,Los Angeles Angels,LAA,0,0,Angel Stadium,2026-09-20T20:07:00Z,2026-09-20T20:07:00Z
mlb-823247,823247,2026-09-20,SCHEDULED,Miami Marlins,MIA,San Diego Padres,SD,0,0,Petco Park,2026-09-20T20:10:00Z,2026-09-20T20:10:00Z
mlb-823896,823896,2026-09-20,SCHEDULED,San Francisco Giants,SF,Los Angeles Dodgers,LAD,0,0,UNIQLO Field at Dodger Stadium,2026-09-20T20:10:00Z,2026-09-20T20:10:00Z
mlb-825028,825028,2026-09-20,SCHEDULED,New York Yankees,NYY,Arizona Diamondbacks,ARI,0,0,Chase Field,2026-09-20T20:10:00Z,2026-09-20T20:10:00Z
mlb-824789,824789,2026-09-20,SCHEDULED,Milwaukee Brewers,MIL,Baltimore Orioles,BAL,0,0,Oriole Park at Camden Yards,2026-09-20T23:20:00Z,2026-09-20T23:20:00Z
mlb-824787,824787,2026-09-21,SCHEDULED,Toronto Blue Jays,TOR,Baltimore Orioles,BAL,0,0,Oriole Park at Camden Yards,2026-09-21T22:35:00Z,2026-09-21T22:35:00Z
mlb-824221,824221,2026-09-21,SCHEDULED,Washington Nationals,WSH,Detroit Tigers,DET,0,0,Comerica Park,2026-09-21T22:40:00Z,2026-09-21T22:40:00Z
mlb-823169,823169,2026-09-21,SCHEDULED,Minnesota Twins,MIN,San Francisco Giants,SF,0,0,Oracle Park,2026-09-22T01:45:00Z,2026-09-22T01:45:00Z
mlb-824785,824785,2026-09-22,SCHEDULED,Toronto Blue Jays,TOR,Baltimore Orioles,BAL,0,0,Oriole Park at Camden Yards,2026-09-22T22:35:00Z,2026-09-22T22:35:00Z
mlb-823328,823328,2026-09-22,SCHEDULED,St. Louis Cardinals,STL,Pittsburgh Pirates,PIT,0,0,PNC Park,2026-09-22T22:40:00Z,2026-09-22T22:40:00Z
mlb-823412,823412,2026-09-22,SCHEDULED,Milwaukee Brewers,MIL,Philadelphia Phillies,PHI,0,0,Citizens Bank Park,2026-09-22T22:40:00Z,2026-09-22T22:40:00Z
mlb-824222,824222,2026-09-22,SCHEDULED,Washington Nationals,WSH,Detroit Tigers,DET,0,0,Comerica Park,2026-09-22T22:40:00Z,2026-09-22T22:40:00Z
mlb-824709,824709,2026-09-22,SCHEDULED,Cleveland Guardians,CLE,Boston Red Sox,BOS,0,0,Fenway Park,2026-09-22T22:45:00Z,2026-09-22T22:45:00Z
mlb-823494,823494,2026-09-22,SCHEDULED,Tampa Bay Rays,TB,New York Yankees,NYY,0,0,Yankee Stadium,2026-09-22T23:05:00Z,2026-09-22T23:05:00Z
mlb-824867,824867,2026-09-22,SCHEDULED,Cincinnati Reds,CIN,Atlanta Braves,ATL,0,0,Truist Park,2026-09-22T23:15:00Z,2026-09-22T23:15:00Z
mlb-824061,824061,2026-09-22,SCHEDULED,Chicago White Sox,CWS,Kansas City Royals,KC,0,0,Kauffman Stadium,2026-09-22T23:40:00Z,2026-09-22T23:40:00Z
mlb-824624,824624,2026-09-22,SCHEDULED,Miami Marlins,MIA,Chicago Cubs,CHC,0,0,Wrigley Field,2026-09-22T23:40:00Z,2026-09-22T23:40:00Z
mlb-822840,822840,2026-09-22,SCHEDULED,New York Mets,NYM,Texas Rangers,TEX,0,0,Globe Life Field,2026-09-23T00:05:00Z,2026-09-23T00:05:00Z
mlb-824302,824302,2026-09-22,SCHEDULED,Arizona Diamondbacks,ARI,Colorado Rockies,COL,0,0,Coors Field,2026-09-23T00:40:00Z,2026-09-23T00:40:00Z
mlb-823089,823089,2026-09-22,SCHEDULED,Houston Astros,HOU,Seattle Mariners,SEA,0,0,T-Mobile Park,2026-09-23T01:40:00Z,2026-09-23T01:40:00Z
mlb-824953,824953,2026-09-22,SCHEDULED,Los Angeles Angels,LAA,Athletics,ATH,0,0,Sutter Health Park,2026-09-23T01:40:00Z,2026-09-23T01:40:00Z
mlb-823166,823166,2026-09-22,SCHEDULED,Minnesota Twins,MIN,San Francisco Giants,SF,0,0,Oracle Park,2026-09-23T01:45:00Z,2026-09-23T01:45:00Z
mlb-823897,823897,2026-09-22,SCHEDULED,San Diego Padres,SD,Los Angeles Dodgers,LAD,0,0,UNIQLO Field at Dodger Stadium,2026-09-23T02:10:00Z,2026-09-23T02:10:00Z
mlb-824223,824223,2026-09-23,SCHEDULED,Washington Nationals,WSH,Detroit Tigers,DET,0,0,Comerica Park,2026-09-23T17:10:00Z,2026-09-23T17:10:00Z
mlb-823168,823168,2026-09-23,SCHEDULED,Minnesota Twins,MIN,San Francisco Giants,SF,0,0,Oracle Park,2026-09-23T19:45:00Z,2026-09-23T19:45:00Z
mlb-824784,824784,2026-09-23,SCHEDULED,Toronto Blue Jays,TOR,Baltimore Orioles,BAL,0,0,Oriole Park at Camden Yards,2026-09-23T22:35:00Z,2026-09-23T22:35:00Z
mlb-823327,823327,2026-09-23,SCHEDULED,St. Louis Cardinals,STL,Pittsburgh Pirates,PIT,0,0,PNC Park,2026-09-23T22:40:00Z,2026-09-23T22:40:00Z
mlb-823410,823410,2026-09-23,SCHEDULED,Milwaukee Brewers,MIL,Philadelphia Phillies,PHI,0,0,Citizens Bank Park,2026-09-23T22:40:00Z,2026-09-23T22:40:00Z
mlb-823492,823492,2026-09-23,SCHEDULED,Tampa Bay Rays,TB,New York Yankees,NYY,0,0,Yankee Stadium,2026-09-23T23:05:00Z,2026-09-23T23:05:00Z
mlb-824710,824710,2026-09-23,SCHEDULED,Cleveland Guardians,CLE,Boston Red Sox,BOS,0,0,Fenway Park,2026-09-23T23:10:00Z,2026-09-23T23:10:00Z
mlb-824868,824868,2026-09-23,SCHEDULED,Cincinnati Reds,CIN,Atlanta Braves,ATL,0,0,Truist Park,2026-09-23T23:15:00Z,2026-09-23T23:15:00Z
mlb-824060,824060,2026-09-23,SCHEDULED,Chicago White Sox,CWS,Kansas City Royals,KC,0,0,Kauffman Stadium,2026-09-23T23:40:00Z,2026-09-23T23:40:00Z
mlb-824625,824625,2026-09-23,SCHEDULED,Miami Marlins,MIA,Chicago Cubs,CHC,0,0,Wrigley Field,2026-09-23T23:40:00Z,2026-09-23T23:40:00Z
mlb-822841,822841,2026-09-23,SCHEDULED,New York Mets,NYM,Texas Rangers,TEX,0,0,Globe Life Field,2026-09-24T00:05:00Z,2026-09-24T00:05:00Z
mlb-824301,824301,2026-09-23,SCHEDULED,Arizona Diamondbacks,ARI,Colorado Rockies,COL,0,0,Coors Field,2026-09-24T00:40:00Z,2026-09-24T00:40:00Z
mlb-824951,824951,2026-09-23,SCHEDULED,Los Angeles Angels,LAA,Athletics,ATH,0,0,Sutter Health Park,2026-09-24T01:40:00Z,2026-09-24T01:40:00Z
mlb-823086,823086,2026-09-23,SCHEDULED,Houston Astros,HOU,Seattle Mariners,SEA,0,0,T-Mobile Park,2026-09-24T02:10:00Z,2026-09-24T02:10:00Z
mlb-823894,823894,2026-09-23,SCHEDULED,San Diego Padres,SD,Los Angeles Dodgers,LAD,0,0,UNIQLO Field at Dodger Stadium,2026-09-24T02:10:00Z,2026-09-24T02:10:00Z
mlb-823326,823326,2026-09-24,SCHEDULED,St. Louis Cardinals,STL,Pittsburgh Pirates,PIT,0,0,PNC Park,2026-09-24T16:35:00Z,2026-09-24T16:35:00Z
mlb-824059,824059,2026-09-24,SCHEDULED,Chicago White Sox,CWS,Kansas City Royals,KC,0,0,Kauffman Stadium,2026-09-24T18:10:00Z,2026-09-24T18:10:00Z
mlb-824623,824623,2026-09-24,SCHEDULED,Miami Marlins,MIA,Chicago Cubs,CHC,0,0,Wrigley Field,2026-09-24T18:20:00Z,2026-09-24T18:20:00Z
mlb-822842,822842,2026-09-24,SCHEDULED,New York Mets,NYM,Texas Rangers,TEX,0,0,Globe Life Field,2026-09-24T18:35:00Z,2026-09-24T18:35:00Z
mlb-824298,824298,2026-09-24,SCHEDULED,Arizona Diamondbacks,ARI,Colorado Rockies,COL,0,0,Coors Field,2026-09-24T19:10:00Z,2026-09-24T19:10:00Z
mlb-823411,823411,2026-09-24,SCHEDULED,Milwaukee Brewers,MIL,Philadelphia Phillies,PHI,0,0,Citizens Bank Park,2026-09-24T22:05:00Z,2026-09-24T22:05:00Z
mlb-824707,824707,2026-09-24,SCHEDULED,Cleveland Guardians,CLE,Boston Red Sox,BOS,0,0,Fenway Park,2026-09-24T22:45:00Z,2026-09-24T22:45:00Z
mlb-823493,823493,2026-09-24,SCHEDULED,Tampa Bay Rays,TB,New York Yankees,NYY,0,0,Yankee Stadium,2026-09-24T23:05:00Z,2026-09-24T23:05:00Z
mlb-824866,824866,2026-09-24,SCHEDULED,Cincinnati Reds,CIN,Atlanta Braves,ATL,0,0,Truist Park,2026-09-24T23:15:00Z,2026-09-24T23:15:00Z
mlb-823087,823087,2026-09-24,SCHEDULED,Los Angeles Angels,LAA,Seattle Mariners,SEA,0,0,T-Mobile Park,2026-09-25T01:40:00Z,2026-09-25T01:40:00Z
mlb-824950,824950,2026-09-24,SCHEDULED,Houston Astros,HOU,Athletics,ATH,0,0,Sutter Health Park,2026-09-25T01:40:00Z,2026-09-25T01:40:00Z
mlb-823895,823895,2026-09-24,SCHEDULED,San Diego Padres,SD,Los Angeles Dodgers,LAD,0,0,UNIQLO Field at Dodger Stadium,2026-09-25T02:10:00Z,2026-09-25T02:10:00Z
mlb-823409,823409,2026-09-25,SCHEDULED,Tampa Bay Rays,TB,Philadelphia Phillies,PHI,0,0,Citizens Bank Park,2026-09-25T22:40:00Z,2026-09-25T22:40:00Z
mlb-824220,824220,2026-09-25,SCHEDULED,Pittsburgh Pirates,PIT,Detroit Tigers,DET,0,0,Comerica Park,2026-09-25T22:40:00Z,2026-09-25T22:40:00Z
mlb-822681,822681,2026-09-25,SCHEDULED,New York Mets,NYM,Washington Nationals,WSH,0,0,Nationals Park,2026-09-25T22:45:00Z,2026-09-25T22:45:00Z
mlb-823491,823491,2026-09-25,SCHEDULED,Baltimore Orioles,BAL,New York Yankees,NYY,0,0,Yankee Stadium,2026-09-25T23:05:00Z,2026-09-25T23:05:00Z
mlb-822760,822760,2026-09-25,SCHEDULED,Cincinnati Reds,CIN,Toronto Blue Jays,TOR,0,0,Rogers Centre,2026-09-25T23:07:00Z,2026-09-25T23:07:00Z
mlb-823816,823816,2026-09-25,SCHEDULED,Atlanta Braves,ATL,Miami Marlins,MIA,0,0,loanDepot park,2026-09-25T23:10:00Z,2026-09-25T23:10:00Z
mlb-824706,824706,2026-09-25,SCHEDULED,Chicago Cubs,CHC,Boston Red Sox,BOS,0,0,Fenway Park,2026-09-25T23:10:00Z,2026-09-25T23:10:00Z
mlb-823735,823735,2026-09-25,SCHEDULED,St. Louis Cardinals,STL,Milwaukee Brewers,MIL,0,0,American Family Field,2026-09-25T23:40:00Z,2026-09-25T23:40:00Z
mlb-824058,824058,2026-09-25,SCHEDULED,Cleveland Guardians,CLE,Kansas City Royals,KC,0,0,Kauffman Stadium,2026-09-25T23:40:00Z,2026-09-25T23:40:00Z
mlb-824544,824544,2026-09-25,SCHEDULED,Colorado Rockies,COL,Chicago White Sox,CWS,0,0,Rate Field,2026-09-25T23:40:00Z,2026-09-25T23:40:00Z
mlb-823652,823652,2026-09-25,SCHEDULED,Texas Rangers,TEX,Minnesota Twins,MIN,0,0,Target Field,2026-09-26T00:10:00Z,2026-09-26T00:10:00Z
mlb-823248,823248,2026-09-25,SCHEDULED,Arizona Diamondbacks,ARI,San Diego Padres,SD,0,0,Petco Park,2026-09-26T01:40:00Z,2026-09-26T01:40:00Z
mlb-824947,824947,2026-09-25,SCHEDULED,Houston Astros,HOU,Athletics,ATH,0,0,Sutter Health Park,2026-09-26T01:40:00Z,2026-09-26T01:40:00Z
mlb-823085,823085,2026-09-25,SCHEDULED,Los Angeles Angels,LAA,Seattle Mariners,SEA,0,0,T-Mobile Park,2026-09-26T02:10:00Z,2026-09-26T02:10:00Z
mlb-823167,823167,2026-09-25,SCHEDULED,Los Angeles Dodgers,LAD,San Francisco Giants,SF,0,0,Oracle Park,2026-09-26T02:15:00Z,2026-09-26T02:15:00Z
mlb-824219,824219,2026-09-26,SCHEDULED,Pittsburgh Pirates,PIT,Detroit Tigers,DET,0,0,Comerica Park,2026-09-26T17:10:00Z,2026-09-26T17:10:00Z
mlb-822759,822759,2026-09-26,SCHEDULED,Cincinnati Reds,CIN,Toronto Blue Jays,TOR,0,0,Rogers Centre,2026-09-26T19:07:00Z,2026-09-26T19:07:00Z
mlb-822678,822678,2026-09-26,SCHEDULED,New York Mets,NYM,Washington Nationals,WSH,0,0,Nationals Park,2026-09-26T20:05:00Z,2026-09-26T20:05:00Z
mlb-823165,823165,2026-09-26,SCHEDULED,Los Angeles Dodgers,LAD,San Francisco Giants,SF,0,0,Oracle Park,2026-09-26T20:05:00Z,2026-09-26T20:05:00Z
mlb-823653,823653,2026-09-26,SCHEDULED,Texas Rangers,TEX,Minnesota Twins,MIN,0,0,Target Field,2026-09-26T20:10:00Z,2026-09-26T20:10:00Z
mlb-823813,823813,2026-09-26,SCHEDULED,Atlanta Braves,ATL,Miami Marlins,MIA,0,0,loanDepot park,2026-09-26T20:10:00Z,2026-09-26T20:10:00Z
mlb-823407,823407,2026-09-26,SCHEDULED,Tampa Bay Rays,TB,Philadelphia Phillies,PHI,0,0,Citizens Bank Park,2026-09-26T22:05:00Z,2026-09-26T22:05:00Z
mlb-823489,823489,2026-09-26,SCHEDULED,Baltimore Orioles,BAL,New York Yankees,NYY,0,0,Yankee Stadium,2026-09-26T23:05:00Z,2026-09-26T23:05:00Z
mlb-823733,823733,2026-09-26,SCHEDULED,St. Louis Cardinals,STL,Milwaukee Brewers,MIL,0,0,American Family Field,2026-09-26T23:10:00Z,2026-09-26T23:10:00Z
mlb-824057,824057,2026-09-26,SCHEDULED,Cleveland Guardians,CLE,Kansas City Royals,KC,0,0,Kauffman Stadium,2026-09-26T23:10:00Z,2026-09-26T23:10:00Z
mlb-824543,824543,2026-09-26,SCHEDULED,Colorado Rockies,COL,Chicago White Sox,CWS,0,0,Rate Field,2026-09-26T23:10:00Z,2026-09-26T23:10:00Z
mlb-824705,824705,2026-09-26,SCHEDULED,Chicago Cubs,CHC,Boston Red Sox,BOS,0,0,Fenway Park,2026-09-26T23:15:00Z,2026-09-26T23:15:00Z
mlb-823245,823245,2026-09-26,SCHEDULED,Arizona Diamondbacks,ARI,San Diego Padres,SD,0,0,Petco Park,2026-09-27T00:40:00Z,2026-09-27T00:40:00Z
mlb-823083,823083,2026-09-26,SCHEDULED,Los Angeles Angels,LAA,Seattle Mariners,SEA,0,0,T-Mobile Park,2026-09-27T01:40:00Z,2026-09-27T01:40:00Z
mlb-824949,824949,2026-09-26,SCHEDULED,Houston Astros,HOU,Athletics,ATH,0,0,Sutter Health Park,2026-09-27T01:40:00Z,2026-09-27T01:40:00Z
mlb-822679,822679,2026-09-27,SCHEDULED,New York Mets,NYM,Washington Nationals,WSH,0,0,Nationals Park,2026-09-27T19:05:00Z,2026-09-27T19:05:00Z
mlb-823164,823164,2026-09-27,SCHEDULED,Los Angeles Dodgers,LAD,San Francisco Giants,SF,0,0,Oracle Park,2026-09-27T19:05:00Z,2026-09-27T19:05:00Z
mlb-823408,823408,2026-09-27,SCHEDULED,Tampa Bay Rays,TB,Philadelphia Phillies,PHI,0,0,Citizens Bank Park,2026-09-27T19:05:00Z,2026-09-27T19:05:00Z
mlb-824703,824703,2026-09-27,SCHEDULED,Chicago Cubs,CHC,Boston Red Sox,BOS,0,0,Fenway Park,2026-09-27T19:05:00Z,2026-09-27T19:05:00Z
mlb-824948,824948,2026-09-27,SCHEDULED,Houston Astros,HOU,Athletics,ATH,0,0,Sutter Health Park,2026-09-27T19:05:00Z,2026-09-27T19:05:00Z
mlb-822761,822761,2026-09-27,SCHEDULED,Cincinnati Reds,CIN,Toronto Blue Jays,TOR,0,0,Rogers Centre,2026-09-27T19:07:00Z,2026-09-27T19:07:00Z
mlb-823084,823084,2026-09-27,SCHEDULED,Los Angeles Angels,LAA,Seattle Mariners,SEA,0,0,T-Mobile Park,2026-09-27T19:10:00Z,2026-09-27T19:10:00Z
mlb-823246,823246,2026-09-27,SCHEDULED,Arizona Diamondbacks,ARI,San Diego Padres,SD,0,0,Petco Park,2026-09-27T19:10:00Z,2026-09-27T19:10:00Z
mlb-823650,823650,2026-09-27,SCHEDULED,Texas Rangers,TEX,Minnesota Twins,MIN,0,0,Target Field,2026-09-27T19:10:00Z,2026-09-27T19:10:00Z
mlb-823731,823731,2026-09-27,SCHEDULED,St. Louis Cardinals,STL,Milwaukee Brewers,MIL,0,0,American Family Field,2026-09-27T19:10:00Z,2026-09-27T19:10:00Z
mlb-823814,823814,2026-09-27,SCHEDULED,Atlanta Braves,ATL,Miami Marlins,MIA,0,0,loanDepot park,2026-09-27T19:10:00Z,2026-09-27T19:10:00Z
mlb-824055,824055,2026-09-27,SCHEDULED,Cleveland Guardians,CLE,Kansas City Royals,KC,0,0,Kauffman Stadium,2026-09-27T19:10:00Z,2026-09-27T19:10:00Z
mlb-824217,824217,2026-09-27,SCHEDULED,Pittsburgh Pirates,PIT,Detroit Tigers,DET,0,0,Comerica Park,2026-09-27T19:10:00Z,2026-09-27T19:10:00Z
mlb-824542,824542,2026-09-27,SCHEDULED,Colorado Rockies,COL,Chicago White Sox,CWS,0,0,Rate Field,2026-09-27T19:10:00Z,2026-09-27T19:10:00Z
mlb-823490,823490,2026-09-27,SCHEDULED,Baltimore Orioles,BAL,New York Yankees,NYY,0,0,Yankee Stadium,2026-09-27T19:20:00Z,2026-09-27T19:20:00Z
